DriverNumber,Abbreviation,Position,ClassifiedPosition,Points,Status,Laps,year,round,GridPosition,Q1_s,Q2_s,Q3_s,TeamName,EventName,finish_position,grid_position,q_best_time_s,q_gap_to_pole_s,rolling_finish_3,rolling_finish_5,constructor_rolling_5,circuit_historical_avg,dnf_rate_season,season_points_cumulative,fp2_avg_pace_s,fp2_pace_gap_to_best_s,q_delta_vs_teammate_s,teammate_rolling_finish_diff,reg_era,race_number,rank_label
44,HAM,1.0,1,25.0,Finished,56.0,2021,1,,90.617,90.085,89.385,Mercedes,Bahrain Grand Prix,1.0,20.0,89.385,0.38800000000000523,,,,,0.0,0.0,98.59385714285716,1.0825238095238348,-0.2009999999999934,,0,1,20
33,VER,2.0,2,18.0,Finished,56.0,2021,1,,90.499,90.318,88.997,Red Bull Racing,Bahrain Grand Prix,2.0,20.0,88.997,0.0,,,,,0.0,0.0,98.76945454545454,1.2581212121212104,-1.6620000000000061,,0,1,19
77,BOT,3.0,3,16.0,Finished,56.0,2021,1,,91.2,90.186,89.586,Mercedes,Bahrain Grand Prix,3.0,20.0,89.586,0.5889999999999986,,,,,0.0,0.0,99.52066666666666,2.0093333333333305,0.2009999999999934,,0,1,18
4,NOR,4.0,4,12.0,Finished,56.0,2021,1,,90.902,90.099,89.974,McLaren,Bahrain Grand Prix,4.0,20.0,89.974,0.9770000000000039,,,,,0.0,0.0,98.7211,1.209766666666681,0.046999999999997044,,0,1,17
11,PER,5.0,5,10.0,Finished,56.0,2021,1,,91.165,90.659,,Red Bull Racing,Bahrain Grand Prix,5.0,20.0,90.659,1.6620000000000061,,,,,0.0,0.0,98.78409090909088,1.2727575757575522,1.6620000000000061,,0,1,16
16,LEC,6.0,6,8.0,Finished,56.0,2021,1,,90.691,90.01,89.678,Ferrari,Bahrain Grand Prix,6.0,20.0,89.678,0.6809999999999974,,,,,0.0,0.0,99.205,1.6936666666666724,-0.33100000000000307,,0,1,15
3,RIC,7.0,7,6.0,Finished,56.0,2021,1,,90.795,90.222,89.927,McLaren,Bahrain Grand Prix,7.0,20.0,89.927,0.9300000000000068,,,,,0.0,0.0,98.92133333333334,1.4100000000000108,-0.046999999999997044,,0,1,14
55,SAI,8.0,8,4.0,Finished,56.0,2021,1,,91.653,90.009,90.215,Ferrari,Bahrain Grand Prix,8.0,20.0,90.009,1.0120000000000005,,,,,0.0,0.0,97.80733333333336,0.2960000000000349,0.33100000000000307,,0,1,13
22,TSU,9.0,9,2.0,Finished,56.0,2021,1,,90.607,91.203,,AlphaTauri,Bahrain Grand Prix,9.0,20.0,90.607,1.6099999999999994,,,,,0.0,0.0,98.268125,0.7567916666666719,0.7980000000000018,,0,1,12
18,STR,10.0,10,1.0,Finished,56.0,2021,1,,91.261,90.624,90.601,Aston Martin,Bahrain Grand Prix,10.0,20.0,90.601,1.6039999999999992,,,,,0.0,0.0,99.483,1.9716666666666782,-1.4549999999999983,,0,1,11
7,RAI,11.0,11,0.0,Finished,56.0,2021,1,,91.547,91.238,,Alfa Romeo Racing,Bahrain Grand Prix,11.0,20.0,91.238,2.2409999999999997,,,,,0.0,0.0,,,0.5300000000000011,,0,1,10
99,GIO,12.0,12,0.0,+1 Lap,55.0,2021,1,,90.998,90.708,,Alfa Romeo Racing,Bahrain Grand Prix,12.0,20.0,90.708,1.7109999999999985,,,,,0.0,0.0,99.30509090909092,1.7937575757575956,-0.5300000000000011,,0,1,9
31,OCO,13.0,13,0.0,+1 Lap,55.0,2021,1,,91.724,,,Alpine,Bahrain Grand Prix,13.0,20.0,91.724,2.727000000000004,,,,,0.0,0.0,99.53681818181818,2.025484848484851,1.4750000000000085,,0,1,8
63,RUS,14.0,14,0.0,+1 Lap,55.0,2021,1,,91.316,93.43,,Williams,Bahrain Grand Prix,14.0,20.0,91.316,2.3190000000000026,,,,,0.0,0.0,99.46871428571428,1.9573809523809587,-0.6200000000000045,,0,1,7
5,VET,15.0,15,0.0,+1 Lap,55.0,2021,1,,92.056,,,Aston Martin,Bahrain Grand Prix,15.0,20.0,92.056,3.0589999999999975,,,,,0.0,0.0,99.53777777777776,2.0264444444444365,1.4549999999999983,,0,1,6
47,MSC,16.0,16,0.0,+1 Lap,55.0,2021,1,,92.449,,,Haas F1 Team,Bahrain Grand Prix,16.0,20.0,92.449,3.451999999999998,,,,,0.0,0.0,100.866,3.354666666666674,-0.8239999999999981,,0,1,5
10,GAS,17.0,17,0.0,Retired,52.0,2021,1,,90.848,90.513,89.809,AlphaTauri,Bahrain Grand Prix,17.0,20.0,89.809,0.8119999999999976,,,,,0.0,0.0,97.51133333333333,0.0,-0.7980000000000018,,0,1,4
6,LAT,18.0,18,0.0,Retired,51.0,2021,1,,91.936,,,Williams,Bahrain Grand Prix,18.0,20.0,91.936,2.939000000000007,,,,,0.0,0.0,99.7435,2.2321666666666715,0.6200000000000045,,0,1,3
14,ALO,19.0,R,0.0,Brakes,32.0,2021,1,,90.863,90.595,90.249,Alpine,Bahrain Grand Prix,20.0,20.0,90.249,1.2519999999999953,,,,,0.0,0.0,99.15116666666668,1.6398333333333568,-1.4750000000000085,,0,1,1
9,MAZ,20.0,R,0.0,Accident,0.0,2021,1,,93.273,,,Haas F1 Team,Bahrain Grand Prix,20.0,20.0,93.273,4.275999999999996,,,,,0.0,0.0,101.722,4.210666666666668,0.8239999999999981,,0,1,1
33,VER,1.0,1,25.0,Finished,63.0,2021,2,,75.109,74.884,74.498,Red Bull Racing,Emilia Romagna Grand Prix,1.0,20.0,74.498,0.0870000000000033,2.0,2.0,3.5,,0.0,18.0,,,0.05200000000000671,-3.0,0,2,20
44,HAM,2.0,2,19.0,Finished,63.0,2021,2,,74.823,74.817,74.411,Mercedes,Emilia Romagna Grand Prix,2.0,20.0,74.411,0.0,1.0,1.0,2.0,,0.0,25.0,80.42850000000001,0.7715000000000174,-0.2609999999999957,-2.0,0,2,19
4,NOR,3.0,3,15.0,Finished,63.0,2021,2,,75.009,74.718,74.875,McLaren,Emilia Romagna Grand Prix,3.0,20.0,74.718,0.30700000000000216,4.0,4.0,5.5,,0.0,12.0,80.7158,1.058800000000005,-0.10799999999998988,-3.0,0,2,18
16,LEC,4.0,4,12.0,Finished,63.0,2021,2,,75.413,74.808,74.74,Ferrari,Emilia Romagna Grand Prix,4.0,20.0,74.74,0.3289999999999935,6.0,6.0,7.0,,0.0,8.0,79.826,0.16899999999999693,-0.4590000000000032,-2.0,0,2,17
55,SAI,5.0,5,10.0,Finished,63.0,2021,2,,75.406,75.199,,Ferrari,Emilia Romagna Grand Prix,5.0,20.0,75.199,0.7879999999999967,8.0,8.0,7.0,,0.0,4.0,80.72846153846154,1.0714615384615485,0.4590000000000032,2.0,0,2,16
3,RIC,6.0,6,8.0,Finished,63.0,2021,2,,75.669,75.033,74.826,McLaren,Emilia Romagna Grand Prix,6.0,20.0,74.826,0.41499999999999204,7.0,7.0,5.5,,0.0,6.0,101.656,21.99900000000001,0.10799999999998988,3.0,0,2,15
10,GAS,7.0,7,6.0,Finished,63.0,2021,2,,75.548,74.927,74.79,AlphaTauri,Emilia Romagna Grand Prix,7.0,20.0,74.79,0.3790000000000049,17.0,17.0,13.0,,1.0,0.0,80.24028571428572,0.5832857142857222,,8.0,0,2,14
18,STR,8.0,8,4.0,Finished,63.0,2021,2,,75.522,75.138,,Aston Martin,Emilia Romagna Grand Prix,8.0,20.0,75.138,0.7270000000000039,10.0,10.0,12.5,,0.0,1.0,81.33711111111111,1.6801111111111169,-0.2560000000000002,-5.0,0,2,13
31,OCO,9.0,9,2.0,Finished,63.0,2021,2,,75.385,75.117,75.21,Alpine,Emilia Romagna Grand Prix,9.0,20.0,75.117,0.7060000000000031,13.0,13.0,16.5,,0.0,0.0,80.57944444444445,0.9224444444444515,-0.4759999999999991,-7.0,0,2,12
14,ALO,10.0,10,1.0,Finished,63.0,2021,2,,75.832,75.593,,Alpine,Emilia Romagna Grand Prix,10.0,20.0,75.593,1.1820000000000022,20.0,20.0,16.5,,1.0,0.0,81.69944444444444,2.042444444444442,0.4759999999999991,7.0,0,2,11
11,PER,11.0,11,0.0,Finished,63.0,2021,2,,75.395,74.716,74.446,Red Bull Racing,Emilia Romagna Grand Prix,11.0,20.0,74.446,0.03499999999999659,5.0,5.0,3.5,,0.0,10.0,80.64775,0.9907500000000056,-0.05200000000000671,3.0,0,2,10
22,TSU,12.0,12,0.0,Finished,63.0,2021,2,,,,,AlphaTauri,Emilia Romagna Grand Prix,12.0,20.0,,,9.0,9.0,13.0,,0.0,2.0,80.31599999999999,0.6589999999999918,,-8.0,0,2,9
7,RAI,13.0,13,0.0,Finished,63.0,2021,2,,75.974,,,Alfa Romeo Racing,Emilia Romagna Grand Prix,13.0,20.0,75.974,1.5630000000000024,11.0,11.0,11.5,,0.0,0.0,81.31985714285715,1.662857142857149,-0.14799999999999613,-1.0,0,2,8
99,GIO,14.0,14,0.0,+1 Lap,62.0,2021,2,,76.122,,,Alfa Romeo Racing,Emilia Romagna Grand Prix,14.0,20.0,76.122,1.7109999999999985,12.0,12.0,11.5,,0.0,0.0,80.383,0.7259999999999991,0.14799999999999613,1.0,0,2,7
5,VET,15.0,15,0.0,Gearbox,61.0,2021,2,,75.459,75.394,,Aston Martin,Emilia Romagna Grand Prix,15.0,20.0,75.394,0.9830000000000041,15.0,15.0,12.5,,0.0,0.0,81.971,2.314000000000007,0.2560000000000002,5.0,0,2,6
47,MSC,16.0,16,0.0,+2 Laps,61.0,2021,2,,76.279,,,Haas F1 Team,Emilia Romagna Grand Prix,16.0,20.0,76.279,1.867999999999995,16.0,16.0,18.0,,0.0,0.0,81.80866666666667,2.151666666666671,-0.5180000000000007,-4.0,0,2,5
9,MAZ,17.0,17,0.0,+2 Laps,61.0,2021,2,,76.797,,,Haas F1 Team,Emilia Romagna Grand Prix,17.0,20.0,76.797,2.3859999999999957,20.0,20.0,18.0,,1.0,0.0,95.8114,16.15440000000001,0.5180000000000007,4.0,0,2,4
77,BOT,18.0,R,0.0,Collision,30.0,2021,2,,74.672,74.905,74.898,Mercedes,Emilia Romagna Grand Prix,20.0,20.0,74.672,0.2609999999999957,3.0,3.0,2.0,,0.0,16.0,79.657,0.0,0.2609999999999957,2.0,0,2,1
6,LAT,20.0,R,0.0,Collision,0.0,2021,2,,75.653,75.593,,Williams,Emilia Romagna Grand Prix,20.0,20.0,75.593,1.1820000000000022,18.0,18.0,16.0,,1.0,0.0,80.7946,1.1376000000000062,0.33200000000000784,4.0,0,2,1
63,RUS,19.0,R,0.0,Collision,30.0,2021,2,,75.826,75.261,,Williams,Emilia Romagna Grand Prix,20.0,20.0,75.261,0.8499999999999943,14.0,14.0,16.0,,0.0,0.0,80.94036363636364,1.2833636363636458,-0.33200000000000784,-4.0,0,2,1
44,HAM,1.0,1,25.0,Finished,66.0,2021,3,,78.857,77.968,78.355,Mercedes,Portuguese Grand Prix,1.0,20.0,77.968,0.0,1.5,1.5,6.5,,0.0,44.0,83.8265,0.5846999999999838,-0.37999999999999545,-10.0,0,3,20
33,VER,2.0,2,18.0,Finished,66.0,2021,3,,79.485,78.65,78.746,Red Bull Racing,Portuguese Grand Prix,2.0,20.0,78.65,0.6820000000000022,1.5,1.5,4.75,,0.0,43.0,86.94866666666667,3.706866666666656,-0.19499999999999318,-6.5,0,3,19
77,BOT,3.0,3,16.0,Finished,66.0,2021,3,,78.722,78.458,78.348,Mercedes,Portuguese Grand Prix,3.0,20.0,78.348,0.37999999999999545,11.5,11.5,6.5,,0.5,16.0,83.24180000000001,0.0,0.37999999999999545,10.0,0,3,18
11,PER,4.0,4,12.0,Finished,66.0,2021,3,,79.337,78.845,78.89,Red Bull Racing,Portuguese Grand Prix,4.0,20.0,78.845,0.8769999999999953,8.0,8.0,4.75,,0.0,10.0,85.28300000000002,2.0412000000000035,0.19499999999999318,6.5,0,3,17
4,NOR,5.0,5,10.0,Finished,66.0,2021,3,,78.794,78.481,79.116,McLaren,Portuguese Grand Prix,5.0,20.0,78.481,0.512999999999991,3.5,3.5,5.0,,0.0,27.0,84.54899999999999,1.3071999999999804,-1.358000000000004,-3.0,0,3,16
16,LEC,6.0,6,8.0,Finished,66.0,2021,3,,79.373,78.769,79.306,Ferrari,Portuguese Grand Prix,6.0,20.0,78.769,0.8010000000000019,5.0,5.0,5.75,,0.0,20.0,84.89900000000002,1.6572000000000031,-0.04399999999999693,-1.5,0,3,15
31,OCO,7.0,7,6.0,Finished,66.0,2021,3,,79.092,78.586,79.042,Alpine,Portuguese Grand Prix,7.0,20.0,78.586,0.617999999999995,11.0,11.0,13.0,,0.0,2.0,86.49275,3.250949999999989,-0.8700000000000045,-4.0,0,3,14
14,ALO,8.0,8,4.0,Finished,66.0,2021,3,,79.728,79.456,,Alpine,Portuguese Grand Prix,8.0,20.0,79.456,1.4879999999999995,15.0,15.0,13.0,,0.5,1.0,86.64984615384614,3.4080461538461293,0.8700000000000045,4.0,0,3,13
3,RIC,9.0,9,2.0,Finished,66.0,2021,3,,79.839,,,McLaren,Portuguese Grand Prix,9.0,20.0,79.839,1.8709999999999951,6.5,6.5,5.0,,0.0,14.0,87.97683333333333,4.73503333333332,1.358000000000004,3.0,0,3,12
10,GAS,10.0,10,1.0,Finished,66.0,2021,3,,79.464,79.052,79.475,AlphaTauri,Portuguese Grand Prix,10.0,20.0,79.052,1.0840000000000032,12.0,12.0,11.25,,0.5,6.0,84.63877777777778,1.3969777777777637,-0.41099999999998715,1.5,0,3,11
55,SAI,11.0,11,0.0,Finished,66.0,2021,3,,79.309,78.813,79.039,Ferrari,Portuguese Grand Prix,11.0,20.0,78.813,0.8449999999999989,6.5,6.5,5.75,,0.0,14.0,84.9358,1.6939999999999884,0.04399999999999693,1.5,0,3,10
99,GIO,12.0,12,0.0,+1 Lap,65.0,2021,3,,79.41,79.216,,Alfa Romeo Racing,Portuguese Grand Prix,12.0,20.0,79.216,1.2479999999999905,13.0,13.0,12.5,,0.0,0.0,87.829,4.5871999999999815,-0.5320000000000107,1.0,0,3,9
5,VET,13.0,13,0.0,+1 Lap,65.0,2021,3,,79.403,78.97,79.659,Aston Martin,Portuguese Grand Prix,13.0,20.0,78.97,1.0019999999999953,15.0,15.0,12.0,,0.5,0.0,84.65992307692305,1.4181230769230382,-0.9429999999999978,6.0,0,3,8
18,STR,14.0,14,0.0,+1 Lap,65.0,2021,3,,79.913,,,Aston Martin,Portuguese Grand Prix,14.0,20.0,79.913,1.9449999999999932,9.0,9.0,12.0,,0.0,5.0,85.22257142857143,1.9807714285714155,0.9429999999999978,-6.0,0,3,7
22,TSU,15.0,15,0.0,+1 Lap,65.0,2021,3,,79.684,79.463,,AlphaTauri,Portuguese Grand Prix,15.0,20.0,79.463,1.4949999999999903,10.5,10.5,11.25,,0.0,2.0,84.33371428571427,1.0919142857142532,0.41099999999998715,-1.5,0,3,6
63,RUS,16.0,16,0.0,+1 Lap,65.0,2021,3,,79.797,79.109,,Williams,Portuguese Grand Prix,16.0,20.0,79.109,1.1409999999999911,17.0,17.0,18.0,,0.5,0.0,87.89008333333334,4.648283333333325,-1.176000000000002,-2.0,0,3,5
47,MSC,17.0,17,0.0,+2 Laps,64.0,2021,3,,80.452,,,Haas F1 Team,Portuguese Grand Prix,17.0,20.0,80.452,2.4839999999999947,16.0,16.0,17.25,,0.0,0.0,87.078625,3.8368249999999904,-0.46000000000000796,-2.5,0,3,4
6,LAT,18.0,18,0.0,+2 Laps,64.0,2021,3,,80.285,,,Williams,Portuguese Grand Prix,18.0,20.0,80.285,2.316999999999993,19.0,19.0,18.0,,1.0,0.0,88.11453846153846,4.872738461538447,1.176000000000002,2.0,0,3,3
9,MAZ,19.0,19,0.0,+2 Laps,64.0,2021,3,,80.912,,,Haas F1 Team,Portuguese Grand Prix,19.0,20.0,80.912,2.9440000000000026,18.5,18.5,17.25,,0.5,0.0,86.166,2.924199999999985,0.46000000000000796,2.5,0,3,2
7,RAI,20.0,R,0.0,Collision damage,1.0,2021,3,,79.748,79.812,,Alfa Romeo Racing,Portuguese Grand Prix,20.0,20.0,79.748,1.7800000000000011,12.0,12.0,12.5,,0.0,0.0,88.4952,5.253399999999985,0.5320000000000107,-1.0,0,3,1
44,HAM,1.0,1,25.0,Finished,66.0,2021,4,,78.245,77.166,76.741,Mercedes,Spanish Grand Prix,1.0,20.0,76.741,0.0,1.3333333333333333,1.3333333333333333,5.0,,0.0,69.0,83.3017142857143,0.0,-0.132000000000005,-7.333333333333333,0,4,20
33,VER,2.0,2,19.0,Finished,66.0,2021,4,,78.09,76.922,76.777,Red Bull Racing,Spanish Grand Prix,2.0,20.0,76.777,0.036000000000001364,1.6666666666666667,1.6666666666666667,4.166666666666667,,0.0,61.0,84.405,1.103285714285704,-0.8919999999999959,-5.0,0,4,19
77,BOT,3.0,3,15.0,Finished,66.0,2021,4,,78.005,77.142,76.873,Mercedes,Spanish Grand Prix,3.0,20.0,76.873,0.132000000000005,8.666666666666666,8.666666666666666,5.0,,0.3333333333333333,32.0,83.3585,0.05678571428570933,0.132000000000005,7.333333333333333,0,4,18
16,LEC,4.0,4,12.0,Finished,66.0,2021,4,,78.041,77.717,77.51,Ferrari,Spanish Grand Prix,4.0,20.0,77.51,0.7690000000000055,5.333333333333333,5.333333333333333,6.666666666666667,,0.0,28.0,84.17666666666668,0.8749523809523794,-0.10999999999999943,-2.666666666666667,0,4,17
11,PER,5.0,5,10.0,Finished,66.0,2021,4,,78.203,77.669,77.701,Red Bull Racing,Spanish Grand Prix,5.0,20.0,77.669,0.9279999999999973,6.666666666666667,6.666666666666667,4.166666666666667,,0.0,22.0,85.13977777777778,1.8380634920634833,0.8919999999999959,5.0,0,4,16
3,RIC,6.0,6,8.0,Finished,66.0,2021,4,,78.264,77.719,77.622,McLaren,Spanish Grand Prix,6.0,20.0,77.622,0.8810000000000002,7.333333333333333,7.333333333333333,5.666666666666667,,0.0,16.0,84.82114285714286,1.5194285714285627,-0.07399999999999807,3.333333333333333,0,4,15
55,SAI,7.0,7,6.0,Finished,66.0,2021,4,,78.205,77.656,77.62,Ferrari,Spanish Grand Prix,7.0,20.0,77.62,0.8790000000000049,8.0,8.0,6.666666666666667,,0.0,14.0,84.4910909090909,1.189376623376603,0.10999999999999943,2.666666666666667,0,4,14
4,NOR,8.0,8,4.0,+1 Lap,65.0,2021,4,,77.821,77.696,78.01,McLaren,Spanish Grand Prix,8.0,20.0,77.696,0.9549999999999983,4.0,4.0,5.666666666666667,,0.0,37.0,84.75000000000001,1.448285714285717,0.07399999999999807,-3.333333333333333,0,4,13
31,OCO,9.0,9,2.0,+1 Lap,65.0,2021,4,,78.281,77.743,77.58,Alpine,Spanish Grand Prix,9.0,20.0,77.58,0.8389999999999986,9.666666666666666,9.666666666666666,11.166666666666666,,0.0,8.0,84.43215384615384,1.130439560439541,-0.3859999999999957,-3.0,0,4,12
10,GAS,10.0,10,1.0,+1 Lap,65.0,2021,4,,78.19,77.982,,AlphaTauri,Spanish Grand Prix,10.0,20.0,77.982,1.2409999999999997,11.333333333333334,11.333333333333334,11.666666666666666,,0.3333333333333333,7.0,84.078,0.7762857142857058,-0.5739999999999981,-0.6666666666666661,0,4,11
18,STR,11.0,11,0.0,+1 Lap,65.0,2021,4,,78.241,77.974,,Aston Martin,Spanish Grand Prix,11.0,20.0,77.974,1.233000000000004,10.666666666666666,10.666666666666666,12.5,,0.0,5.0,84.57383333333334,1.272119047619043,-0.10499999999998977,-3.666666666666668,0,4,10
7,RAI,12.0,12,0.0,+1 Lap,65.0,2021,4,,78.917,,,Alfa Romeo Racing,Spanish Grand Prix,12.0,20.0,78.917,2.176000000000002,14.666666666666666,14.666666666666666,13.666666666666666,,0.3333333333333333,0.0,86.6205,3.31878571428571,0.561000000000007,2.0,0,4,9
5,VET,13.0,13,0.0,+1 Lap,65.0,2021,4,,78.289,78.079,,Aston Martin,Spanish Grand Prix,13.0,20.0,78.079,1.3379999999999939,14.333333333333334,14.333333333333334,12.5,,0.3333333333333333,0.0,84.58878571428572,1.2870714285714229,0.10499999999998977,3.666666666666668,0,4,8
63,RUS,14.0,14,0.0,+1 Lap,65.0,2021,4,,78.445,79.154,,Williams,Spanish Grand Prix,14.0,20.0,78.445,1.7039999999999935,16.666666666666668,16.666666666666668,17.666666666666668,,0.3333333333333333,0.0,84.92391666666667,1.6222023809523733,-0.7740000000000009,-2.0,0,4,7
99,GIO,15.0,15,0.0,+1 Lap,65.0,2021,4,,78.549,78.356,,Alfa Romeo Racing,Spanish Grand Prix,15.0,20.0,78.356,1.6149999999999949,12.666666666666666,12.666666666666666,13.666666666666666,,0.0,0.0,84.80850000000001,1.5067857142857122,-0.561000000000007,-2.0,0,4,6
6,LAT,16.0,16,0.0,+1 Lap,65.0,2021,4,,79.219,,,Williams,Spanish Grand Prix,16.0,20.0,79.219,2.4779999999999944,18.666666666666668,18.666666666666668,17.666666666666668,,0.6666666666666666,0.0,85.57709090909091,2.2753766233766157,0.7740000000000009,2.0,0,4,5
14,ALO,17.0,17,0.0,+1 Lap,65.0,2021,4,,78.281,77.966,78.147,Alpine,Spanish Grand Prix,17.0,20.0,77.966,1.2249999999999943,12.666666666666666,12.666666666666666,11.166666666666666,,0.3333333333333333,5.0,84.29407692307691,0.9923626373626178,0.3859999999999957,3.0,0,4,4
47,MSC,18.0,18,0.0,+2 Laps,64.0,2021,4,,79.117,,,Haas F1 Team,Spanish Grand Prix,18.0,20.0,79.117,2.3760000000000048,16.333333333333332,16.333333333333332,17.5,,0.0,0.0,85.68866666666666,2.3869523809523656,-0.6899999999999977,-2.3333333333333357,0,4,3
9,MAZ,19.0,19,0.0,+2 Laps,64.0,2021,4,,79.807,,,Haas F1 Team,Spanish Grand Prix,19.0,20.0,79.807,3.0660000000000025,18.666666666666668,18.666666666666668,17.5,,0.3333333333333333,0.0,86.08924999999999,2.7875357142856956,0.6899999999999977,2.3333333333333357,0,4,2
22,TSU,20.0,R,0.0,Electrical,6.0,2021,4,,78.556,,,AlphaTauri,Spanish Grand Prix,20.0,20.0,78.556,1.8149999999999977,12.0,12.0,11.666666666666666,,0.0,2.0,84.17575,0.8740357142856965,0.5739999999999981,0.6666666666666661,0,4,1
33,VER,1.0,1,25.0,Finished,78.0,2021,5,,71.124,70.65,70.576,Red Bull Racing,Monaco Grand Prix,1.0,20.0,70.576,0.22999999999998977,1.6666666666666667,1.75,4.0,,0.0,80.0,79.82800000000002,3.2376666666666836,-0.44300000000001205,-4.5,0,5,20
55,SAI,2.0,2,18.0,Finished,78.0,2021,5,,71.324,70.806,70.611,Ferrari,Monaco Grand Prix,2.0,20.0,70.611,0.26500000000000057,7.666666666666667,7.75,6.375,,0.0,20.0,80.08316666666667,3.492833333333337,0.26500000000000057,2.75,0,5,19
4,NOR,3.0,3,15.0,Finished,78.0,2021,5,,71.321,71.031,70.62,McLaren,Monaco Grand Prix,3.0,20.0,70.62,0.2740000000000009,5.333333333333333,5.0,6.0,,0.0,41.0,83.33587499999999,6.745541666666654,-0.9779999999999944,-2.0,0,5,18
11,PER,4.0,4,12.0,Finished,78.0,2021,5,,71.644,71.019,71.573,Red Bull Racing,Monaco Grand Prix,4.0,20.0,71.019,0.6730000000000018,6.666666666666667,6.25,4.0,,0.0,32.0,82.38225,5.7919166666666655,0.44300000000001205,4.5,0,5,17
5,VET,5.0,5,10.0,Finished,78.0,2021,5,,72.078,71.309,71.419,Aston Martin,Monaco Grand Prix,5.0,20.0,71.309,0.9629999999999939,13.666666666666666,14.0,12.375,,0.25,0.0,81.35366666666665,4.763333333333321,-0.2909999999999968,3.25,0,5,16
10,GAS,6.0,6,8.0,Finished,78.0,2021,5,,71.56,71.179,70.9,AlphaTauri,Monaco Grand Prix,6.0,20.0,70.9,0.554000000000002,9.0,11.0,12.5,,0.25,8.0,79.525,2.934666666666672,-1.195999999999998,-3.0,0,5,15
44,HAM,7.0,7,7.0,Finished,78.0,2021,5,,71.622,71.116,71.095,Mercedes,Monaco Grand Prix,7.0,20.0,71.095,0.7489999999999952,1.3333333333333333,1.25,4.25,,0.0,94.0,84.63522222222223,8.044888888888892,0.4939999999999998,-6.0,0,5,14
18,STR,8.0,8,4.0,+1 Lap,77.0,2021,5,,71.979,71.6,,Aston Martin,Monaco Grand Prix,8.0,20.0,71.6,1.2539999999999907,11.0,10.75,12.375,,0.0,5.0,81.22933333333333,4.638999999999996,0.2909999999999968,-3.25,0,5,13
31,OCO,9.0,9,2.0,+1 Lap,77.0,2021,5,,71.74,71.486,,Alpine,Monaco Grand Prix,9.0,20.0,71.486,1.1400000000000006,8.333333333333334,9.5,11.625,,0.0,10.0,78.20233333333333,1.6119999999999948,-0.7189999999999941,-4.25,0,5,12
99,GIO,10.0,10,1.0,+1 Lap,77.0,2021,5,,71.658,71.409,71.779,Alfa Romeo Racing,Monaco Grand Prix,10.0,20.0,71.409,1.0630000000000024,13.666666666666666,13.25,13.625,,0.0,0.0,76.59033333333333,0.0,-0.23299999999998988,-0.75,0,5,11
7,RAI,11.0,11,0.0,+1 Lap,77.0,2021,5,,71.899,71.642,,Alfa Romeo Racing,Monaco Grand Prix,11.0,20.0,71.642,1.2959999999999923,15.0,14.0,13.625,,0.25,0.0,78.61785714285713,2.0275238095237995,0.23299999999998988,0.75,0,5,10
3,RIC,12.0,12,0.0,+1 Lap,77.0,2021,5,,71.747,71.598,,McLaren,Monaco Grand Prix,12.0,20.0,71.598,1.2519999999999953,7.0,7.0,6.0,,0.0,24.0,79.73425,3.1439166666666694,0.9779999999999944,2.0,0,5,9
14,ALO,13.0,13,0.0,+1 Lap,77.0,2021,5,,72.205,,,Alpine,Monaco Grand Prix,13.0,20.0,72.205,1.8589999999999947,11.666666666666666,13.75,11.625,,0.25,5.0,78.89875,2.3084166666666732,0.7189999999999941,4.25,0,5,8
63,RUS,14.0,14,0.0,+1 Lap,77.0,2021,5,,72.016,71.83,,Williams,Monaco Grand Prix,14.0,20.0,71.83,1.4839999999999947,16.666666666666668,16.0,17.0,,0.25,0.0,77.83699999999999,1.2466666666666555,-0.5360000000000014,-2.0,0,5,7
6,LAT,15.0,15,0.0,+1 Lap,77.0,2021,5,,72.366,,,Williams,Monaco Grand Prix,15.0,20.0,72.366,2.019999999999996,18.0,18.0,17.0,,0.5,0.0,77.78144444444443,1.1911111111110984,0.5360000000000014,2.0,0,5,6
22,TSU,16.0,16,0.0,+1 Lap,77.0,2021,5,,72.096,,,AlphaTauri,Monaco Grand Prix,16.0,20.0,72.096,1.75,15.666666666666666,14.0,12.5,,0.25,2.0,81.7195,5.129166666666663,1.195999999999998,3.0,0,5,5
9,MAZ,17.0,17,0.0,+3 Laps,75.0,2021,5,,72.958,,,Haas F1 Team,Monaco Grand Prix,17.0,20.0,72.958,2.6119999999999948,18.333333333333332,18.75,17.75,,0.25,0.0,78.652,2.0616666666666674,,2.0,0,5,4
47,MSC,18.0,18,0.0,+3 Laps,75.0,2021,5,,,,,Haas F1 Team,Monaco Grand Prix,18.0,20.0,,,17.0,16.75,17.75,,0.0,0.0,77.75533333333334,1.1650000000000063,,-2.0,0,5,3
77,BOT,19.0,R,0.0,Wheel nut,29.0,2021,5,,70.938,70.695,70.601,Mercedes,Monaco Grand Prix,20.0,20.0,70.601,0.25499999999999545,8.666666666666666,7.25,4.25,,0.25,47.0,78.09471428571429,1.5043809523809557,-0.4939999999999998,6.0,0,5,1
16,LEC,20.0,W,0.0,Driveshaft,0.0,2021,5,,71.113,70.597,70.346,Ferrari,Monaco Grand Prix,20.0,20.0,70.346,0.0,4.666666666666667,5.0,6.375,,0.0,40.0,82.0126923076923,5.422358974358971,-0.26500000000000057,-2.75,0,5,1
11,PER,1.0,1,25.0,Finished,51.0,2021,6,,101.968,101.63,101.917,Red Bull Racing,Azerbaijan Grand Prix,1.0,20.0,101.63,0.41199999999999193,4.333333333333333,5.8,3.7,,0.0,44.0,106.94287500000002,0.0,0.06699999999999307,4.199999999999999,0,6,20
5,VET,2.0,2,18.0,Finished,51.0,2021,6,,102.46,102.224,,Aston Martin,Azerbaijan Grand Prix,2.0,20.0,102.224,1.0060000000000002,10.333333333333334,12.2,11.2,,0.2,10.0,107.92725,0.9843749999999858,,2.0,0,6,19
10,GAS,3.0,3,15.0,Finished,51.0,2021,6,,102.288,101.932,101.565,AlphaTauri,Azerbaijan Grand Prix,3.0,20.0,101.565,0.3469999999999942,8.666666666666666,10.0,12.2,,0.2,16.0,107.79366666666668,0.850791666666666,-0.08899999999999864,-4.4,0,6,18
16,LEC,4.0,4,12.0,Finished,51.0,2021,6,,102.241,101.659,101.218,Ferrari,Azerbaijan Grand Prix,4.0,20.0,101.218,0.0,10.0,8.0,7.3,,0.2,40.0,109.9096,2.9667249999999825,-0.3579999999999899,1.4000000000000004,0,6,17
4,NOR,5.0,5,10.0,Finished,51.0,2021,6,,102.167,101.813,101.747,McLaren,Azerbaijan Grand Prix,5.0,20.0,101.747,0.5289999999999964,5.333333333333333,4.6,6.3,,0.0,56.0,108.032,1.0891249999999815,-0.5570000000000022,-3.4000000000000004,0,6,16
14,ALO,6.0,6,8.0,Finished,51.0,2021,6,,102.934,102.195,102.327,Alpine,Azerbaijan Grand Prix,6.0,20.0,102.195,0.9769999999999897,12.666666666666666,13.6,11.5,,0.2,5.0,108.50825,1.5653749999999889,-0.07800000000000296,4.199999999999999,0,6,15
22,TSU,7.0,7,6.0,Finished,51.0,2021,6,,102.521,101.654,102.211,AlphaTauri,Azerbaijan Grand Prix,7.0,20.0,101.654,0.43599999999999284,17.0,14.4,12.2,,0.2,2.0,112.18975,5.246874999999989,0.08899999999999864,4.4,0,6,14
55,SAI,8.0,8,4.0,Finished,51.0,2021,6,,102.121,101.74,101.576,Ferrari,Azerbaijan Grand Prix,8.0,20.0,101.576,0.3579999999999899,6.666666666666667,6.6,7.3,,0.0,38.0,108.20425,1.2613749999999868,0.3579999999999899,-1.4000000000000004,0,6,13
3,RIC,9.0,9,2.0,Finished,51.0,2021,6,,102.304,102.558,,McLaren,Azerbaijan Grand Prix,9.0,20.0,102.304,1.0859999999999985,9.0,8.0,6.3,,0.0,24.0,107.85075,0.90787499999999,0.5570000000000022,3.4000000000000004,0,6,12
7,RAI,10.0,10,1.0,Finished,51.0,2021,6,,102.923,102.587,,Alfa Romeo Racing,Azerbaijan Grand Prix,10.0,20.0,102.587,1.3689999999999998,14.333333333333334,13.4,13.0,,0.2,0.0,109.18857142857144,2.2456964285714207,,0.8000000000000007,0,6,11
99,GIO,11.0,11,0.0,Finished,51.0,2021,6,,,,,Alfa Romeo Racing,Azerbaijan Grand Prix,11.0,20.0,,,12.333333333333334,12.6,13.0,,0.0,1.0,108.95228571428572,2.009410714285707,,-0.8000000000000007,0,6,10
77,BOT,12.0,12,0.0,Finished,51.0,2021,6,,102.701,102.106,102.659,Mercedes,Azerbaijan Grand Prix,12.0,20.0,102.106,0.887999999999991,8.666666666666666,9.8,6.1,,0.4,47.0,111.927,4.984124999999992,0.6559999999999917,7.4,0,6,9
47,MSC,13.0,13,0.0,Finished,51.0,2021,6,,104.158,,,Haas F1 Team,Azerbaijan Grand Prix,13.0,20.0,104.158,2.9399999999999977,17.666666666666668,17.0,17.7,,0.0,0.0,,,-0.0799999999999983,-1.3999999999999986,0,6,8
9,MAZ,14.0,14,0.0,Finished,51.0,2021,6,,104.238,,,Haas F1 Team,Azerbaijan Grand Prix,14.0,20.0,104.238,3.019999999999996,18.333333333333332,18.4,17.7,,0.2,0.0,109.58275,2.6398749999999893,0.0799999999999983,1.3999999999999986,0,6,7
44,HAM,15.0,15,0.0,Finished,51.0,2021,6,,101.545,101.634,101.45,Mercedes,Azerbaijan Grand Prix,15.0,20.0,101.45,0.23199999999999932,3.0,2.4,6.1,,0.0,101.0,108.32885714285716,1.385982142857145,-0.6559999999999917,-7.4,0,6,6
6,LAT,16.0,16,0.0,Finished,51.0,2021,6,,103.128,,,Williams,Azerbaijan Grand Prix,16.0,20.0,103.128,1.9099999999999966,16.333333333333332,17.4,16.5,,0.4,0.0,,,0.4000000000000057,1.799999999999999,0,6,5
31,OCO,20.0,R,0.0,Turbo,3.0,2021,6,,102.426,102.273,,Alpine,Azerbaijan Grand Prix,20.0,20.0,102.273,1.0549999999999926,8.333333333333334,9.4,11.5,,0.0,12.0,108.921,1.9781249999999915,0.07800000000000296,-4.199999999999999,0,6,1
63,RUS,17.0,R,0.0,Gearbox,48.0,2021,6,,102.728,102.758,,Williams,Azerbaijan Grand Prix,20.0,20.0,102.728,1.509999999999991,14.666666666666666,15.6,16.5,,0.2,0.0,110.00455555555556,3.06168055555554,-0.4000000000000057,-1.799999999999999,0,6,1
18,STR,19.0,R,0.0,Accident,29.0,2021,6,,,,,Aston Martin,Azerbaijan Grand Prix,20.0,20.0,,,11.0,10.2,11.2,,0.0,9.0,108.10742857142856,1.1645535714285415,,-2.0,0,6,1
33,VER,18.0,R,0.0,Accident,45.0,2021,6,,101.76,101.625,101.563,Red Bull Racing,Azerbaijan Grand Prix,20.0,20.0,101.563,0.34499999999999886,1.6666666666666667,1.6,3.7,,0.0,105.0,109.66871428571427,2.725839285714258,-0.06699999999999307,-4.199999999999999,0,6,1
33,VER,1.0,1,26.0,Finished,53.0,2021,7,,91.001,91.08,89.99,Red Bull Racing,French Grand Prix,1.0,20.0,89.99,0.0,7.666666666666667,5.2,5.1,,0.16666666666666666,105.0,98.31875,0.16594999999999516,-0.4549999999999983,0.20000000000000018,0,7,20
44,HAM,2.0,2,18.0,Finished,53.0,2021,7,,91.237,90.788,90.248,Mercedes,French Grand Prix,2.0,20.0,90.248,0.2580000000000098,7.666666666666667,5.2,8.4,,0.0,101.0,99.882,1.7292000000000058,-0.1280000000000001,-6.3999999999999995,0,7,19
11,PER,3.0,3,15.0,Finished,53.0,2021,7,,91.56,90.971,90.445,Red Bull Racing,French Grand Prix,3.0,20.0,90.445,0.4549999999999983,3.3333333333333335,5.0,5.1,,0.0,69.0,99.189125,1.036325000000005,0.4549999999999983,-0.20000000000000018,0,7,18
77,BOT,4.0,4,12.0,Finished,53.0,2021,7,,91.669,90.735,90.376,Mercedes,French Grand Prix,4.0,20.0,90.376,0.3860000000000099,11.666666666666666,11.6,8.4,,0.3333333333333333,47.0,98.1528,0.0,0.1280000000000001,6.3999999999999995,0,7,17
4,NOR,5.0,5,10.0,Finished,53.0,2021,7,,91.733,91.542,91.252,McLaren,French Grand Prix,5.0,20.0,91.252,1.2620000000000005,5.333333333333333,4.8,6.6,,0.0,66.0,100.00885714285714,1.8560571428571393,-0.13000000000000966,-3.6000000000000005,0,7,16
3,RIC,6.0,6,8.0,Finished,53.0,2021,7,,92.181,91.615,91.382,McLaren,French Grand Prix,6.0,20.0,91.382,1.3920000000000101,9.0,8.4,6.6,,0.0,26.0,100.13075,1.977950000000007,0.13000000000000966,3.6000000000000005,0,7,15
10,GAS,7.0,7,6.0,Finished,53.0,2021,7,,91.898,91.353,90.868,AlphaTauri,French Grand Prix,7.0,20.0,90.868,0.8780000000000001,6.333333333333333,7.2,10.6,,0.16666666666666666,31.0,99.2096,1.0567999999999955,,-6.8,0,7,14
14,ALO,8.0,8,4.0,Finished,53.0,2021,7,,92.158,91.549,91.34,Alpine,French Grand Prix,8.0,20.0,91.34,1.3500000000000085,12.0,10.8,10.8,,0.16666666666666666,13.0,98.557625,0.40482500000000243,-0.3960000000000008,0.0,0,7,13
5,VET,9.0,9,2.0,Finished,53.0,2021,7,,92.132,91.767,,Aston Martin,French Grand Prix,9.0,20.0,91.767,1.777000000000001,6.666666666666667,9.6,10.9,,0.16666666666666666,28.0,99.413,1.2601999999999975,,-2.5999999999999996,0,7,12
18,STR,10.0,10,1.0,Finished,53.0,2021,7,,,,,Aston Martin,French Grand Prix,10.0,20.0,,,13.0,12.2,10.9,,0.16666666666666666,9.0,100.20177777777778,2.048977777777779,,2.5999999999999996,0,7,11
55,SAI,11.0,11,0.0,Finished,53.0,2021,7,,92.079,91.146,90.84,Ferrari,French Grand Prix,11.0,20.0,90.84,0.8500000000000085,5.666666666666667,6.6,7.1,,0.0,42.0,98.22566666666668,0.07286666666668395,-0.14699999999999136,-1.0,0,7,10
63,RUS,12.0,12,0.0,+1 Lap,52.0,2021,7,,93.06,92.065,,Williams,French Grand Prix,12.0,20.0,92.065,2.075000000000003,16.0,16.8,16.9,,0.3333333333333333,0.0,99.60044444444443,1.4476444444444354,-0.9969999999999999,-0.1999999999999993,0,7,9
22,TSU,13.0,13,0.0,+1 Lap,52.0,2021,7,,,,,AlphaTauri,French Grand Prix,13.0,20.0,,,14.333333333333334,14.0,10.6,,0.16666666666666666,8.0,99.2414,1.0885999999999996,,6.8,0,7,8
31,OCO,14.0,14,0.0,+1 Lap,52.0,2021,7,,92.139,91.736,,Alpine,French Grand Prix,14.0,20.0,91.736,1.7460000000000093,12.666666666666666,10.8,10.8,,0.16666666666666666,12.0,99.366,1.2132000000000005,0.3960000000000008,0.0,0,7,7
99,GIO,15.0,15,0.0,+1 Lap,52.0,2021,7,,92.722,91.813,,Alfa Romeo Racing,French Grand Prix,15.0,20.0,91.813,1.8230000000000075,12.0,12.4,12.8,,0.0,1.0,99.6825,1.5297000000000054,-1.5409999999999968,-0.7999999999999989,0,7,6
16,LEC,16.0,16,0.0,+1 Lap,52.0,2021,7,,92.209,91.567,90.987,Ferrari,French Grand Prix,16.0,20.0,90.987,0.9969999999999999,9.333333333333334,7.6,7.1,,0.16666666666666666,52.0,99.2926,1.139799999999994,0.14699999999999136,1.0,0,7,5
7,RAI,17.0,17,0.0,+1 Lap,52.0,2021,7,,93.354,,,Alfa Romeo Racing,French Grand Prix,17.0,20.0,93.354,3.3640000000000043,11.0,13.2,12.8,,0.16666666666666666,1.0,100.03675,1.8839499999999987,1.5409999999999968,0.7999999999999989,0,7,4
6,LAT,18.0,18,0.0,+1 Lap,52.0,2021,7,,93.062,,,Williams,French Grand Prix,18.0,20.0,93.062,3.0720000000000027,15.666666666666666,17.0,16.9,,0.3333333333333333,0.0,99.99388888888888,1.8410888888888763,0.9969999999999999,0.1999999999999993,0,7,3
47,MSC,19.0,19,0.0,+1 Lap,52.0,2021,7,,92.942,,,Haas F1 Team,French Grand Prix,19.0,20.0,92.942,2.951999999999998,16.333333333333332,16.4,16.8,,0.0,0.0,101.043625,2.8908250000000066,-0.612000000000009,-0.8000000000000007,0,7,2
9,MAZ,20.0,20,0.0,+1 Lap,52.0,2021,7,,93.554,,,Haas F1 Team,French Grand Prix,20.0,20.0,93.554,3.564000000000007,16.666666666666668,17.2,16.8,,0.16666666666666666,0.0,103.24016666666668,5.087366666666682,0.612000000000009,0.8000000000000007,0,7,1
33,VER,1.0,1,25.0,Finished,71.0,2021,8,,64.489,64.433,63.841,Red Bull Racing,Styrian Grand Prix,1.0,20.0,63.841,0.0,7.333333333333333,5.2,4.3,,0.14285714285714285,131.0,71.727,1.9073333333333267,-0.3270000000000053,1.8000000000000003,0,8,20
44,HAM,2.0,2,19.0,Finished,71.0,2021,8,,64.672,64.512,64.067,Mercedes,Styrian Grand Prix,2.0,20.0,64.067,0.22599999999999199,8.0,5.2,6.8,,0.0,119.0,70.72330000000001,0.9036333333333317,0.031999999999996476,-3.2,0,8,19
77,BOT,3.0,3,15.0,Finished,71.0,2021,8,,64.537,64.443,64.035,Mercedes,Styrian Grand Prix,3.0,20.0,64.035,0.1939999999999955,12.0,8.4,6.8,,0.2857142857142857,59.0,69.81966666666668,0.0,-0.031999999999996476,3.2,0,8,18
11,PER,4.0,4,12.0,Finished,71.0,2021,8,,64.638,64.197,64.168,Red Bull Racing,Styrian Grand Prix,4.0,20.0,64.168,0.3270000000000053,2.6666666666666665,3.4,4.3,,0.0,84.0,69.93260000000001,0.11293333333333067,0.3270000000000053,-1.8000000000000003,0,8,17
4,NOR,5.0,5,10.0,+1 Lap,70.0,2021,8,,64.584,64.298,64.12,McLaren,Styrian Grand Prix,5.0,20.0,64.12,0.27900000000000347,4.333333333333333,5.2,6.8,,0.0,76.0,70.35888235294118,0.5392156862745026,-0.6880000000000024,-3.2,0,8,16
55,SAI,6.0,6,8.0,+1 Lap,70.0,2021,8,,64.859,64.8,,Ferrari,Styrian Grand Prix,6.0,20.0,64.8,0.9589999999999961,7.0,7.8,8.9,,0.0,42.0,74.05052380952381,4.230857142857133,0.32800000000000296,-2.2,0,8,15
16,LEC,7.0,7,6.0,+1 Lap,70.0,2021,8,,64.745,64.646,64.472,Ferrari,Styrian Grand Prix,7.0,20.0,64.472,0.6309999999999931,13.333333333333334,10.0,8.9,,0.14285714285714285,52.0,70.1510625,0.33139583333331757,-0.32800000000000296,2.2,0,8,14
18,STR,8.0,8,4.0,+1 Lap,70.0,2021,8,,64.821,64.663,64.708,Aston Martin,Styrian Grand Prix,8.0,20.0,64.663,0.8219999999999956,12.666666666666666,12.6,10.5,,0.14285714285714285,10.0,71.24171428571428,1.4220476190476035,-0.2120000000000033,4.199999999999999,0,8,13
14,ALO,9.0,9,2.0,+1 Lap,70.0,2021,8,,64.971,64.582,64.574,Alpine,Styrian Grand Prix,9.0,20.0,64.574,0.732999999999997,9.0,10.4,11.1,,0.14285714285714285,17.0,70.67513333333333,0.8554666666666577,-0.6430000000000007,-1.4000000000000004,0,8,12
22,TSU,10.0,10,1.0,+1 Lap,70.0,2021,8,,64.608,64.631,64.514,AlphaTauri,Styrian Grand Prix,10.0,20.0,64.514,0.6729999999999947,12.0,14.2,10.7,,0.14285714285714285,8.0,70.44315384615385,0.6234871794871708,0.2779999999999916,6.999999999999999,0,8,11
7,RAI,11.0,11,0.0,+1 Lap,70.0,2021,8,,65.429,,,Alfa Romeo Racing,Styrian Grand Prix,11.0,20.0,65.429,1.588000000000001,12.666666666666666,14.0,13.3,,0.14285714285714285,1.0,70.60408333333335,0.7844166666666723,0.5160000000000053,1.4000000000000004,0,8,10
5,VET,12.0,12,0.0,+1 Lap,70.0,2021,8,,65.051,64.875,,Aston Martin,Styrian Grand Prix,12.0,20.0,64.875,1.033999999999999,5.333333333333333,8.4,10.5,,0.14285714285714285,30.0,71.14546153846153,1.3257948717948551,0.2120000000000033,-4.199999999999999,0,8,9
3,RIC,13.0,13,0.0,+1 Lap,70.0,2021,8,,65.142,64.808,,McLaren,Styrian Grand Prix,13.0,20.0,64.808,0.9670000000000059,9.0,8.4,6.8,,0.0,34.0,72.82005882352941,3.0003921568627305,0.6880000000000024,3.2,0,8,8
31,OCO,14.0,14,0.0,+1 Lap,70.0,2021,8,,65.217,,,Alpine,Styrian Grand Prix,14.0,20.0,65.217,1.3759999999999977,14.333333333333334,11.8,11.1,,0.14285714285714285,12.0,70.422,0.6023333333333198,0.6430000000000007,1.4000000000000004,0,8,7
99,GIO,15.0,15,0.0,+1 Lap,70.0,2021,8,,65.092,64.913,,Alfa Romeo Racing,Styrian Grand Prix,15.0,20.0,64.913,1.0719999999999956,12.0,12.6,13.3,,0.0,1.0,72.8494,3.0297333333333256,-0.5160000000000053,-1.4000000000000004,0,8,6
47,MSC,16.0,16,0.0,+2 Laps,69.0,2021,8,,66.041,,,Haas F1 Team,Styrian Grand Prix,16.0,20.0,66.041,2.1999999999999957,16.666666666666668,17.0,17.4,,0.0,0.0,70.952,1.132333333333321,-0.15099999999999625,-0.8000000000000007,0,8,5
6,LAT,17.0,17,0.0,+3 Laps,68.0,2021,8,,65.175,,,Williams,Styrian Grand Prix,17.0,20.0,65.175,1.333999999999996,16.333333333333332,16.6,15.9,,0.2857142857142857,0.0,70.879,1.0593333333333277,0.5039999999999907,1.4000000000000021,0,8,4
9,MAZ,18.0,18,0.0,+3 Laps,68.0,2021,8,,66.192,,,Haas F1 Team,Styrian Grand Prix,18.0,20.0,66.192,2.350999999999992,17.0,17.8,17.4,,0.14285714285714285,0.0,72.02018181818181,2.200515151515134,0.15099999999999625,0.8000000000000007,0,8,3
10,GAS,20.0,R,0.0,Collision,1.0,2021,8,,64.765,64.429,64.236,AlphaTauri,Styrian Grand Prix,20.0,20.0,64.236,0.3950000000000031,5.333333333333333,7.2,10.7,,0.14285714285714285,37.0,,,-0.2779999999999916,-6.999999999999999,0,8,1
63,RUS,19.0,R,0.0,Engine,36.0,2021,8,,65.033,64.671,,Williams,Styrian Grand Prix,20.0,20.0,64.671,0.8300000000000054,15.333333333333334,15.2,15.9,,0.2857142857142857,0.0,70.3428125,0.5231458333333165,-0.5039999999999907,-1.4000000000000021,0,8,1
33,VER,1.0,1,26.0,Finished,71.0,2021,9,,64.249,63.927,63.72,Red Bull Racing,Austrian Grand Prix,1.0,20.0,63.72,0.0,7.333333333333333,5.0,4.2,,0.125,156.0,71.29377777777778,1.464652777777772,-0.2700000000000031,1.6,0,9,20
77,BOT,2.0,2,18.0,Finished,71.0,2021,9,,64.563,64.376,64.049,Mercedes,Austrian Grand Prix,2.0,20.0,64.049,0.32900000000000773,6.333333333333333,8.4,6.9,,0.25,74.0,74.2116,4.3824749999999995,0.0350000000000108,3.0,0,9,19
4,NOR,3.0,3,15.0,Finished,71.0,2021,9,,64.345,64.415,63.768,McLaren,Austrian Grand Prix,3.0,20.0,63.768,0.04800000000000182,5.0,5.2,7.2,,0.0,86.0,70.2429,0.4137750000000011,-0.9509999999999934,-3.999999999999999,0,9,18
44,HAM,4.0,4,12.0,Finished,71.0,2021,9,,64.506,64.258,64.014,Mercedes,Austrian Grand Prix,4.0,20.0,64.014,0.29399999999999693,6.333333333333333,5.4,6.9,,0.0,138.0,76.33933333333334,6.510208333333338,-0.0350000000000108,-3.0,0,9,17
55,SAI,5.0,5,10.0,Finished,71.0,2021,9,,64.596,64.559,,Ferrari,Austrian Grand Prix,5.0,20.0,64.559,0.8389999999999986,8.333333333333334,6.8,8.5,,0.0,50.0,71.53466666666667,1.7055416666666616,-0.04099999999999682,-3.3999999999999995,0,9,16
11,PER,6.0,6,8.0,Finished,71.0,2021,9,,64.833,64.483,63.99,Red Bull Racing,Austrian Grand Prix,6.0,20.0,63.99,0.2700000000000031,2.6666666666666665,3.4,4.2,,0.0,96.0,71.94904761904762,2.119922619047614,0.2700000000000031,-1.6,0,9,15
3,RIC,7.0,7,6.0,Finished,71.0,2021,9,,64.977,64.719,,McLaren,Austrian Grand Prix,7.0,20.0,64.719,0.9989999999999952,9.333333333333334,9.2,7.2,,0.0,34.0,69.99725000000001,0.1681250000000034,0.9509999999999934,3.999999999999999,0,9,14
16,LEC,8.0,8,4.0,Finished,71.0,2021,9,,64.906,64.6,,Ferrari,Austrian Grand Prix,8.0,20.0,64.6,0.8799999999999955,9.0,10.2,8.5,,0.125,58.0,69.829125,0.0,0.04099999999999682,3.3999999999999995,0,9,13
10,GAS,9.0,9,2.0,Finished,71.0,2021,9,,64.841,64.412,64.107,AlphaTauri,Austrian Grand Prix,9.0,20.0,64.107,0.38700000000000045,10.0,9.2,11.2,,0.25,37.0,71.00408333333333,1.174958333333322,-0.16599999999999682,-4.0,0,9,12
14,ALO,10.0,10,1.0,+1 Lap,70.0,2021,9,,64.472,64.856,,Alpine,Austrian Grand Prix,10.0,20.0,64.472,0.7519999999999953,7.666666666666667,10.6,11.9,,0.125,19.0,70.11677777777778,0.28765277777777953,-0.5790000000000077,-2.5999999999999996,0,9,11
63,RUS,11.0,11,0.0,+1 Lap,70.0,2021,9,,64.907,64.553,64.591,Williams,Austrian Grand Prix,11.0,20.0,64.553,0.8329999999999984,17.333333333333332,16.0,16.2,,0.375,0.0,69.90314285714285,0.0740178571428487,-0.6419999999999959,-0.3999999999999986,0,9,10
22,TSU,12.0,12,0.0,+1 Lap,70.0,2021,9,,64.967,64.518,64.273,AlphaTauri,Austrian Grand Prix,12.0,20.0,64.273,0.5529999999999973,10.0,13.2,11.2,,0.125,9.0,71.98969230769231,2.160567307692304,0.16599999999999682,4.0,0,9,9
18,STR,13.0,13,0.0,+1 Lap,70.0,2021,9,,64.927,64.547,64.618,Aston Martin,Austrian Grand Prix,13.0,20.0,64.547,0.8269999999999982,12.666666666666666,11.4,9.8,,0.125,14.0,70.626,0.796875,0.054000000000002046,3.200000000000001,0,9,8
99,GIO,14.0,14,0.0,+1 Lap,70.0,2021,9,,64.782,65.083,,Alfa Romeo Racing,Austrian Grand Prix,14.0,20.0,64.782,1.0619999999999976,13.666666666666666,13.2,12.7,,0.0,1.0,73.21055555555556,3.3814305555555535,-0.22700000000000387,1.0,0,9,7
7,RAI,15.0,15,0.0,+1 Lap,70.0,2021,9,,65.009,,,Alfa Romeo Racing,Austrian Grand Prix,15.0,20.0,65.009,1.2890000000000015,12.666666666666666,12.2,12.7,,0.125,1.0,72.80327272727273,2.9741477272727224,0.22700000000000387,-1.0,0,9,6
6,LAT,16.0,16,0.0,+1 Lap,70.0,2021,9,,65.195,,,Williams,Austrian Grand Prix,16.0,20.0,65.195,1.4749999999999943,17.0,16.4,16.2,,0.25,0.0,71.09914285714287,1.2700178571428609,0.6419999999999959,0.3999999999999986,0,9,5
5,VET,17.0,17,0.0,Collision,69.0,2021,9,,64.846,64.493,64.57,Aston Martin,Austrian Grand Prix,17.0,20.0,64.493,0.7729999999999961,7.666666666666667,8.2,9.8,,0.125,30.0,70.59333333333332,0.7642083333333147,-0.054000000000002046,-3.200000000000001,0,9,4
47,MSC,18.0,18,0.0,+2 Laps,69.0,2021,9,,65.427,,,Haas F1 Team,Austrian Grand Prix,18.0,20.0,65.427,1.7070000000000078,16.0,16.8,17.2,,0.0,0.0,71.5833,1.7541749999999894,-0.5239999999999867,-0.8000000000000007,0,9,3
9,MAZ,19.0,19,0.0,+2 Laps,69.0,2021,9,,65.951,,,Haas F1 Team,Austrian Grand Prix,19.0,20.0,65.951,2.2309999999999945,17.333333333333332,17.6,17.2,,0.125,0.0,71.9365,2.1073749999999905,0.5239999999999867,0.8000000000000007,0,9,2
31,OCO,20.0,R,0.0,Collision,0.0,2021,9,,65.051,,,Alpine,Austrian Grand Prix,20.0,20.0,65.051,1.331000000000003,16.0,13.2,11.9,,0.125,12.0,70.728625,0.8994999999999891,0.5790000000000077,2.5999999999999996,0,9,1
44,HAM,1.0,1,25.0,Finished,52.0,2021,10,,86.786,86.023,86.134,Mercedes,British Grand Prix,1.0,20.0,86.023,0.0,2.6666666666666665,6.0,7.1,,0.0,150.0,91.9663,1.0650499999999994,-0.3050000000000068,-2.1999999999999993,0,10,20
16,LEC,2.0,2,18.0,Finished,52.0,2021,10,,87.051,86.919,86.828,Ferrari,British Grand Prix,2.0,20.0,86.828,0.8050000000000068,10.333333333333334,11.0,8.7,,0.1111111111111111,62.0,91.569375,0.6681249999999892,-0.01999999999999602,4.6,0,10,19
77,BOT,3.0,3,15.0,Finished,52.0,2021,10,,87.487,86.764,86.328,Mercedes,British Grand Prix,3.0,20.0,86.328,0.3050000000000068,3.0,8.2,7.1,,0.2222222222222222,92.0,91.983,1.0817499999999995,0.3050000000000068,2.1999999999999993,0,10,18
4,NOR,4.0,4,12.0,Finished,52.0,2021,10,,87.444,87.22,86.897,McLaren,British Grand Prix,4.0,20.0,86.897,0.8740000000000094,4.333333333333333,4.2,6.8,,0.0,101.0,91.387875,0.4866249999999894,-0.001999999999995339,-5.2,0,10,17
3,RIC,5.0,5,10.0,Finished,52.0,2021,10,,87.323,87.125,86.899,McLaren,British Grand Prix,5.0,20.0,86.899,0.8760000000000048,8.666666666666666,9.4,6.8,,0.0,40.0,91.33928571428572,0.43803571428571786,0.001999999999995339,5.2,0,10,16
55,SAI,6.0,6,8.0,Finished,52.0,2021,10,,87.337,86.848,87.007,Ferrari,British Grand Prix,6.0,20.0,86.848,0.8250000000000028,7.333333333333333,6.4,8.7,,0.0,60.0,90.90125,0.0,0.01999999999999602,-4.6,0,10,15
14,ALO,7.0,7,6.0,Finished,52.0,2021,10,,87.58,87.245,,Alpine,British Grand Prix,7.0,20.0,87.245,1.2220000000000084,9.0,9.2,12.3,,0.1111111111111111,20.0,91.97685714285714,1.0756071428571374,-0.09499999999999886,-6.200000000000001,0,10,14
18,STR,8.0,8,4.0,Finished,52.0,2021,10,,88.017,87.665,,Aston Martin,British Grand Prix,8.0,20.0,87.665,1.6420000000000101,10.333333333333334,11.8,10.4,,0.1111111111111111,14.0,93.10708333333332,2.2058333333333167,0.5620000000000118,2.8000000000000007,0,10,13
31,OCO,9.0,9,2.0,Finished,52.0,2021,10,,87.415,87.34,,Alpine,British Grand Prix,9.0,20.0,87.34,1.3170000000000073,16.0,15.4,12.3,,0.2222222222222222,12.0,92.24,1.3387499999999903,0.09499999999999886,6.200000000000001,0,10,12
22,TSU,10.0,10,1.0,Finished,52.0,2021,10,,88.043,,,AlphaTauri,British Grand Prix,10.0,20.0,88.043,2.0200000000000102,11.666666666666666,11.6,10.3,,0.1111111111111111,9.0,92.4744375,1.5731874999999889,0.7700000000000102,2.5999999999999996,0,10,11
10,GAS,11.0,11,0.0,Finished,52.0,2021,10,,87.6,87.273,,AlphaTauri,British Grand Prix,11.0,20.0,87.273,1.25,12.0,9.0,10.3,,0.2222222222222222,39.0,92.2025,1.301249999999996,-0.7700000000000102,-2.5999999999999996,0,10,10
63,RUS,12.0,12,0.0,+1 Lap,51.0,2021,10,,87.671,87.08,86.971,Williams,British Grand Prix,12.0,20.0,86.971,0.9480000000000075,14.333333333333334,15.4,15.9,,0.3333333333333333,0.0,92.26054545454544,1.3592954545454319,-1.2830000000000013,-0.9999999999999982,0,10,9
99,GIO,13.0,13,0.0,+1 Lap,51.0,2021,10,,87.595,87.617,,Alfa Romeo Racing,British Grand Prix,13.0,20.0,87.595,1.5720000000000027,14.666666666666666,13.0,12.9,,0.0,1.0,94.78922222222224,3.8879722222222313,-0.46699999999999875,0.1999999999999993,0,10,8
6,LAT,14.0,14,0.0,+1 Lap,51.0,2021,10,,88.254,,,Williams,British Grand Prix,14.0,20.0,88.254,2.2310000000000088,17.0,16.4,15.9,,0.2222222222222222,0.0,92.529125,1.6278749999999889,1.2830000000000013,0.9999999999999982,0,10,7
7,RAI,15.0,15,0.0,+1 Lap,51.0,2021,10,,88.062,,,Alfa Romeo Racing,British Grand Prix,15.0,20.0,88.062,2.0390000000000015,14.333333333333334,12.8,12.9,,0.1111111111111111,1.0,92.40457142857144,1.5033214285714394,0.46699999999999875,-0.1999999999999993,0,10,6
11,PER,16.0,16,0.0,+1 Lap,51.0,2021,10,,87.121,87.073,86.844,Red Bull Racing,British Grand Prix,16.0,20.0,86.844,0.820999999999998,4.333333333333333,3.6,4.2,,0.0,104.0,91.90618181818182,1.0049318181818165,0.6349999999999909,-1.1999999999999997,0,10,5
9,MAZ,17.0,17,0.0,+1 Lap,51.0,2021,10,,89.051,,,Haas F1 Team,British Grand Prix,17.0,20.0,89.051,3.028000000000006,19.0,17.6,17.2,,0.1111111111111111,0.0,95.697,4.795749999999998,0.3130000000000024,0.8000000000000007,0,10,4
47,MSC,18.0,18,0.0,+1 Lap,51.0,2021,10,,88.738,,,Haas F1 Team,British Grand Prix,18.0,20.0,88.738,2.7150000000000034,17.666666666666668,16.8,17.2,,0.0,0.0,94.823,3.9217499999999887,-0.3130000000000024,-0.8000000000000007,0,10,3
33,VER,20.0,R,0.0,Collision,0.0,2021,10,,86.751,86.315,86.209,Red Bull Racing,British Grand Prix,20.0,20.0,86.209,0.18600000000000705,1.0,4.8,4.2,,0.1111111111111111,182.0,91.844,0.9427499999999895,-0.6349999999999909,1.1999999999999997,0,10,1
5,VET,19.0,R,0.0,Retired,40.0,2021,10,,87.493,87.103,87.179,Aston Martin,British Grand Prix,20.0,20.0,87.103,1.0799999999999983,12.666666666666666,9.0,10.4,,0.2222222222222222,30.0,92.23538461538465,1.3341346153846416,-0.5620000000000118,-2.8000000000000007,0,10,1
31,OCO,1.0,1,25.0,Finished,70.0,2021,11,,77.367,76.766,76.653,Alpine,Hungarian Grand Prix,1.0,20.0,76.653,1.2340000000000089,14.333333333333334,15.4,11.7,,0.2,14.0,86.289,2.383571428571429,0.11200000000000898,7.4,0,11,20
44,HAM,2.0,2,18.0,Finished,70.0,2021,11,,76.424,76.553,75.419,Mercedes,Hungarian Grand Prix,2.0,20.0,75.419,0.0,2.3333333333333335,4.8,4.8,,0.0,175.0,85.73216666666667,1.826738095238099,-0.3149999999999977,0.0,0,11,19
55,SAI,3.0,3,15.0,Finished,70.0,2021,11,,76.649,,,Ferrari,Hungarian Grand Prix,3.0,20.0,76.649,1.230000000000004,5.666666666666667,7.2,7.3,,0.0,68.0,85.5825,1.6770714285714234,0.1530000000000058,-0.20000000000000018,0,11,18
14,ALO,4.0,4,12.0,Finished,70.0,2021,11,,77.123,76.541,76.715,Alpine,Hungarian Grand Prix,4.0,20.0,76.541,1.1219999999999999,8.666666666666666,8.0,11.7,,0.1,26.0,84.52574999999999,0.6203214285714154,-0.11200000000000898,-7.4,0,11,17
10,GAS,5.0,5,11.0,Finished,70.0,2021,11,,76.874,76.394,76.483,AlphaTauri,Hungarian Grand Prix,5.0,20.0,76.394,0.9750000000000085,13.333333333333334,10.0,10.2,,0.2,39.0,84.65372727272725,0.7482987012986797,-1.5249999999999915,-0.40000000000000036,0,11,16
22,TSU,6.0,6,8.0,Finished,70.0,2021,11,,77.919,,,AlphaTauri,Hungarian Grand Prix,6.0,20.0,77.919,2.5,10.666666666666666,10.4,10.2,,0.1,10.0,,,1.5249999999999915,0.40000000000000036,0,11,15
6,LAT,7.0,7,6.0,Finished,70.0,2021,11,,78.036,,,Williams,Hungarian Grand Prix,7.0,20.0,78.036,2.6170000000000044,15.666666666666666,16.2,15.6,,0.2,0.0,85.20769230769231,1.3022637362637397,0.09199999999999875,1.1999999999999993,0,11,14
63,RUS,8.0,8,4.0,Finished,70.0,2021,11,,77.944,,,Williams,Hungarian Grand Prix,8.0,20.0,77.944,2.5250000000000057,14.333333333333334,15.0,15.6,,0.3,0.0,84.97246153846153,1.067032967032958,-0.09199999999999875,-1.1999999999999993,0,11,13
33,VER,9.0,9,2.0,Finished,70.0,2021,11,,76.214,75.65,75.84,Red Bull Racing,Hungarian Grand Prix,9.0,20.0,75.65,0.23100000000000875,7.333333333333333,8.6,7.3,,0.2,182.0,84.7355,0.8300714285714292,-0.7710000000000008,2.5999999999999996,0,11,12
7,RAI,10.0,10,1.0,+1 Lap,69.0,2021,11,,77.553,77.564,,Alfa Romeo Racing,Hungarian Grand Prix,10.0,20.0,77.553,2.1340000000000003,13.666666666666666,13.6,13.6,,0.1,1.0,84.4965,0.5910714285714249,-0.030000000000001137,0.0,0,11,11
3,RIC,11.0,11,0.0,+1 Lap,69.0,2021,11,,77.664,76.871,,McLaren,Hungarian Grand Prix,11.0,20.0,76.871,1.4519999999999982,8.333333333333334,8.0,6.2,,0.0,50.0,84.26333333333334,0.35790476190476284,0.48599999999999,3.5999999999999996,0,11,10
47,MSC,12.0,12,0.0,+1 Lap,69.0,2021,11,,,,,Haas F1 Team,Hungarian Grand Prix,12.0,20.0,,,17.333333333333332,16.8,17.2,,0.0,0.0,85.14133333333332,1.2359047619047487,,-0.8000000000000007,0,11,9
99,GIO,13.0,13,0.0,+1 Lap,69.0,2021,11,,77.776,77.583,,Alfa Romeo Racing,Hungarian Grand Prix,13.0,20.0,77.583,2.1640000000000015,14.0,13.6,13.6,,0.0,1.0,85.44183333333335,1.5364047619047767,0.030000000000001137,0.0,0,11,8
77,BOT,16.0,R,0.0,Collision,0.0,2021,11,,76.569,76.702,75.734,Mercedes,Hungarian Grand Prix,20.0,20.0,75.734,0.3149999999999977,2.6666666666666665,4.8,4.8,,0.2,107.0,83.988,0.08257142857142696,0.3149999999999977,0.0,0,11,1
16,LEC,18.0,R,0.0,Collision,0.0,2021,11,,77.084,76.574,76.496,Ferrari,Hungarian Grand Prix,20.0,20.0,76.496,1.0769999999999982,5.666666666666667,7.4,7.3,,0.1,80.0,84.1624,0.2569714285714326,-0.1530000000000058,0.20000000000000018,0,11,1
9,MAZ,14.0,R,0.0,Collision,3.0,2021,11,,78.922,,,Haas F1 Team,Hungarian Grand Prix,20.0,20.0,78.922,3.503,18.0,17.6,17.2,,0.1,0.0,86.484,2.578571428571422,,0.8000000000000007,0,11,1
4,NOR,15.0,R,0.0,Collision,2.0,2021,11,,77.081,76.385,76.489,McLaren,Hungarian Grand Prix,20.0,20.0,76.385,0.9660000000000082,4.0,4.4,6.2,,0.0,113.0,86.12899999999999,2.223571428571418,-0.48599999999999,-3.5999999999999996,0,11,1
11,PER,17.0,R,0.0,Collision,0.0,2021,11,,77.233,76.443,76.421,Red Bull Racing,Hungarian Grand Prix,20.0,20.0,76.421,1.0020000000000095,8.666666666666666,6.0,7.3,,0.0,104.0,84.93483333333332,1.0294047619047433,0.7710000000000008,-2.5999999999999996,0,11,1
18,STR,19.0,R,0.0,Collision,0.0,2021,11,,77.038,76.893,,Aston Martin,Hungarian Grand Prix,20.0,20.0,76.893,1.4740000000000038,9.666666666666666,11.8,11.9,,0.1,18.0,83.90542857142857,0.0,0.14300000000000068,-0.1999999999999993,0,11,1
5,VET,20.0,D,0.0,Disqualified,70.0,2021,11,,77.105,76.794,76.75,Aston Martin,Hungarian Grand Prix,20.0,20.0,76.75,1.331000000000003,16.333333333333332,12.0,11.9,,0.3,30.0,84.79788888888889,0.8924603174603192,-0.14300000000000068,0.1999999999999993,0,11,1
33,VER,1.0,1,12.5,Finished,1.0,2021,12,,118.717,116.559,119.765,Red Bull Racing,Belgian Grand Prix,1.0,20.0,116.559,0.5339999999999918,10.0,6.4,8.1,,0.18181818181818182,184.0,,,-0.3269999999999982,-3.4000000000000004,0,12,20
63,RUS,2.0,2,9.0,Finished,1.0,2021,12,,119.864,116.95,120.086,Williams,Belgian Grand Prix,2.0,20.0,116.95,0.9249999999999972,10.333333333333334,12.6,13.5,,0.2727272727272727,4.0,,,-1.1059999999999945,-1.8000000000000007,0,12,19
44,HAM,3.0,3,7.5,Finished,1.0,2021,12,,119.218,116.229,120.099,Mercedes,Belgian Grand Prix,3.0,20.0,116.229,0.20399999999999352,2.3333333333333335,2.2,4.3,,0.0,193.0,,,-0.0660000000000025,-4.2,0,12,18
3,RIC,4.0,4,6.0,Finished,1.0,2021,12,,121.583,117.127,120.864,McLaren,Belgian Grand Prix,4.0,20.0,117.127,1.1019999999999897,7.666666666666667,8.4,7.9,,0.0,50.0,119.877,5.735333333333315,1.1019999999999897,1.0,0,12,17
5,VET,5.0,5,5.0,Finished,1.0,2021,12,,120.175,116.814,120.935,Aston Martin,Belgian Grand Prix,5.0,20.0,116.814,0.7889999999999873,19.0,15.6,13.7,,0.36363636363636365,30.0,,,-1.4170000000000016,3.799999999999999,0,12,16
10,GAS,6.0,6,4.0,Finished,1.0,2021,12,,120.387,116.44,121.164,AlphaTauri,Belgian Grand Prix,6.0,20.0,116.44,0.41499999999999204,8.333333333333334,10.4,10.3,,0.18181818181818182,50.0,119.41425,5.272583333333316,-5.972999999999999,0.20000000000000107,0,12,15
31,OCO,7.0,7,3.0,Finished,1.0,2021,12,,121.824,117.354,123.513,Alpine,Belgian Grand Prix,7.0,20.0,117.354,1.3289999999999935,10.0,11.6,9.6,,0.18181818181818182,39.0,116.59366666666666,2.451999999999984,-0.8509999999999991,4.0,0,12,14
16,LEC,8.0,8,2.0,Finished,1.0,2021,12,,120.728,117.721,,Ferrari,Belgian Grand Prix,8.0,20.0,117.721,1.695999999999998,10.0,10.6,8.4,,0.18181818181818182,80.0,,,-0.4159999999999968,4.3999999999999995,0,12,13
6,LAT,9.0,9,1.0,Finished,1.0,2021,12,,120.966,118.056,,Williams,Belgian Grand Prix,9.0,20.0,118.056,2.0309999999999917,12.333333333333334,14.4,13.5,,0.18181818181818182,6.0,,,1.1059999999999945,1.8000000000000007,0,12,12
55,SAI,10.0,10,0.5,Finished,1.0,2021,12,,121.184,118.137,,Ferrari,Belgian Grand Prix,10.0,20.0,118.137,2.1119999999999948,4.666666666666667,6.2,8.4,,0.0,83.0,,,0.4159999999999968,-4.3999999999999995,0,12,11
14,ALO,11.0,11,0.0,Finished,1.0,2021,12,,121.653,118.205,,Alpine,Belgian Grand Prix,11.0,20.0,118.205,2.1799999999999926,7.0,7.6,9.6,,0.09090909090909091,38.0,,,0.8509999999999991,-4.0,0,12,10
77,BOT,12.0,12,0.0,Finished,1.0,2021,12,,119.87,116.295,122.502,Mercedes,Belgian Grand Prix,12.0,20.0,116.295,0.269999999999996,8.333333333333334,6.4,4.3,,0.2727272727272727,107.0,,,0.0660000000000025,4.2,0,12,9
99,GIO,13.0,13,0.0,Finished,1.0,2021,12,,122.306,,,Alfa Romeo Racing,Belgian Grand Prix,13.0,20.0,122.306,6.280999999999992,13.333333333333334,14.0,13.8,,0.0,1.0,121.13925,6.997583333333324,-2.146000000000001,0.40000000000000036,0,12,8
4,NOR,14.0,14,0.0,Finished,1.0,2021,12,,118.301,116.025,,McLaren,Belgian Grand Prix,14.0,20.0,116.025,0.0,9.0,7.4,7.9,,0.09090909090909091,113.0,123.97728571428571,9.835619047619033,-1.1019999999999897,-1.0,0,12,7
22,TSU,15.0,15,0.0,Finished,1.0,2021,12,,122.413,,,AlphaTauri,Belgian Grand Prix,15.0,20.0,122.413,6.387999999999991,9.333333333333334,10.2,10.3,,0.09090909090909091,18.0,122.05275,7.911083333333323,5.972999999999999,-0.20000000000000107,0,12,6
47,MSC,16.0,16,0.0,Finished,1.0,2021,12,,123.973,,,Haas F1 Team,Belgian Grand Prix,16.0,20.0,123.973,7.947999999999993,16.0,16.6,17.7,,0.0,0.0,118.58933333333334,4.447666666666663,-0.965999999999994,-2.1999999999999993,0,12,5
9,MAZ,17.0,17,0.0,Finished,1.0,2021,12,,124.939,,,Haas F1 Team,Belgian Grand Prix,17.0,20.0,124.939,8.913999999999987,18.666666666666668,18.8,17.7,,0.18181818181818182,0.0,,,0.965999999999994,2.1999999999999993,0,12,4
7,RAI,18.0,18,0.0,Finished,1.0,2021,12,,124.452,,,Alfa Romeo Racing,Belgian Grand Prix,18.0,20.0,124.452,8.426999999999992,13.333333333333334,13.6,13.8,,0.09090909090909091,2.0,116.2528,2.1111333333333135,2.146000000000001,-0.40000000000000036,0,12,3
11,PER,19.0,19,0.0,Finished,1.0,2021,12,,119.334,116.886,122.112,Red Bull Racing,Belgian Grand Prix,19.0,20.0,116.886,0.86099999999999,14.0,9.8,8.1,,0.09090909090909091,104.0,115.998,1.8563333333333247,0.3269999999999982,3.4000000000000004,0,12,2
18,STR,20.0,20,0.0,Finished,1.0,2021,12,,121.597,118.231,,Aston Martin,Belgian Grand Prix,20.0,20.0,118.231,2.205999999999989,13.666666666666666,11.8,13.7,,0.18181818181818182,18.0,114.14166666666668,0.0,1.4170000000000016,-3.799999999999999,0,12,1
33,VER,1.0,1,25.0,Finished,72.0,2021,13,,70.036,69.071,68.885,Red Bull Racing,Dutch Grand Prix,1.0,20.0,68.885,0.0,10.0,6.4,9.7,,0.16666666666666666,196.5,81.79625,5.960583333333332,-1.644999999999996,-6.6,0,13,20
44,HAM,2.0,2,19.0,Finished,72.0,2021,13,,70.114,69.726,68.923,Mercedes,Dutch Grand Prix,2.0,20.0,68.923,0.0379999999999967,2.0,2.4,5.2,,0.0,200.5,,,-0.2989999999999924,-5.6,0,13,19
77,BOT,3.0,3,15.0,Finished,72.0,2021,13,,70.219,69.769,69.222,Mercedes,Dutch Grand Prix,3.0,20.0,69.222,0.3369999999999891,11.666666666666666,8.0,5.2,,0.25,107.0,76.3588,0.5231333333333339,0.2989999999999924,5.6,0,13,18
10,GAS,4.0,4,12.0,+1 Lap,71.0,2021,13,,70.274,69.541,69.478,AlphaTauri,Dutch Grand Prix,4.0,20.0,69.478,0.5929999999999893,7.333333333333333,10.2,10.4,,0.16666666666666666,54.0,76.03357142857142,0.19790476190475204,-0.9840000000000089,-0.40000000000000036,0,13,17
16,LEC,5.0,5,10.0,+1 Lap,71.0,2021,13,,69.829,69.437,69.527,Ferrari,Dutch Grand Prix,5.0,20.0,69.437,0.5519999999999925,10.0,9.0,7.5,,0.16666666666666666,82.0,83.29014285714285,7.454476190476186,-0.10000000000000853,3.0,0,13,16
14,ALO,6.0,6,8.0,+1 Lap,71.0,2021,13,,70.435,70.02,69.956,Alpine,Dutch Grand Prix,6.0,20.0,69.956,1.070999999999998,7.333333333333333,8.2,9.2,,0.08333333333333333,38.0,78.02575,2.190083333333334,0.03700000000000614,-2.0,0,13,15
55,SAI,7.0,7,6.0,+1 Lap,71.0,2021,13,,70.022,69.87,69.537,Ferrari,Dutch Grand Prix,7.0,20.0,69.537,0.652000000000001,6.333333333333333,6.0,7.5,,0.0,83.5,76.8,0.9643333333333288,0.10000000000000853,-3.0,0,13,14
11,PER,8.0,8,4.0,+1 Lap,71.0,2021,13,,70.53,,,Red Bull Racing,Dutch Grand Prix,8.0,20.0,70.53,1.644999999999996,18.333333333333332,13.0,9.7,,0.08333333333333333,104.0,83.11250000000001,7.276833333333343,1.644999999999996,6.6,0,13,13
31,OCO,9.0,9,2.0,+1 Lap,71.0,2021,13,,70.179,69.919,69.933,Alpine,Dutch Grand Prix,9.0,20.0,69.919,1.0339999999999918,5.666666666666667,10.2,9.2,,0.16666666666666666,42.0,76.68353846153846,0.8478717948717929,-0.03700000000000614,2.0,0,13,12
4,NOR,10.0,10,1.0,+1 Lap,71.0,2021,13,,70.489,70.406,,McLaren,Dutch Grand Prix,10.0,20.0,70.406,1.5210000000000008,12.666666666666666,9.2,8.6,,0.08333333333333333,113.0,81.36157142857144,5.525904761904769,0.541000000000011,1.1999999999999993,0,13,11
3,RIC,11.0,11,0.0,+1 Lap,71.0,2021,13,,70.255,69.865,70.166,McLaren,Dutch Grand Prix,11.0,20.0,69.865,0.9799999999999898,6.666666666666667,8.0,8.6,,0.0,56.0,93.84033333333332,18.00466666666665,-0.541000000000011,-1.1999999999999993,0,13,10
18,STR,12.0,12,0.0,+2 Laps,70.0,2021,13,,70.438,70.367,,Aston Martin,Dutch Grand Prix,12.0,20.0,70.367,1.4819999999999993,16.0,13.8,14.3,,0.16666666666666666,18.0,75.83566666666667,0.0,-0.3639999999999901,-1.0,0,13,9
5,VET,13.0,13,0.0,+2 Laps,70.0,2021,13,,70.731,,,Aston Martin,Dutch Grand Prix,13.0,20.0,70.731,1.8459999999999894,15.0,14.8,14.3,,0.3333333333333333,35.0,82.81174999999999,6.976083333333321,0.3639999999999901,1.0,0,13,8
99,GIO,14.0,14,0.0,+2 Laps,70.0,2021,13,,70.05,70.033,69.59,Alfa Romeo Racing,Dutch Grand Prix,14.0,20.0,69.59,0.7049999999999983,13.0,13.6,13.7,,0.0,1.0,81.15366666666665,5.317999999999984,-1.7109999999999985,,0,13,7
88,KUB,15.0,15,0.0,+2 Laps,70.0,2021,13,,71.301,,,Alfa Romeo Racing,Dutch Grand Prix,15.0,20.0,71.301,2.415999999999997,,,13.7,,0.0,0.0,,,1.7109999999999985,,0,13,6
6,LAT,16.0,16,0.0,+2 Laps,70.0,2021,13,,70.093,71.161,,Williams,Dutch Grand Prix,16.0,20.0,70.093,1.2079999999999984,10.0,12.6,11.6,,0.16666666666666666,7.0,78.8468181818182,3.011151515151525,-0.2389999999999901,2.0,0,13,5
63,RUS,17.0,17,0.0,Gearbox,69.0,2021,13,,70.382,70.332,,Williams,Dutch Grand Prix,17.0,20.0,70.332,1.4469999999999885,7.333333333333333,10.6,11.6,,0.25,13.0,76.89372727272726,1.058060606060593,0.2389999999999901,-2.0,0,13,4
47,MSC,18.0,18,0.0,+3 Laps,69.0,2021,13,,71.387,,,Haas F1 Team,Dutch Grand Prix,18.0,20.0,71.387,2.5019999999999953,15.333333333333334,16.0,17.1,,0.0,0.0,77.59514285714286,1.7594761904761924,-0.48799999999999955,-2.1999999999999993,0,13,3
9,MAZ,20.0,R,0.0,Hydraulics,41.0,2021,13,,71.875,,,Haas F1 Team,Dutch Grand Prix,20.0,20.0,71.875,2.989999999999995,18.0,18.2,17.1,,0.16666666666666666,0.0,,,0.48799999999999955,2.1999999999999993,0,13,1
22,TSU,19.0,R,0.0,Power Unit,48.0,2021,13,,70.462,71.314,,AlphaTauri,Dutch Grand Prix,20.0,20.0,70.462,1.5769999999999982,10.333333333333334,10.6,10.4,,0.08333333333333333,18.0,76.46466666666666,0.6289999999999907,0.9840000000000089,0.40000000000000036,0,13,1
3,RIC,1.0,1,26.0,Finished,53.0,2021,14,,81.292,80.435,79.995,McLaren,Italian Grand Prix,1.0,20.0,79.995,0.4399999999999977,8.666666666666666,7.6,8.9,,0.0,56.0,84.96571428571428,1.1359142857142785,0.006000000000000227,-2.5999999999999996,0,14,20
4,NOR,2.0,2,18.0,Finished,53.0,2021,14,,80.916,80.059,79.989,McLaren,Italian Grand Prix,2.0,20.0,79.989,0.4339999999999975,14.666666666666666,10.2,8.9,,0.07692307692307693,114.0,85.38690909090909,1.55710909090908,-0.006000000000000227,2.5999999999999996,0,14,19
77,BOT,3.0,3,15.0,Finished,53.0,2021,14,,80.685,80.032,79.555,Mercedes,Italian Grand Prix,3.0,20.0,79.555,0.0,11.666666666666666,8.0,5.2,,0.23076923076923078,122.0,84.00042857142857,0.17062857142856558,-0.09599999999998943,5.6,0,14,18
16,LEC,4.0,4,12.0,Finished,53.0,2021,14,,81.219,80.767,80.51,Ferrari,Italian Grand Prix,4.0,20.0,80.51,0.9549999999999983,11.0,8.6,7.4,,0.15384615384615385,92.0,85.22274999999999,1.3929499999999848,0.04800000000000182,2.3999999999999995,0,14,17
11,PER,5.0,5,10.0,Finished,53.0,2021,14,,81.308,80.882,80.611,Red Bull Racing,Italian Grand Prix,5.0,20.0,80.611,1.0559999999999974,15.666666666666666,13.8,10.1,,0.07692307692307693,108.0,84.84027272727273,1.0104727272727274,0.6450000000000102,7.4,0,14,16
55,SAI,6.0,6,8.0,Finished,53.0,2021,14,,81.118,80.75,80.462,Ferrari,Italian Grand Prix,6.0,20.0,80.462,0.9069999999999965,6.666666666666667,6.2,7.4,,0.0,89.5,86.99879999999999,3.1689999999999827,-0.04800000000000182,-2.3999999999999995,0,14,15
18,STR,7.0,7,6.0,Finished,53.0,2021,14,,81.415,81.02,,Aston Martin,Italian Grand Prix,7.0,20.0,81.02,1.4649999999999892,17.333333333333332,14.6,14.8,,0.15384615384615385,18.0,85.99866666666667,2.168866666666659,0.10699999999999932,-0.40000000000000036,0,14,14
14,ALO,8.0,8,4.0,Finished,53.0,2021,14,,81.487,81.069,,Alpine,Italian Grand Prix,8.0,20.0,81.069,1.5139999999999958,7.0,7.6,8.4,,0.07692307692307693,46.0,84.982,1.1521999999999935,-0.033999999999991815,-1.5999999999999996,0,14,13
63,RUS,9.0,9,2.0,Finished,53.0,2021,14,,81.89,81.392,,Williams,Italian Grand Prix,9.0,20.0,81.392,1.836999999999989,9.0,10.0,11.2,,0.3076923076923077,13.0,85.9268,2.096999999999994,-0.5330000000000013,-2.4000000000000004,0,14,12
31,OCO,10.0,10,1.0,Finished,53.0,2021,14,,81.5,81.103,,Alpine,Italian Grand Prix,10.0,20.0,81.103,1.5479999999999876,5.666666666666667,9.2,8.4,,0.15384615384615385,44.0,86.15724999999999,2.3274499999999847,0.033999999999991815,1.5999999999999996,0,14,11
6,LAT,11.0,11,0.0,Finished,53.0,2021,14,,81.925,,,Williams,Italian Grand Prix,11.0,20.0,81.925,2.3699999999999903,10.666666666666666,12.4,11.2,,0.15384615384615385,7.0,85.41244444444445,1.5826444444444405,0.5330000000000013,2.4000000000000004,0,14,10
5,VET,12.0,12,0.0,Finished,53.0,2021,14,,81.394,80.913,,Aston Martin,Italian Grand Prix,12.0,20.0,80.913,1.3579999999999899,12.666666666666666,15.0,14.8,,0.3076923076923077,35.0,86.1,2.2701999999999884,-0.10699999999999932,0.40000000000000036,0,14,9
99,GIO,13.0,13,0.0,Finished,53.0,2021,14,,81.197,80.726,80.808,Alfa Romeo Racing,Italian Grand Prix,13.0,20.0,80.726,1.1709999999999923,13.333333333333334,13.4,14.0,,0.0,1.0,85.3252,1.4953999999999894,-1.804000000000002,-1.5999999999999996,0,14,8
88,KUB,14.0,14,0.0,Finished,53.0,2021,14,,82.53,,,Alfa Romeo Racing,Italian Grand Prix,14.0,20.0,82.53,2.9749999999999943,15.0,15.0,14.0,,0.0,0.0,85.95188888888889,2.1220888888888823,1.804000000000002,1.5999999999999996,0,14,7
47,MSC,15.0,15,0.0,Finished,53.0,2021,14,,82.248,,,Haas F1 Team,Italian Grand Prix,15.0,20.0,82.248,2.692999999999998,15.333333333333334,16.4,17.5,,0.0,0.0,86.7896,2.959799999999987,-0.4679999999999893,-2.200000000000003,0,14,6
10,GAS,19.0,R,0.0,Suspension,3.0,2021,14,,81.44,80.556,80.26,AlphaTauri,Italian Grand Prix,20.0,20.0,80.26,0.7049999999999983,5.0,7.0,9.8,,0.15384615384615385,66.0,85.31142857142858,1.4816285714285726,-1.7129999999999939,-5.6,0,14,1
44,HAM,17.0,R,0.0,Collision,25.0,2021,14,,80.543,79.936,79.651,Mercedes,Italian Grand Prix,20.0,20.0,79.651,0.09599999999998943,2.3333333333333335,2.4,5.2,,0.0,219.5,84.35425000000001,0.5244500000000016,0.09599999999998943,-5.6,0,14,1
9,MAZ,16.0,R,0.0,Power Unit,41.0,2021,14,,82.716,,,Haas F1 Team,Italian Grand Prix,20.0,20.0,82.716,3.160999999999987,19.0,18.6,17.5,,0.23076923076923078,0.0,85.9974,2.167599999999993,0.4679999999999893,2.200000000000003,0,14,1
22,TSU,20.0,W,0.0,Brakes,0.0,2021,14,,81.973,,,AlphaTauri,Italian Grand Prix,20.0,20.0,81.973,2.417999999999992,13.666666666666666,12.6,9.8,,0.15384615384615385,18.0,86.14992307692309,2.320123076923082,1.7129999999999939,5.6,0,14,1
33,VER,18.0,R,0.0,Collision,25.0,2021,14,,81.035,80.229,79.966,Red Bull Racing,Italian Grand Prix,20.0,20.0,79.966,0.41099999999998715,3.6666666666666665,6.4,10.1,,0.15384615384615385,221.5,83.8298,0.0,-0.6450000000000102,-7.4,0,14,1
44,HAM,1.0,1,25.0,Finished,53.0,2021,15,,105.992,105.129,104.05,Mercedes,Russian Grand Prix,1.0,20.0,104.05,2.057000000000002,8.333333333333334,5.6,6.9,,0.07142857142857142,219.5,101.5557142857143,0.6725476190476201,-0.6599999999999966,-2.5999999999999996,0,15,20
33,VER,2.0,2,18.0,Finished,53.0,2021,15,,,,,Red Bull Racing,Russian Grand Prix,2.0,20.0,,,7.333333333333333,10.2,11.9,,0.21428571428571427,221.5,102.12442857142857,1.2412619047618847,,-3.4000000000000004,0,15,19
55,SAI,3.0,3,15.0,Finished,53.0,2021,15,,107.924,106.521,102.51,Ferrari,Russian Grand Prix,3.0,20.0,102.51,0.5170000000000101,7.666666666666667,6.4,7.1,,0.0,97.5,,,-5.959999999999994,-1.3999999999999995,0,15,18
3,RIC,4.0,4,12.0,Finished,53.0,2021,15,,108.345,106.361,104.156,McLaren,Russian Grand Prix,4.0,20.0,104.156,2.163000000000011,5.333333333333333,6.4,8.2,,0.0,82.0,,,2.163000000000011,-3.5999999999999996,0,15,17
77,BOT,5.0,5,10.0,Finished,53.0,2021,15,,106.396,105.306,104.71,Mercedes,Russian Grand Prix,5.0,20.0,104.71,2.7169999999999987,6.0,8.2,6.9,,0.21428571428571427,137.0,,,0.6599999999999966,2.5999999999999996,0,15,16
14,ALO,6.0,6,8.0,Finished,53.0,2021,15,,107.877,105.514,104.204,Alpine,Russian Grand Prix,6.0,20.0,104.204,2.2109999999999985,8.333333333333334,7.2,7.2,,0.07142857142857142,50.0,101.38816666666668,0.5049999999999955,-1.6610000000000014,0.0,0,15,15
4,NOR,7.0,7,7.0,Finished,53.0,2021,15,,107.238,105.827,101.993,McLaren,Russian Grand Prix,7.0,20.0,101.993,0.0,8.666666666666666,10.0,8.2,,0.07142857142857142,132.0,,,-2.163000000000011,3.5999999999999996,0,15,14
7,RAI,8.0,8,4.0,Finished,53.0,2021,15,,109.586,,,Alfa Romeo Racing,Russian Grand Prix,8.0,20.0,109.586,7.5930000000000035,14.333333333333334,13.8,13.8,,0.08333333333333333,2.0,101.28239999999998,0.39923333333329936,-1.4369999999999976,0.6000000000000014,0,15,13
11,PER,9.0,9,2.0,Finished,53.0,2021,15,,106.455,105.834,105.337,Red Bull Racing,Russian Grand Prix,9.0,20.0,105.337,3.3440000000000083,10.666666666666666,13.6,11.9,,0.07142857142857142,118.0,102.758625,1.875458333333313,,3.4000000000000004,0,15,12
63,RUS,10.0,10,1.0,Finished,53.0,2021,15,,108.303,106.435,102.983,Williams,Russian Grand Prix,10.0,20.0,102.983,0.9900000000000091,9.333333333333334,9.6,10.5,,0.2857142857142857,15.0,101.13942857142855,0.25626190476187105,-5.268999999999991,-1.8000000000000007,0,15,11
18,STR,11.0,11,0.0,Finished,53.0,2021,15,,108.322,106.36,104.956,Aston Martin,Russian Grand Prix,11.0,20.0,104.956,2.963000000000008,13.0,13.4,13.7,,0.14285714285714285,24.0,101.3416,0.4584333333333177,-1.6169999999999902,-0.5999999999999996,0,15,10
5,VET,12.0,12,0.0,+1 Lap,52.0,2021,15,,107.205,106.573,,Aston Martin,Russian Grand Prix,12.0,20.0,106.573,4.579999999999998,10.0,14.0,13.7,,0.2857142857142857,35.0,100.88316666666668,0.0,1.6169999999999902,0.5999999999999996,0,15,9
10,GAS,13.0,13,0.0,+1 Lap,52.0,2021,15,,107.828,106.641,,AlphaTauri,Russian Grand Prix,13.0,20.0,106.641,4.64800000000001,10.0,9.2,11.7,,0.21428571428571427,66.0,101.01866666666666,0.13549999999997908,-0.10999999999999943,-5.0,0,15,8
31,OCO,14.0,14,0.0,+1 Lap,52.0,2021,15,,108.099,106.07,105.865,Alpine,Russian Grand Prix,14.0,20.0,105.865,3.872,8.666666666666666,7.2,7.2,,0.14285714285714285,45.0,101.267,0.38383333333331393,1.6610000000000014,0.0,0,15,7
16,LEC,15.0,15,0.0,+1 Lap,52.0,2021,15,,108.47,,,Ferrari,Russian Grand Prix,15.0,20.0,108.47,6.477000000000004,5.666666666666667,7.8,7.1,,0.14285714285714285,104.0,101.19571428571427,0.3125476190475922,5.959999999999994,1.3999999999999995,0,15,6
99,GIO,16.0,16,0.0,+1 Lap,52.0,2021,15,,111.023,,,Alfa Romeo Racing,Russian Grand Prix,16.0,20.0,111.023,9.030000000000001,13.333333333333334,13.2,13.8,,0.0,1.0,111.486,10.602833333333322,1.4369999999999976,-0.6000000000000014,0,15,5
22,TSU,17.0,17,0.0,+1 Lap,52.0,2021,15,,108.854,106.751,,AlphaTauri,Russian Grand Prix,17.0,20.0,106.751,4.75800000000001,18.333333333333332,14.2,11.7,,0.21428571428571427,18.0,102.77428571428572,1.8911190476190427,0.10999999999999943,5.0,0,15,4
9,MAZ,18.0,18,0.0,+2 Laps,51.0,2021,15,,113.764,,,Haas F1 Team,Russian Grand Prix,18.0,20.0,113.764,11.771,19.0,18.8,17.3,,0.2857142857142857,0.0,102.92283333333334,2.039666666666662,3.9339999999999975,3.0,0,15,3
6,LAT,19.0,19,0.0,Accident,47.0,2021,15,,108.252,,,Williams,Russian Grand Prix,19.0,20.0,108.252,6.259,12.0,11.4,10.5,,0.14285714285714285,7.0,102.24071428571428,1.357547619047594,5.268999999999991,1.8000000000000007,0,15,2
47,MSC,20.0,R,0.0,Oil leak,32.0,2021,15,,109.83,,,Haas F1 Team,Russian Grand Prix,20.0,20.0,109.83,7.837000000000003,16.333333333333332,15.8,17.3,,0.0,0.0,103.08514285714286,2.2019761904761737,-3.9339999999999975,-3.0,0,15,1
77,BOT,1.0,1,26.0,Finished,58.0,2021,16,,85.047,83.579,82.998,Mercedes,Turkish Grand Prix,1.0,20.0,82.998,0.13000000000000966,3.6666666666666665,8.6,7.1,,0.2,147.0,92.16378571428572,4.285603896103893,0.13000000000000966,3.0,0,16,20
33,VER,2.0,2,18.0,Finished,58.0,2021,16,,84.592,83.732,83.196,Red Bull Racing,Turkish Grand Prix,2.0,20.0,83.196,0.32800000000000296,7.666666666666667,6.6,9.4,,0.2,239.5,93.39890909090909,5.520727272727257,-0.5100000000000051,-5.6,0,16,19
11,PER,3.0,3,15.0,Finished,58.0,2021,16,,84.963,83.961,83.706,Red Bull Racing,Turkish Grand Prix,3.0,20.0,83.706,0.8380000000000081,7.333333333333333,12.2,9.4,,0.06666666666666667,120.0,89.2092,1.3310181818181661,0.5100000000000051,5.6,0,16,18
16,LEC,4.0,4,12.0,Finished,58.0,2021,16,,84.869,84.015,83.265,Ferrari,Turkish Grand Prix,4.0,20.0,83.265,0.39700000000000557,8.0,10.4,8.1,,0.13333333333333333,104.0,88.496,0.6178181818181656,-1.9120000000000061,4.6000000000000005,0,16,17
44,HAM,5.0,5,10.0,Finished,58.0,2021,16,,84.585,83.082,82.868,Mercedes,Turkish Grand Prix,5.0,20.0,82.868,0.0,7.666666666666667,5.6,7.1,,0.06666666666666667,244.5,87.87818181818183,0.0,-0.13000000000000966,-3.0,0,16,16
10,GAS,6.0,6,8.0,Finished,58.0,2021,16,,84.704,83.817,83.326,AlphaTauri,Turkish Grand Prix,6.0,20.0,83.326,0.4579999999999984,12.333333333333334,9.6,12.6,,0.2,66.0,88.71257142857144,0.8343896103896071,-0.7280000000000086,-6.0,0,16,15
4,NOR,7.0,7,6.0,Finished,58.0,2021,16,,85.138,84.642,83.954,McLaren,Turkish Grand Prix,7.0,20.0,83.954,1.0859999999999985,6.333333333333333,10.6,8.4,,0.06666666666666667,139.0,104.26475,16.386568181818177,-1.9270000000000067,4.3999999999999995,0,16,14
55,SAI,8.0,8,4.0,Finished,58.0,2021,16,,85.177,,,Ferrari,Turkish Grand Prix,8.0,20.0,85.177,2.3090000000000117,5.333333333333333,5.8,8.1,,0.0,112.5,89.74040909090908,1.862227272727253,1.9120000000000061,-4.6000000000000005,0,16,13
18,STR,9.0,9,2.0,Finished,58.0,2021,16,,85.511,84.601,84.305,Aston Martin,Turkish Grand Prix,9.0,20.0,84.305,1.4370000000000118,10.0,14.0,13.2,,0.13333333333333333,24.0,92.17242857142855,4.294246753246725,-0.4899999999999949,1.5999999999999996,0,16,12
31,OCO,10.0,10,1.0,+1 Lap,57.0,2021,16,,85.422,84.842,,Alpine,Turkish Grand Prix,10.0,20.0,84.842,1.9740000000000038,11.0,8.2,7.6,,0.13333333333333333,45.0,88.84142857142857,0.9632467532467359,1.3649999999999949,1.1999999999999993,0,16,11
99,GIO,11.0,11,0.0,+1 Lap,57.0,2021,16,,86.43,,,Alfa Romeo Racing,Turkish Grand Prix,11.0,20.0,86.43,3.562000000000012,14.333333333333334,13.8,13.4,,0.0,1.0,90.64642857142856,2.7682467532467285,-1.0949999999999989,0.6000000000000014,0,16,10
7,RAI,12.0,12,0.0,+1 Lap,57.0,2021,16,,87.525,,,Alfa Romeo Racing,Turkish Grand Prix,12.0,20.0,87.525,4.657000000000011,12.0,13.2,13.4,,0.07692307692307693,6.0,89.43283333333333,1.5546515151515052,1.0949999999999989,-0.6000000000000014,0,16,9
3,RIC,13.0,13,0.0,+1 Lap,57.0,2021,16,,85.881,,,McLaren,Turkish Grand Prix,13.0,20.0,85.881,3.0130000000000052,5.333333333333333,6.2,8.4,,0.0,94.0,95.3635,7.485318181818172,1.9270000000000067,-4.3999999999999995,0,16,8
22,TSU,14.0,14,0.0,+1 Lap,57.0,2021,16,,85.409,84.054,84.368,AlphaTauri,Turkish Grand Prix,14.0,20.0,84.054,1.186000000000007,19.0,15.6,12.6,,0.2,18.0,90.381,2.5028181818181707,0.7280000000000086,6.0,0,16,7
63,RUS,15.0,15,0.0,+1 Lap,57.0,2021,16,,85.417,85.007,,Williams,Turkish Grand Prix,15.0,20.0,85.007,2.13900000000001,12.0,9.2,10.8,,0.26666666666666666,16.0,89.21781818181819,1.3396363636363589,-1.0789999999999935,-3.200000000000001,0,16,6
14,ALO,16.0,16,0.0,+1 Lap,57.0,2021,16,,85.174,83.914,83.477,Alpine,Turkish Grand Prix,16.0,20.0,83.477,0.6090000000000089,6.666666666666667,7.0,7.6,,0.06666666666666667,58.0,101.38166666666666,13.503484848484831,-1.3649999999999949,-1.1999999999999993,0,16,5
6,LAT,17.0,17,0.0,+1 Lap,57.0,2021,16,,86.086,,,Williams,Turkish Grand Prix,17.0,20.0,86.086,3.2180000000000035,15.333333333333334,12.4,10.8,,0.2,7.0,89.70925,1.8310681818181678,1.0789999999999935,3.200000000000001,0,16,4
5,VET,18.0,18,0.0,+1 Lap,57.0,2021,16,,85.787,84.795,,Aston Martin,Turkish Grand Prix,18.0,20.0,84.795,1.9270000000000067,12.333333333333334,12.4,13.2,,0.26666666666666666,35.0,89.17746666666667,1.2992848484848452,0.4899999999999949,-1.5999999999999996,0,16,3
47,MSC,19.0,19,0.0,+2 Laps,56.0,2021,16,,85.555,85.2,,Haas F1 Team,Turkish Grand Prix,19.0,20.0,85.2,2.332000000000008,17.666666666666668,16.2,17.6,,0.06666666666666667,0.0,89.68800000000002,1.809818181818187,-3.2489999999999952,-2.8000000000000007,0,16,2
9,MAZ,20.0,20,0.0,+2 Laps,56.0,2021,16,,88.449,,,Haas F1 Team,Turkish Grand Prix,20.0,20.0,88.449,5.581000000000003,19.333333333333332,19.0,17.6,,0.26666666666666666,0.0,89.96125,2.0830681818181773,3.2489999999999952,2.8000000000000007,0,16,1
33,VER,1.0,1,25.0,Finished,56.0,2021,17,,94.352,93.464,92.91,Red Bull Racing,United States Grand Prix,1.0,20.0,92.91,0.0,8.0,5.2,7.0,,0.1875,257.5,103.42433333333334,1.3466333333333438,-0.22400000000000375,-3.6000000000000005,0,17,20
44,HAM,2.0,2,19.0,Finished,56.0,2021,17,,94.579,93.797,93.119,Mercedes,United States Grand Prix,2.0,20.0,93.119,0.20900000000000318,8.666666666666666,6.2,5.5,,0.0625,254.5,104.05266666666668,1.9749666666666883,-0.35599999999999454,1.4000000000000004,0,17,19
11,PER,3.0,3,15.0,Finished,56.0,2021,17,,94.369,94.178,93.134,Red Bull Racing,United States Grand Prix,3.0,20.0,93.134,0.22400000000000375,5.666666666666667,8.8,7.0,,0.0625,135.0,102.0777,0.0,0.22400000000000375,3.6000000000000005,0,17,18
16,LEC,4.0,4,12.0,Finished,56.0,2021,17,,94.153,93.928,93.606,Ferrari,United States Grand Prix,4.0,20.0,93.606,0.695999999999998,7.666666666666667,7.2,7.0,,0.125,116.0,102.9205,0.8428000000000111,-0.18600000000000705,0.40000000000000036,0,17,17
3,RIC,5.0,5,10.0,Finished,56.0,2021,17,,94.407,94.643,93.808,McLaren,United States Grand Prix,5.0,20.0,93.808,0.8980000000000103,6.0,6.6,7.3,,0.0,94.0,102.7425,0.6648000000000138,-0.07199999999998852,-1.4000000000000004,0,17,16
77,BOT,6.0,6,8.0,Finished,56.0,2021,17,,94.59,93.959,93.475,Mercedes,United States Grand Prix,6.0,20.0,93.475,0.5649999999999977,3.0,4.8,5.5,,0.1875,173.0,106.2617,4.184000000000012,0.35599999999999454,-1.4000000000000004,0,17,15
55,SAI,7.0,7,6.0,Finished,56.0,2021,17,,94.558,94.126,93.792,Ferrari,United States Grand Prix,7.0,20.0,93.792,0.882000000000005,5.666666666666667,6.8,7.0,,0.0,116.5,103.69811111111112,1.6204111111111246,0.18600000000000705,-0.40000000000000036,0,17,14
4,NOR,8.0,8,4.0,Finished,56.0,2021,17,,94.551,93.88,93.887,McLaren,United States Grand Prix,8.0,20.0,93.88,0.9699999999999989,5.333333333333333,8.0,7.3,,0.0625,145.0,102.61414285714284,0.5364428571428448,0.07199999999998852,1.4000000000000004,0,17,13
22,TSU,9.0,9,2.0,+1 Lap,55.0,2021,17,,95.36,95.137,94.918,AlphaTauri,United States Grand Prix,9.0,20.0,94.918,2.0080000000000098,17.0,17.2,13.5,,0.1875,18.0,103.71071428571427,1.6330142857142818,0.8000000000000114,7.399999999999999,0,17,12
5,VET,10.0,10,1.0,+1 Lap,55.0,2021,17,,95.281,95.5,,Aston Martin,United States Grand Prix,10.0,20.0,95.281,2.3710000000000093,14.0,12.0,11.9,,0.25,35.0,102.4979,0.42020000000000834,-0.7019999999999982,0.1999999999999993,0,17,11
99,GIO,11.0,11,0.0,+1 Lap,55.0,2021,17,,95.92,95.794,,Alfa Romeo Racing,United States Grand Prix,11.0,20.0,95.794,2.8840000000000003,13.333333333333334,13.4,13.4,,0.0,1.0,102.6735,0.5958000000000112,-0.5170000000000101,0.8000000000000007,0,17,10
18,STR,12.0,12,0.0,+1 Lap,55.0,2021,17,,95.983,,,Aston Martin,United States Grand Prix,12.0,20.0,95.983,3.0730000000000075,9.0,11.8,11.9,,0.125,26.0,102.20733333333334,0.12963333333334504,0.7019999999999982,-0.1999999999999993,0,17,9
7,RAI,13.0,13,0.0,+1 Lap,55.0,2021,17,,96.311,,,Alfa Romeo Racing,United States Grand Prix,13.0,20.0,96.311,3.4010000000000105,12.666666666666666,12.6,13.4,,0.07142857142857142,6.0,103.298625,1.2209250000000083,0.5170000000000101,-0.8000000000000007,0,17,8
63,RUS,14.0,14,0.0,+1 Lap,55.0,2021,17,,95.746,,,Williams,United States Grand Prix,14.0,20.0,95.746,2.8359999999999985,11.333333333333334,10.6,12.5,,0.25,16.0,104.00730769230768,1.929607692307684,-0.24900000000000944,-3.8000000000000007,0,17,7
6,LAT,15.0,15,0.0,+1 Lap,55.0,2021,17,,95.995,,,Williams,United States Grand Prix,15.0,20.0,95.995,3.085000000000008,15.666666666666666,14.4,12.5,,0.1875,7.0,103.95966666666668,1.8819666666666848,0.24900000000000944,3.8000000000000007,0,17,6
47,MSC,16.0,16,0.0,+2 Laps,54.0,2021,17,,96.499,,,Haas F1 Team,United States Grand Prix,16.0,20.0,96.499,3.5889999999999986,18.0,17.6,18.3,,0.0625,0.0,105.931,3.8533000000000044,-0.29700000000001125,-1.3999999999999986,0,17,5
9,MAZ,17.0,17,0.0,+2 Laps,54.0,2021,17,,96.796,,,Haas F1 Team,United States Grand Prix,17.0,20.0,96.796,3.88600000000001,19.333333333333332,19.0,18.3,,0.25,0.0,105.31757142857144,3.2398714285714476,0.29700000000001125,1.3999999999999986,0,17,4
14,ALO,18.0,R,0.0,Rear wing,49.0,2021,17,,95.756,104.549,,Alpine,United States Grand Prix,20.0,20.0,95.756,2.8460000000000036,10.0,9.4,9.7,,0.0625,58.0,102.2176,0.13990000000001146,0.3790000000000049,-0.5999999999999996,0,17,1
10,GAS,20.0,R,0.0,Suspension,14.0,2021,17,,94.567,94.583,94.118,AlphaTauri,United States Grand Prix,20.0,20.0,94.118,1.2079999999999984,13.0,9.8,13.5,,0.1875,74.0,103.38219999999998,1.3044999999999902,-0.8000000000000114,-7.399999999999999,0,17,1
31,OCO,19.0,R,0.0,Mechanical,40.0,2021,17,,95.747,95.377,,Alpine,United States Grand Prix,20.0,20.0,95.377,2.4669999999999987,11.333333333333334,10.0,9.7,,0.125,46.0,103.08075,1.0030500000000018,-0.3790000000000049,0.5999999999999996,0,17,1
33,VER,1.0,1,25.0,Finished,71.0,2021,18,,76.788,76.483,76.225,Red Bull Racing,Mexico City Grand Prix,1.0,20.0,76.225,0.3499999999999943,1.6666666666666667,5.2,5.4,,0.17647058823529413,282.5,82.63581818181818,1.5520681818181856,-0.11700000000000443,-0.39999999999999947,0,18,20
44,HAM,2.0,2,18.0,Finished,71.0,2021,18,,77.207,76.474,76.02,Mercedes,Mexico City Grand Prix,2.0,20.0,76.02,0.14499999999999602,2.6666666666666665,6.0,4.8,,0.058823529411764705,273.5,82.58033333333333,1.4965833333333336,0.14499999999999602,2.4,0,18,19
11,PER,3.0,3,15.0,Finished,71.0,2021,18,,77.003,77.055,76.342,Red Bull Racing,Mexico City Grand Prix,3.0,20.0,76.342,0.46699999999999875,5.0,5.6,5.4,,0.058823529411764705,150.0,82.41911111111112,1.3353611111111263,0.11700000000000443,0.39999999999999947,0,18,18
10,GAS,4.0,4,12.0,Finished,71.0,2021,18,,76.908,76.955,76.456,AlphaTauri,Mexico City Grand Prix,4.0,20.0,76.456,0.5810000000000031,13.0,12.6,14.3,,0.23529411764705882,74.0,81.77542857142858,0.6916785714285822,-0.24499999999999034,-3.4000000000000004,0,18,17
16,LEC,5.0,5,10.0,Finished,71.0,2021,18,,76.748,77.034,76.837,Ferrari,Mexico City Grand Prix,5.0,20.0,76.748,0.8730000000000047,7.666666666666667,6.4,6.3,,0.11764705882352941,128.0,82.10466666666666,1.0209166666666647,-0.012999999999991019,0.20000000000000018,0,18,16
55,SAI,6.0,6,8.0,+1 Lap,70.0,2021,18,,77.517,77.248,76.761,Ferrari,Mexico City Grand Prix,6.0,20.0,76.761,0.8859999999999957,6.0,6.2,6.3,,0.0,122.5,85.795375,4.711625000000012,0.012999999999991019,-0.20000000000000018,0,18,15
5,VET,7.0,7,6.0,+1 Lap,70.0,2021,18,,77.502,77.746,,Aston Martin,Mexico City Grand Prix,7.0,20.0,77.502,1.6269999999999953,13.333333333333334,13.0,11.6,,0.23529411764705882,36.0,82.93900000000001,1.8552500000000123,-3.3710000000000093,2.8000000000000007,0,18,14
7,RAI,8.0,8,4.0,+1 Lap,70.0,2021,18,,77.606,77.958,,Alfa Romeo Racing,Mexico City Grand Prix,8.0,20.0,77.606,1.7309999999999945,11.0,12.2,12.7,,0.06666666666666667,6.0,82.58814285714286,1.5043928571428609,-0.291000000000011,-0.8000000000000007,0,18,13
14,ALO,9.0,9,2.0,+1 Lap,70.0,2021,18,,78.452,,,Alpine,Mexico City Grand Prix,9.0,20.0,78.452,2.576999999999998,14.0,11.2,11.9,,0.11764705882352941,58.0,82.26575000000001,1.1820000000000164,0.3259999999999934,-1.4000000000000004,0,18,12
4,NOR,10.0,10,1.0,+1 Lap,70.0,2021,18,,77.569,77.473,96.83,McLaren,Mexico City Grand Prix,10.0,20.0,77.473,1.597999999999999,7.333333333333333,6.8,6.8,,0.058823529411764705,149.0,82.6462,1.5624499999999983,0.7099999999999937,0.0,0,18,11
99,GIO,11.0,11,0.0,+1 Lap,70.0,2021,18,,77.897,78.29,,Alfa Romeo Racing,Mexico City Grand Prix,11.0,20.0,77.897,2.0220000000000056,12.666666666666666,13.0,12.7,,0.0,1.0,83.5214,2.437650000000005,0.291000000000011,0.8000000000000007,0,18,10
3,RIC,12.0,12,0.0,+1 Lap,70.0,2021,18,,77.719,77.092,76.763,McLaren,Mexico City Grand Prix,12.0,20.0,76.763,0.8880000000000052,7.333333333333333,6.8,6.8,,0.0,104.0,99.2875,18.20375,-0.7099999999999937,0.0,0,18,9
31,OCO,13.0,13,0.0,+1 Lap,70.0,2021,18,,78.126,78.405,,Alpine,Mexico City Grand Prix,13.0,20.0,78.126,2.2510000000000048,14.666666666666666,12.6,11.9,,0.17647058823529413,46.0,83.1491875,2.0654375000000016,-0.3259999999999934,1.4000000000000004,0,18,8
18,STR,14.0,14,0.0,+2 Laps,69.0,2021,18,,80.873,,,Aston Martin,Mexico City Grand Prix,14.0,20.0,80.873,4.998000000000005,10.666666666666666,10.2,11.6,,0.11764705882352941,26.0,83.01141666666666,1.927666666666667,3.3710000000000093,-2.8000000000000007,0,18,7
77,BOT,15.0,15,0.0,+2 Laps,69.0,2021,18,,76.727,76.864,75.875,Mercedes,Mexico City Grand Prix,15.0,20.0,75.875,0.0,4.0,3.6,4.8,,0.17647058823529413,181.0,81.08375,0.0,-0.14499999999999602,-2.4,0,18,6
63,RUS,16.0,16,0.0,+2 Laps,69.0,2021,18,,77.958,78.172,,Williams,Mexico City Grand Prix,16.0,20.0,77.958,2.0829999999999984,13.0,13.0,14.3,,0.23529411764705882,16.0,,,-0.7980000000000018,-2.5999999999999996,0,18,5
6,LAT,17.0,17,0.0,+2 Laps,69.0,2021,18,,78.756,,,Williams,Mexico City Grand Prix,17.0,20.0,78.756,2.8810000000000002,17.0,15.6,14.3,,0.17647058823529413,7.0,86.75844444444446,5.674694444444469,0.7980000000000018,2.5999999999999996,0,18,4
9,MAZ,18.0,18,0.0,+3 Laps,68.0,2021,18,,79.303,,,Haas F1 Team,Mexico City Grand Prix,18.0,20.0,79.303,3.4279999999999973,18.333333333333332,19.0,18.3,,0.23529411764705882,0.0,85.65566666666666,4.571916666666667,0.4449999999999932,1.3999999999999986,0,18,3
47,MSC,19.0,R,0.0,Collision,0.0,2021,18,,78.858,,,Haas F1 Team,Mexico City Grand Prix,20.0,20.0,78.858,2.983000000000004,18.333333333333332,17.6,18.3,,0.058823529411764705,0.0,83.27766666666666,2.1939166666666665,-0.4449999999999932,-1.3999999999999986,0,18,1
22,TSU,20.0,R,0.0,Collision,0.0,2021,18,,77.33,76.701,77.158,AlphaTauri,Mexico City Grand Prix,20.0,20.0,76.701,0.8259999999999934,13.333333333333334,16.0,14.3,,0.17647058823529413,20.0,82.50186666666669,1.4181166666666911,0.24499999999999034,3.4000000000000004,0,18,1
44,HAM,1.0,1,25.0,Finished,71.0,2021,19,,68.733,68.068,67.934,Mercedes,São Paulo Grand Prix,1.0,20.0,67.934,0.0,3.0,6.0,6.0,,0.05555555555555555,291.5,73.74185714285714,1.1483571428571366,-0.49200000000000443,0.0,0,19,20
33,VER,2.0,2,18.0,Finished,71.0,2021,19,,69.329,68.499,68.372,Red Bull Racing,São Paulo Grand Prix,2.0,20.0,68.372,0.4380000000000024,1.3333333333333333,5.2,4.9,,0.16666666666666666,307.5,72.5935,0.0,-0.1110000000000042,0.6000000000000005,0,19,19
77,BOT,3.0,3,15.0,Finished,71.0,2021,19,,69.04,68.426,68.469,Mercedes,São Paulo Grand Prix,3.0,20.0,68.426,0.49200000000000443,7.333333333333333,6.0,6.0,,0.16666666666666666,181.0,74.6982,2.104699999999994,0.49200000000000443,0.0,0,19,18
11,PER,4.0,4,13.0,Finished,71.0,2021,19,,69.172,68.973,68.483,Red Bull Racing,São Paulo Grand Prix,4.0,20.0,68.483,0.5490000000000066,3.0,4.6,4.9,,0.05555555555555555,165.0,74.11511764705882,1.521617647058818,0.1110000000000042,-0.6000000000000005,0,19,17
16,LEC,5.0,5,10.0,Finished,71.0,2021,19,,69.155,68.859,68.96,Ferrari,São Paulo Grand Prix,5.0,20.0,68.859,0.9249999999999972,4.333333333333333,6.4,6.2,,0.1111111111111111,138.0,73.69190909090909,1.0984090909090867,0.03300000000000125,0.40000000000000036,0,19,16
55,SAI,6.0,6,8.0,Finished,71.0,2021,19,,69.046,69.031,68.826,Ferrari,São Paulo Grand Prix,6.0,20.0,68.826,0.8919999999999959,7.0,6.0,6.2,,0.0,130.5,75.05975000000001,2.4662500000000023,-0.03300000000000125,-0.40000000000000036,0,19,15
10,GAS,7.0,7,6.0,+1 Lap,70.0,2021,19,,69.347,68.903,68.777,AlphaTauri,São Paulo Grand Prix,7.0,20.0,68.777,0.8430000000000035,10.0,12.6,14.3,,0.2222222222222222,86.0,74.0240909090909,1.4305909090908955,-0.5729999999999933,-3.4000000000000004,0,19,14
31,OCO,8.0,8,4.0,+1 Lap,70.0,2021,19,,69.43,69.189,,Alpine,São Paulo Grand Prix,8.0,20.0,69.189,1.2549999999999955,14.333333333333334,13.4,12.6,,0.16666666666666666,46.0,73.76566666666666,1.172166666666655,0.0759999999999934,1.5999999999999996,0,19,13
14,ALO,9.0,9,2.0,+1 Lap,70.0,2021,19,,69.391,69.137,69.113,Alpine,São Paulo Grand Prix,9.0,20.0,69.113,1.179000000000002,15.0,11.8,12.6,,0.1111111111111111,60.0,73.512,0.9184999999999945,-0.0759999999999934,-1.5999999999999996,0,19,12
4,NOR,10.0,10,1.0,+1 Lap,70.0,2021,19,,69.365,69.03,68.98,McLaren,São Paulo Grand Prix,10.0,20.0,68.98,1.0460000000000065,8.333333333333334,6.8,6.9,,0.05555555555555555,150.0,74.7478888888889,2.1543888888888887,-0.0589999999999975,-0.20000000000000018,0,19,11
5,VET,11.0,11,0.0,+1 Lap,70.0,2021,19,,69.451,69.399,,Aston Martin,São Paulo Grand Prix,11.0,20.0,69.399,1.4650000000000034,11.666666666666666,11.8,11.2,,0.2222222222222222,42.0,74.45263636363636,1.8591363636363525,-0.2639999999999958,1.200000000000001,0,19,10
7,RAI,12.0,12,0.0,+1 Lap,70.0,2021,19,,69.598,69.503,,Alfa Romeo Racing,São Paulo Grand Prix,12.0,20.0,69.503,1.5690000000000026,11.0,11.8,11.7,,0.0625,10.0,74.49441176470589,1.9009117647058815,0.16100000000000136,-0.5999999999999996,0,19,9
63,RUS,13.0,13,0.0,+1 Lap,70.0,2021,19,,69.953,,,Williams,São Paulo Grand Prix,13.0,20.0,69.953,2.0190000000000055,15.0,12.8,14.3,,0.2222222222222222,16.0,74.43792307692307,1.8444230769230643,0.055999999999997385,-3.0,0,19,8
99,GIO,14.0,14,0.0,+1 Lap,70.0,2021,19,,69.342,70.227,,Alfa Romeo Racing,São Paulo Grand Prix,14.0,20.0,69.342,1.4080000000000013,11.0,12.4,11.7,,0.0,1.0,75.1329375,2.539437499999991,-0.16100000000000136,0.5999999999999996,0,19,7
22,TSU,15.0,15,0.0,+1 Lap,70.0,2021,19,,69.35,69.483,,AlphaTauri,São Paulo Grand Prix,15.0,20.0,69.35,1.4159999999999968,14.333333333333334,16.0,14.3,,0.2222222222222222,20.0,74.35336363636362,1.7598636363636189,0.5729999999999933,3.4000000000000004,0,19,6
6,LAT,16.0,16,0.0,+1 Lap,70.0,2021,19,,69.897,,,Williams,São Paulo Grand Prix,16.0,20.0,69.897,1.963000000000008,16.333333333333332,15.8,14.3,,0.16666666666666666,7.0,74.3828,1.7892999999999972,-0.055999999999997385,3.0,0,19,5
9,MAZ,17.0,17,0.0,+2 Laps,69.0,2021,19,,70.589,,,Haas F1 Team,São Paulo Grand Prix,17.0,20.0,70.589,2.655000000000001,18.333333333333332,18.6,18.3,,0.2222222222222222,0.0,76.1875,3.593999999999994,0.2600000000000051,0.6000000000000014,0,19,4
47,MSC,18.0,18,0.0,+2 Laps,69.0,2021,19,,70.329,,,Haas F1 Team,São Paulo Grand Prix,18.0,20.0,70.329,2.394999999999996,18.333333333333332,18.0,18.3,,0.1111111111111111,0.0,75.32866666666666,2.7351666666666574,-0.2600000000000051,-0.6000000000000014,0,19,3
3,RIC,19.0,R,0.0,Power loss,49.0,2021,19,,69.374,69.093,69.039,McLaren,São Paulo Grand Prix,20.0,20.0,69.039,1.105000000000004,10.0,7.0,6.9,,0.0,104.0,73.88383333333333,1.2903333333333222,0.0589999999999975,0.20000000000000018,0,19,1
18,STR,20.0,R,0.0,Collision damage,47.0,2021,19,,69.663,,,Aston Martin,São Paulo Grand Prix,20.0,20.0,69.663,1.7289999999999992,11.666666666666666,10.6,11.2,,0.1111111111111111,26.0,74.699,2.105499999999992,0.2639999999999958,-1.200000000000001,0,19,1
44,HAM,1.0,1,25.0,Finished,57.0,2021,20,,81.901,81.682,80.827,Mercedes,Qatar Grand Prix,1.0,20.0,80.827,0.0,1.6666666666666667,2.2,4.1,,0.05263157894736842,316.5,90.10583333333334,1.4295000000000044,-0.6509999999999962,-3.8,0,20,20
33,VER,2.0,2,19.0,Finished,57.0,2021,20,,81.996,81.984,81.282,Red Bull Racing,Qatar Grand Prix,2.0,20.0,81.282,0.4549999999999983,1.3333333333333333,1.6,3.0,,0.15789473684210525,325.5,89.56275,0.886416666666662,-1.0640000000000072,-2.8000000000000003,0,20,19
14,ALO,3.0,3,15.0,Finished,57.0,2021,20,,82.422,81.894,81.67,Alpine,Qatar Grand Prix,3.0,20.0,81.67,0.8430000000000035,12.666666666666666,12.0,12.5,,0.10526315789473684,62.0,90.94141666666668,2.265083333333351,-0.34199999999999875,-1.0,0,20,18
11,PER,4.0,4,12.0,Finished,57.0,2021,20,,82.398,82.346,,Red Bull Racing,Qatar Grand Prix,4.0,20.0,82.346,1.5190000000000055,3.3333333333333335,4.4,3.0,,0.05263157894736842,178.0,89.7945,1.1181666666666672,1.0640000000000072,2.8000000000000003,0,20,17
31,OCO,5.0,5,10.0,Finished,57.0,2021,20,,82.565,82.012,82.028,Alpine,Qatar Grand Prix,5.0,20.0,82.012,1.1850000000000023,13.666666666666666,13.0,12.5,,0.15789473684210525,50.0,89.0861,0.4097666666666697,0.34199999999999875,1.0,0,20,16
18,STR,6.0,6,8.0,Finished,57.0,2021,20,,82.551,82.46,,Aston Martin,Qatar Grand Prix,6.0,20.0,82.46,1.6329999999999956,15.333333333333334,13.2,12.4,,0.15789473684210525,26.0,90.28916666666665,1.6128333333333131,0.31399999999999295,1.5999999999999996,0,20,15
55,SAI,7.0,7,6.0,Finished,57.0,2021,20,,82.304,82.241,81.84,Ferrari,Qatar Grand Prix,7.0,20.0,81.84,1.0130000000000052,6.333333333333333,6.0,6.3,,0.0,138.5,89.48722222222221,0.8108888888888828,-0.6229999999999905,-0.5999999999999996,0,20,14
16,LEC,8.0,8,4.0,Finished,57.0,2021,20,,82.742,82.463,,Ferrari,Qatar Grand Prix,8.0,20.0,82.463,1.6359999999999957,4.666666666666667,6.6,6.3,,0.10526315789473684,148.0,89.6965,1.0201666666666682,0.6229999999999905,0.5999999999999996,0,20,13
4,NOR,9.0,9,2.0,+1 Lap,56.0,2021,20,,82.839,82.216,81.731,McLaren,Qatar Grand Prix,9.0,20.0,81.731,0.9039999999999964,9.333333333333334,8.4,9.6,,0.05263157894736842,151.0,89.6538,0.9774666666666718,-0.8659999999999997,-2.4000000000000004,0,20,12
5,VET,10.0,10,1.0,+1 Lap,56.0,2021,20,,82.549,82.146,82.785,Aston Martin,Qatar Grand Prix,10.0,20.0,82.146,1.3190000000000026,9.333333333333334,11.6,12.4,,0.21052631578947367,42.0,88.67633333333333,0.0,-0.31399999999999295,-1.5999999999999996,0,20,11
10,GAS,11.0,11,0.0,+1 Lap,56.0,2021,20,,82.535,81.728,81.64,AlphaTauri,Qatar Grand Prix,11.0,20.0,81.64,0.8130000000000024,10.333333333333334,10.0,12.5,,0.21052631578947367,92.0,90.492375,1.8160416666666634,-0.24099999999999966,-5.0,0,20,10
3,RIC,12.0,12,0.0,+1 Lap,56.0,2021,20,,82.688,82.597,,McLaren,Qatar Grand Prix,12.0,20.0,82.597,1.769999999999996,12.333333333333334,10.8,9.6,,0.05263157894736842,104.0,90.08157142857142,1.40523809523809,0.8659999999999997,2.4000000000000004,0,20,9
22,TSU,13.0,13,0.0,+1 Lap,56.0,2021,20,,82.458,82.058,81.881,AlphaTauri,Qatar Grand Prix,13.0,20.0,81.881,1.054000000000002,14.666666666666666,15.0,12.5,,0.21052631578947367,20.0,91.0872,2.4108666666666636,0.24099999999999966,5.0,0,20,8
7,RAI,14.0,14,0.0,+1 Lap,56.0,2021,20,,83.156,,,Alfa Romeo Racing,Qatar Grand Prix,14.0,20.0,83.156,2.3290000000000077,11.0,10.6,11.6,,0.058823529411764705,10.0,90.58833333333332,1.911999999999992,-0.10599999999999454,-2.0,0,20,7
99,GIO,15.0,15,0.0,+1 Lap,56.0,2021,20,,83.262,,,Alfa Romeo Racing,Qatar Grand Prix,15.0,20.0,83.262,2.4350000000000023,12.0,12.6,11.6,,0.0,1.0,89.83375,1.1574166666666628,0.10599999999999454,2.0,0,20,6
47,MSC,16.0,16,0.0,+1 Lap,56.0,2021,20,,83.407,,,Haas F1 Team,Qatar Grand Prix,16.0,20.0,83.407,2.5799999999999983,18.0,18.6,18.3,,0.10526315789473684,0.0,90.23216666666669,1.5558333333333536,-2.451999999999998,0.6000000000000014,0,20,5
63,RUS,17.0,17,0.0,+2 Laps,55.0,2021,20,,82.863,82.756,,Williams,Qatar Grand Prix,17.0,20.0,82.756,1.929000000000002,14.333333333333334,13.6,15.2,,0.21052631578947367,16.0,90.44063636363636,1.7643030303030258,-0.45699999999999363,-3.200000000000001,0,20,4
9,MAZ,18.0,18,0.0,+2 Laps,55.0,2021,20,,85.859,,,Haas F1 Team,Qatar Grand Prix,18.0,20.0,85.859,5.0319999999999965,17.333333333333332,18.0,18.3,,0.21052631578947367,0.0,,,2.451999999999998,-0.6000000000000014,0,20,3
77,BOT,20.0,R,0.0,Damage,48.0,2021,20,,82.016,81.991,81.478,Mercedes,Qatar Grand Prix,20.0,20.0,81.478,0.6509999999999962,8.0,6.0,4.1,,0.15789473684210525,196.0,88.787875,0.11154166666666754,0.6509999999999962,3.8,0,20,1
6,LAT,19.0,R,0.0,Puncture,50.0,2021,20,,83.213,,,Williams,Qatar Grand Prix,20.0,20.0,83.213,2.3859999999999957,16.0,16.8,15.2,,0.15789473684210525,7.0,90.58045454545454,1.9041212121212112,0.45699999999999363,3.200000000000001,0,20,1
44,HAM,1.0,1,26.0,Finished,50.0,2021,21,,88.466,87.712,87.511,Mercedes,Saudi Arabian Grand Prix,1.0,20.0,87.511,0.0,1.3333333333333333,2.2,5.6,,0.05,341.5,96.20375,6.503749999999997,-0.1110000000000042,-6.8,0,21,20
33,VER,2.0,2,18.0,Finished,50.0,2021,21,,88.285,87.953,87.653,Red Bull Racing,Saudi Arabian Grand Prix,2.0,20.0,87.653,0.14200000000001012,1.6666666666666667,1.6,2.5,,0.15,344.5,89.7,0.0,-0.29299999999999216,-1.7999999999999998,0,21,19
77,BOT,3.0,3,15.0,Finished,50.0,2021,21,,88.057,88.054,87.622,Mercedes,Saudi Arabian Grand Prix,3.0,20.0,87.622,0.1110000000000042,12.666666666666666,9.0,5.6,,0.2,196.0,106.0864,16.386399999999995,0.1110000000000042,6.8,0,21,18
31,OCO,4.0,4,12.0,Finished,50.0,2021,21,,88.752,88.574,88.647,Alpine,Saudi Arabian Grand Prix,4.0,20.0,88.574,1.0630000000000024,8.666666666666666,11.2,11.3,,0.15,60.0,96.014,6.313999999999993,-0.34600000000000364,-0.20000000000000107,0,21,17
3,RIC,5.0,5,10.0,Finished,50.0,2021,21,,88.216,88.668,,McLaren,Saudi Arabian Grand Prix,5.0,20.0,88.216,0.7049999999999983,14.666666666666666,12.4,10.6,,0.05,104.0,95.165,5.465000000000003,0.03599999999998715,3.5999999999999996,0,21,16
10,GAS,6.0,6,8.0,Finished,50.0,2021,21,,88.401,88.314,88.125,AlphaTauri,Saudi Arabian Grand Prix,6.0,20.0,88.125,0.6140000000000043,7.333333333333333,9.6,11.9,,0.2,92.0,104.29133333333333,14.591333333333324,-0.0969999999999942,-4.6,0,21,15
16,LEC,7.0,7,6.0,Finished,50.0,2021,21,,88.31,88.459,88.054,Ferrari,Saudi Arabian Grand Prix,7.0,20.0,88.054,0.5430000000000064,6.0,5.2,6.0,,0.1,152.0,103.9395,14.239499999999992,-0.18299999999999272,-1.5999999999999996,0,21,14
55,SAI,8.0,8,4.0,Finished,50.0,2021,21,,88.237,113.652,,Ferrari,Saudi Arabian Grand Prix,8.0,20.0,88.237,0.7259999999999991,6.333333333333333,6.8,6.0,,0.0,144.5,111.141,21.441000000000003,0.18299999999999272,1.5999999999999996,0,21,13
99,GIO,9.0,9,2.0,Finished,50.0,2021,21,,88.899,88.616,88.754,Alfa Romeo Racing,Saudi Arabian Grand Prix,9.0,20.0,88.616,1.105000000000004,13.333333333333334,12.4,12.1,,0.0,1.0,95.40633333333334,5.706333333333333,-0.23999999999999488,0.5999999999999996,0,21,12
4,NOR,10.0,10,1.0,Finished,50.0,2021,21,,88.338,88.344,88.18,McLaren,Saudi Arabian Grand Prix,10.0,20.0,88.18,0.6690000000000111,9.666666666666666,8.8,10.6,,0.05,153.0,120.36,30.659999999999997,-0.03599999999998715,-3.5999999999999996,0,21,11
18,STR,11.0,11,0.0,Finished,50.0,2021,21,,89.368,,,Aston Martin,Saudi Arabian Grand Prix,11.0,20.0,89.368,1.8569999999999993,13.333333333333334,12.2,11.7,,0.15,34.0,95.92483333333332,6.224833333333322,0.1700000000000017,1.0,0,21,10
6,LAT,12.0,12,0.0,Finished,50.0,2021,21,,89.177,,,Williams,Saudi Arabian Grand Prix,12.0,20.0,89.177,1.666000000000011,17.666666666666668,17.0,16.0,,0.2,7.0,95.9178,6.217799999999997,0.2510000000000048,2.0,0,21,9
14,ALO,13.0,13,0.0,+1 Lap,49.0,2021,21,,88.944,88.92,,Alpine,Saudi Arabian Grand Prix,13.0,20.0,88.92,1.409000000000006,7.0,11.4,11.3,,0.1,77.0,95.64579999999998,5.945799999999977,0.34600000000000364,0.20000000000000107,0,21,8
22,TSU,14.0,14,0.0,+1 Lap,49.0,2021,21,,88.503,88.222,88.442,AlphaTauri,Saudi Arabian Grand Prix,14.0,20.0,88.222,0.7109999999999985,16.0,14.2,11.9,,0.2,20.0,110.4535,20.753500000000003,0.0969999999999942,4.6,0,21,7
7,RAI,15.0,15,0.0,+1 Lap,49.0,2021,21,,88.856,88.885,,Alfa Romeo Racing,Saudi Arabian Grand Prix,15.0,20.0,88.856,1.3449999999999989,11.333333333333334,11.8,12.1,,0.05555555555555555,10.0,108.135,18.435000000000002,0.23999999999999488,-0.5999999999999996,0,21,6
9,MAZ,18.0,R,0.0,Collision,14.0,2021,21,,90.473,,,Haas F1 Team,Saudi Arabian Grand Prix,20.0,20.0,90.473,2.9620000000000033,17.666666666666668,18.0,17.9,,0.2,0.0,116.44325,26.743250000000003,1.0090000000000003,0.1999999999999993,0,21,1
47,MSC,20.0,R,0.0,Accident,8.0,2021,21,,89.464,,,Haas F1 Team,Saudi Arabian Grand Prix,20.0,20.0,89.464,1.953000000000003,18.0,17.8,17.9,,0.1,0.0,96.406,6.706000000000003,-1.0090000000000003,-0.1999999999999993,0,21,1
11,PER,17.0,R,0.0,Collision,14.0,2021,21,,88.021,87.946,88.123,Red Bull Racing,Saudi Arabian Grand Prix,20.0,20.0,87.946,0.4350000000000023,3.6666666666666665,3.4,2.5,,0.05,190.0,111.12516666666666,21.425166666666655,0.29299999999999216,1.7999999999999998,0,21,1
63,RUS,19.0,R,0.0,Collision,14.0,2021,21,,88.926,89.054,,Williams,Saudi Arabian Grand Prix,20.0,20.0,88.926,1.4150000000000063,15.333333333333334,15.0,16.0,,0.2,16.0,94.86866666666668,5.168666666666681,-0.2510000000000048,-2.0,0,21,1
5,VET,16.0,R,0.0,Collision damage,44.0,2021,21,,89.198,,,Aston Martin,Saudi Arabian Grand Prix,20.0,20.0,89.198,1.6869999999999976,9.333333333333334,11.2,11.7,,0.2,43.0,96.2048,6.504800000000003,-0.1700000000000017,-1.0,0,21,1
33,VER,1.0,1,26.0,Finished,58.0,2021,22,,83.322,82.8,82.109,Red Bull Racing,Abu Dhabi Grand Prix,1.0,20.0,82.109,0.0,2.0,1.6,4.2,,0.14285714285714285,362.5,88.5954,0.0,-0.8380000000000081,-5.199999999999999,0,22,20
44,HAM,2.0,2,18.0,Finished,58.0,2021,22,,82.845,83.145,82.48,Mercedes,Abu Dhabi Grand Prix,2.0,20.0,82.48,0.3710000000000093,1.0,1.4,5.4,,0.047619047619047616,367.5,90.29966666666664,1.7042666666666406,-0.5559999999999974,-8.0,0,22,19
55,SAI,3.0,3,15.0,Finished,58.0,2021,22,,83.624,83.174,82.992,Ferrari,Abu Dhabi Grand Prix,3.0,20.0,82.992,0.8830000000000098,7.0,6.8,6.3,,0.0,148.5,90.4122222222222,1.8168222222222,-0.12999999999999545,1.0,0,22,18
22,TSU,4.0,4,12.0,Finished,58.0,2021,22,,83.428,83.404,83.22,AlphaTauri,Abu Dhabi Grand Prix,4.0,20.0,83.22,1.1110000000000042,14.0,14.2,11.9,,0.19047619047619047,20.0,90.36,1.7646000000000015,-0.26900000000000546,4.6,0,22,17
10,GAS,5.0,5,10.0,Finished,58.0,2021,22,,83.489,84.043,,AlphaTauri,Abu Dhabi Grand Prix,5.0,20.0,83.489,1.3800000000000097,8.0,9.6,11.9,,0.19047619047619047,100.0,90.4637,1.868300000000005,0.26900000000000546,-4.6,0,22,16
77,BOT,6.0,6,8.0,Finished,58.0,2021,22,,83.117,83.246,83.036,Mercedes,Abu Dhabi Grand Prix,6.0,20.0,83.036,0.9270000000000067,8.666666666666666,9.4,5.4,,0.19047619047619047,211.0,91.22869230769231,2.633292307692315,0.5559999999999974,8.0,0,22,15
4,NOR,7.0,7,6.0,Finished,58.0,2021,22,,83.553,83.256,82.931,McLaren,Abu Dhabi Grand Prix,7.0,20.0,82.931,0.8220000000000027,9.666666666666666,9.4,10.1,,0.047619047619047616,154.0,90.0353076923077,1.439907692307699,-0.47800000000000864,-1.4000000000000004,0,22,14
14,ALO,8.0,8,4.0,Finished,58.0,2021,22,,83.846,83.46,,Alpine,Abu Dhabi Grand Prix,8.0,20.0,83.46,1.350999999999999,8.333333333333334,10.8,10.4,,0.09523809523809523,77.0,89.98236363636364,1.386963636363646,0.07099999999999795,0.8000000000000007,0,22,13
31,OCO,9.0,9,2.0,Finished,58.0,2021,22,,83.764,83.42,83.389,Alpine,Abu Dhabi Grand Prix,9.0,20.0,83.389,1.2800000000000011,5.666666666666667,10.0,10.4,,0.14285714285714285,72.0,90.54423076923078,1.9488307692307814,-0.07099999999999795,-0.8000000000000007,0,22,12
16,LEC,10.0,10,1.0,Finished,58.0,2021,22,,83.467,83.202,83.122,Ferrari,Abu Dhabi Grand Prix,10.0,20.0,83.122,1.0130000000000052,6.666666666666667,5.8,6.3,,0.09523809523809523,158.0,89.93379999999999,1.338399999999993,0.12999999999999545,-1.0,0,22,11
5,VET,11.0,11,0.0,Finished,58.0,2021,22,,84.225,84.305,,Aston Martin,Abu Dhabi Grand Prix,11.0,20.0,84.225,2.1159999999999997,13.666666666666666,11.6,12.1,,0.23809523809523808,43.0,90.4111,1.8157000000000068,0.16399999999998727,-1.0,0,22,10
3,RIC,12.0,12,0.0,+1 Lap,57.0,2021,22,,83.829,83.448,83.409,McLaren,Abu Dhabi Grand Prix,12.0,20.0,83.409,1.3000000000000114,12.333333333333334,10.8,10.1,,0.047619047619047616,114.0,91.71222222222222,3.1168222222222255,0.47800000000000864,1.4000000000000004,0,22,9
18,STR,13.0,13,0.0,+1 Lap,57.0,2021,22,,84.061,84.066,,Aston Martin,Abu Dhabi Grand Prix,13.0,20.0,84.061,1.9520000000000124,12.333333333333334,12.6,12.1,,0.14285714285714285,34.0,90.63433333333334,2.038933333333347,-0.16399999999998727,1.0,0,22,8
47,MSC,14.0,14,0.0,+1 Lap,57.0,2021,22,,84.906,,,Haas F1 Team,Abu Dhabi Grand Prix,14.0,20.0,84.906,2.7970000000000113,18.0,18.0,18.0,,0.14285714285714285,0.0,91.93814285714286,3.3427428571428663,-0.7789999999999964,0.0,0,22,7
11,PER,15.0,15,0.0,Engine,55.0,2021,22,,83.35,83.135,82.947,Red Bull Racing,Abu Dhabi Grand Prix,15.0,20.0,82.947,0.8380000000000081,9.333333333333334,6.8,4.2,,0.09523809523809523,190.0,90.61822222222224,2.0228222222222456,0.8380000000000081,5.199999999999999,0,22,6
99,GIO,17.0,R,0.0,Gearbox,33.0,2021,22,,84.118,84.251,,Alfa Romeo Racing,Abu Dhabi Grand Prix,20.0,20.0,84.118,2.0090000000000003,12.666666666666666,12.0,12.2,,0.0,3.0,91.09714285714288,2.5017428571428866,-0.6610000000000014,-0.40000000000000036,0,22,1
6,LAT,16.0,R,0.0,Accident,50.0,2021,22,,84.338,,,Williams,Abu Dhabi Grand Prix,20.0,20.0,84.338,2.228999999999999,16.0,16.0,16.0,,0.19047619047619047,7.0,90.947,2.351600000000005,-0.08500000000000796,0.0,0,22,1
9,MAZ,,W,0.0,Illness,0.0,2021,22,,85.685,,,Haas F1 Team,Abu Dhabi Grand Prix,20.0,20.0,85.685,3.5760000000000076,18.333333333333332,18.0,18.0,,0.23809523809523808,0.0,94.6035,6.008099999999999,0.7789999999999964,0.0,0,22,1
7,RAI,19.0,R,0.0,Brakes,25.0,2021,22,,84.779,,,Alfa Romeo Racing,Abu Dhabi Grand Prix,20.0,20.0,84.779,2.6700000000000017,13.666666666666666,12.4,12.2,,0.05263157894736842,10.0,90.09033333333332,1.4949333333333215,0.6610000000000014,0.40000000000000036,0,22,1
63,RUS,18.0,R,0.0,Gearbox,26.0,2021,22,,84.423,,,Williams,Abu Dhabi Grand Prix,20.0,20.0,84.423,2.314000000000007,16.666666666666668,16.0,16.0,,0.23809523809523808,16.0,91.5991818181818,3.003781818181807,0.08500000000000796,0.0,0,22,1
16,LEC,1.0,1,26.0,Finished,57.0,2022,1,,91.471,90.932,90.558,Ferrari,Bahrain Grand Prix,1.0,20.0,90.558,0.0,8.333333333333334,7.0,6.5,6.0,0.09090909090909091,159.0,,,-0.12899999999999068,1.0,1,1,20
55,SAI,2.0,2,18.0,Finished,57.0,2022,1,,91.567,90.787,90.687,Ferrari,Bahrain Grand Prix,2.0,20.0,90.687,0.12899999999999068,6.0,6.0,6.5,8.0,0.0,163.5,98.4895,1.0176111111111084,0.12899999999999068,-1.0,1,1,19
44,HAM,3.0,3,15.0,Finished,57.0,2022,1,,92.285,91.048,91.238,Mercedes,Bahrain Grand Prix,3.0,20.0,91.048,0.4899999999999949,1.3333333333333333,1.4,5.4,1.0,0.045454545454545456,385.5,101.9859,4.5140111111111025,-0.20399999999999352,-15.799999999999999,1,1,18
63,RUS,4.0,4,12.0,Finished,57.0,2022,1,,92.269,91.252,92.216,Mercedes,Bahrain Grand Prix,4.0,20.0,91.252,0.6939999999999884,19.0,17.2,5.4,14.0,0.2727272727272727,16.0,98.6617777777778,1.1898888888889019,0.20399999999999352,15.799999999999999,1,1,17
20,MAG,5.0,5,10.0,Finished,57.0,2022,1,,91.955,91.461,91.808,Haas F1 Team,Bahrain Grand Prix,5.0,20.0,91.461,0.9029999999999916,,,18.1,,0.0,0.0,98.47066666666667,0.9987777777777751,-0.5370000000000061,,1,1,16
77,BOT,6.0,6,8.0,Finished,57.0,2022,1,,91.919,91.717,91.56,Alfa Romeo,Bahrain Grand Prix,6.0,20.0,91.56,1.0019999999999953,9.666666666666666,9.4,,3.0,0.18181818181818182,219.0,98.4404,0.9685111111110984,-0.9329999999999927,,1,1,15
31,OCO,7.0,7,6.0,Finished,57.0,2022,1,,92.041,91.782,,Alpine,Bahrain Grand Prix,7.0,20.0,91.782,1.2239999999999895,6.0,7.8,8.1,13.0,0.13636363636363635,74.0,98.89228571428572,1.4203968253968213,0.16100000000000136,-0.6000000000000005,1,1,14
22,TSU,8.0,8,4.0,Finished,57.0,2022,1,,92.75,,,AlphaTauri,Bahrain Grand Prix,8.0,20.0,92.75,2.191999999999993,10.333333333333334,13.2,9.9,9.0,0.18181818181818182,32.0,99.47166666666668,1.9997777777777799,1.1149999999999949,6.6,1,1,13
14,ALO,9.0,9,2.0,Finished,57.0,2022,1,,92.346,91.621,92.195,Alpine,Bahrain Grand Prix,9.0,20.0,91.621,1.0629999999999882,8.0,8.4,8.1,20.0,0.09090909090909091,81.0,98.66814285714284,1.1962539682539415,-0.16100000000000136,0.6000000000000005,1,1,12
24,ZHO,10.0,10,1.0,Finished,57.0,2022,1,,92.493,93.543,,Alfa Romeo,Bahrain Grand Prix,10.0,20.0,92.493,1.934999999999988,,,,,0.0,0.0,99.236375,1.764486111111097,0.9329999999999927,,1,1,11
47,MSC,11.0,11,0.0,Finished,57.0,2022,1,,92.38,91.998,,Haas F1 Team,Bahrain Grand Prix,11.0,20.0,91.998,1.4399999999999977,16.666666666666668,17.6,18.1,16.0,0.13636363636363635,0.0,101.893125,4.421236111111099,0.5370000000000061,,1,1,10
18,STR,12.0,12,0.0,Finished,57.0,2022,1,,93.032,,,Aston Martin,Bahrain Grand Prix,12.0,20.0,93.032,2.4739999999999895,10.0,12.8,12.3,10.0,0.13636363636363635,34.0,100.12714285714286,2.655253968253959,0.25499999999999545,,1,1,9
23,ALB,13.0,13,0.0,Finished,57.0,2022,1,,92.726,92.664,,Williams,Bahrain Grand Prix,13.0,20.0,92.664,2.1059999999999945,,,17.1,,0.0,0.0,104.65283333333332,7.180944444444421,-0.9699999999999989,,1,1,8
3,RIC,14.0,14,0.0,Finished,57.0,2022,1,,92.945,,,McLaren,Bahrain Grand Prix,14.0,20.0,92.945,2.3869999999999862,9.666666666666666,12.2,10.7,7.0,0.045454545454545456,114.0,106.7444,9.2725111111111,0.9369999999999976,3.0,1,1,7
4,NOR,15.0,15,0.0,Finished,57.0,2022,1,,92.239,92.008,,McLaren,Bahrain Grand Prix,15.0,20.0,92.008,1.4499999999999886,8.666666666666666,9.2,10.7,4.0,0.045454545454545456,160.0,101.60728571428572,4.135396825396825,-0.9369999999999976,-3.0,1,1,6
6,LAT,16.0,16,0.0,Finished,57.0,2022,1,,93.634,,,Williams,Bahrain Grand Prix,16.0,20.0,93.634,3.0759999999999934,17.333333333333332,17.0,17.1,18.0,0.22727272727272727,7.0,103.32216666666666,5.850277777777762,0.9699999999999989,,1,1,5
27,HUL,17.0,17,0.0,Finished,57.0,2022,1,,92.777,,,Aston Martin,Bahrain Grand Prix,17.0,20.0,92.777,2.218999999999994,,,12.3,,0.0,0.0,100.1052,2.633311111111098,-0.25499999999999545,,1,1,4
11,PER,18.0,18,0.0,Fuel pressure,56.0,2022,1,,92.311,91.008,90.921,Red Bull Racing,Bahrain Grand Prix,18.0,20.0,90.921,0.36299999999999955,13.0,9.2,5.4,5.0,0.13636363636363635,190.0,98.37425,0.9023611111111052,0.2400000000000091,7.6,1,1,3
1,VER,19.0,19,0.0,Fuel pressure,54.0,2022,1,,91.785,90.757,90.681,Red Bull Racing,Bahrain Grand Prix,19.0,20.0,90.681,0.12299999999999045,1.6666666666666667,1.6,5.4,2.0,0.13636363636363635,388.5,97.4718888888889,0.0,-0.2400000000000091,-7.6,1,1,2
10,GAS,20.0,R,0.0,Power Unit,44.0,2022,1,,92.096,91.635,92.338,AlphaTauri,Bahrain Grand Prix,20.0,20.0,91.635,1.0769999999999982,7.333333333333333,6.6,9.9,17.0,0.18181818181818182,110.0,98.9542,1.4823111111111018,-1.1149999999999949,-6.6,1,1,1
1,VER,1.0,1,25.0,Finished,50.0,2022,2,,88.928,88.945,88.461,Red Bull Racing,Saudi Arabian Grand Prix,1.0,20.0,88.461,0.2609999999999957,7.333333333333333,5.2,8.7,2.0,1.0,0.0,96.61057142857145,1.2759047619047692,0.2609999999999957,-6.999999999999999,1,2,20
16,LEC,2.0,2,19.0,Finished,50.0,2022,2,,89.039,88.78,88.225,Ferrari,Saudi Arabian Grand Prix,2.0,20.0,88.225,0.024999999999991473,6.0,6.2,5.7,7.0,0.0,26.0,110.8595,15.52483333333332,-0.1770000000000067,1.0,1,2,19
55,SAI,3.0,3,15.0,Finished,50.0,2022,2,,88.855,88.686,88.402,Ferrari,Saudi Arabian Grand Prix,3.0,20.0,88.402,0.20199999999999818,4.333333333333333,5.2,5.7,8.0,0.0,18.0,115.5425,20.207833333333326,0.1770000000000067,-1.0,1,2,18
11,PER,4.0,4,12.0,Finished,50.0,2022,2,,89.705,88.924,88.2,Red Bull Racing,Saudi Arabian Grand Prix,4.0,20.0,88.2,0.0,17.666666666666668,12.2,8.7,20.0,1.0,0.0,95.70316666666668,0.3684999999999974,-0.2609999999999957,6.999999999999999,1,2,17
63,RUS,5.0,5,10.0,Finished,50.0,2022,2,,89.68,89.618,89.104,Mercedes,Saudi Arabian Grand Prix,5.0,20.0,89.104,0.9039999999999964,14.666666666666666,14.8,4.4,20.0,0.0,12.0,96.90969230769232,1.575025641025647,-1.2390000000000043,13.200000000000001,1,2,16
31,OCO,6.0,6,8.0,Finished,50.0,2022,2,,90.093,89.584,89.068,Alpine,Saudi Arabian Grand Prix,6.0,20.0,89.068,0.867999999999995,6.666666666666667,6.6,7.5,4.0,0.0,6.0,97.04771428571426,1.713047619047586,-0.07900000000000773,-1.8000000000000007,1,2,15
4,NOR,7.0,7,6.0,Finished,50.0,2022,2,,89.957,89.651,,McLaren,Saudi Arabian Grand Prix,7.0,20.0,89.651,1.4509999999999934,10.666666666666666,10.2,11.4,10.0,0.0,0.0,96.553,1.2183333333333195,-0.12199999999999989,-2.4000000000000004,1,2,14
10,GAS,8.0,8,4.0,Finished,50.0,2022,2,,89.891,89.418,89.254,AlphaTauri,Saudi Arabian Grand Prix,8.0,20.0,89.254,1.054000000000002,10.333333333333334,9.8,10.3,6.0,1.0,0.0,96.2424,0.9077333333333257,,-1.0,1,2,13
20,MAG,9.0,9,2.0,Finished,50.0,2022,2,,89.831,89.546,89.588,Haas F1 Team,Saudi Arabian Grand Prix,9.0,20.0,89.546,1.3460000000000036,5.0,5.0,15.9,,0.0,10.0,115.0886666666667,19.75400000000002,-0.3739999999999952,-10.8,1,2,12
44,HAM,10.0,10,1.0,Finished,50.0,2022,2,,90.343,,,Mercedes,Saudi Arabian Grand Prix,10.0,20.0,90.343,2.1430000000000007,2.0,1.6,4.4,1.0,0.0,15.0,100.8973,5.5626333333333235,1.2390000000000043,-13.200000000000001,1,2,11
24,ZHO,11.0,11,0.0,Finished,50.0,2022,2,,89.978,89.819,,Alfa Romeo,Saudi Arabian Grand Prix,11.0,20.0,89.819,1.6189999999999998,10.0,10.0,8.0,,0.0,1.0,102.54433333333331,7.209666666666635,0.6359999999999957,2.4000000000000004,1,2,10
27,HUL,12.0,12,0.0,Finished,50.0,2022,2,,90.543,,,Aston Martin,Saudi Arabian Grand Prix,12.0,20.0,90.543,2.3430000000000035,17.0,17.0,13.1,,0.0,0.0,95.33466666666668,0.0,0.28700000000000614,4.6,1,2,9
18,STR,13.0,13,0.0,+1 Lap,49.0,2022,2,,90.256,91.009,,Aston Martin,Saudi Arabian Grand Prix,13.0,20.0,90.256,2.0559999999999974,12.0,12.4,13.1,11.0,0.0,0.0,98.770375,3.4357083333333236,-0.28700000000000614,-4.6,1,2,8
23,ALB,14.0,14,0.0,Collision damage,47.0,2022,2,,90.492,,,Williams,Saudi Arabian Grand Prix,14.0,20.0,90.492,2.2920000000000016,13.0,13.0,16.7,,0.0,0.0,96.62185714285714,1.2871904761904602,-1.3249999999999886,-3.8000000000000007,1,2,7
14,ALO,16.0,R,0.0,Water pump,35.0,2022,2,,89.978,89.295,89.147,Alpine,Saudi Arabian Grand Prix,20.0,20.0,89.147,0.9470000000000027,10.0,8.4,7.5,13.0,0.0,2.0,95.945875,0.6112083333333231,0.07900000000000773,1.8000000000000007,1,2,1
77,BOT,15.0,R,0.0,Cooling system,36.0,2022,2,,89.683,89.404,89.183,Alfa Romeo,Saudi Arabian Grand Prix,20.0,20.0,89.183,0.9830000000000041,5.0,7.6,8.0,3.0,0.0,8.0,109.7145,14.379833333333323,-0.6359999999999957,-2.4000000000000004,1,2,1
6,LAT,18.0,R,0.0,Accident,14.0,2022,2,,91.817,,,Williams,Saudi Arabian Grand Prix,20.0,20.0,91.817,3.6169999999999902,16.0,16.8,16.7,12.0,0.0,0.0,97.754375,2.4197083333333183,1.3249999999999886,3.8000000000000007,1,2,1
47,MSC,,W,0.0,Withdrew,0.0,2022,2,,90.167,89.92,,Haas F1 Team,Saudi Arabian Grand Prix,20.0,20.0,89.92,1.7199999999999989,15.0,15.8,15.9,20.0,0.0,0.0,104.3175,8.982833333333318,0.3739999999999952,10.8,1,2,1
3,RIC,17.0,R,0.0,Gearbox,35.0,2022,2,,90.009,89.773,,McLaren,Saudi Arabian Grand Prix,20.0,20.0,89.773,1.5729999999999933,10.333333333333334,12.6,11.4,5.0,0.0,0.0,96.78749999999998,1.4528333333333023,0.12199999999999989,2.4000000000000004,1,2,1
22,TSU,19.0,R,0.0,Power Unit,0.0,2022,2,,,,,AlphaTauri,Saudi Arabian Grand Prix,20.0,20.0,,,8.666666666666666,10.8,10.3,14.0,0.0,4.0,97.0052857142857,1.6706190476190272,,1.0,1,2,1
16,LEC,1.0,1,26.0,Finished,58.0,2022,3,,78.881,78.606,77.868,Ferrari,Australian Grand Prix,1.0,20.0,77.868,0.0,4.333333333333333,5.6,5.1,,0.0,45.0,83.6815,0.0,-0.6009999999999991,1.0,1,3,20
11,PER,2.0,2,18.0,Finished,58.0,2022,3,,78.834,78.34,78.24,Red Bull Racing,Australian Grand Prix,2.0,20.0,78.24,0.3719999999999999,12.333333333333334,12.2,8.6,,0.5,12.0,83.84575000000001,0.16425000000000978,0.08599999999999852,7.199999999999999,1,3,19
63,RUS,3.0,3,15.0,Finished,58.0,2022,3,,79.405,79.076,78.933,Mercedes,Australian Grand Prix,3.0,20.0,78.933,1.065000000000012,9.666666666666666,13.2,5.5,,0.0,22.0,86.23275000000001,2.5512500000000102,0.10800000000000409,9.799999999999999,1,3,18
44,HAM,4.0,4,12.0,Finished,58.0,2022,3,,79.401,79.106,78.825,Mercedes,Australian Grand Prix,4.0,20.0,78.825,0.9570000000000078,5.0,3.4,5.5,,0.0,16.0,86.863,3.1814999999999998,-0.10800000000000409,-9.799999999999999,1,3,17
4,NOR,5.0,5,10.0,Finished,58.0,2022,3,,79.28,79.066,78.703,McLaren,Australian Grand Prix,5.0,20.0,78.703,0.835000000000008,9.666666666666666,9.6,11.1,,0.0,6.0,84.75966666666666,1.078166666666661,-0.3289999999999935,-3.0,1,3,16
3,RIC,6.0,6,8.0,Finished,58.0,2022,3,,79.665,79.13,79.032,McLaren,Australian Grand Prix,6.0,20.0,79.032,1.1640000000000015,15.333333333333334,12.6,11.1,,0.5,0.0,86.73525,3.0537499999999937,0.3289999999999935,3.0,1,3,15
31,OCO,7.0,7,6.0,Finished,58.0,2022,3,,79.605,79.136,79.061,Alpine,Australian Grand Prix,7.0,20.0,79.061,1.193000000000012,7.333333333333333,6.2,8.4,,0.0,14.0,86.1045,2.423000000000002,0.24600000000000932,-4.3999999999999995,1,3,14
77,BOT,8.0,8,4.0,Finished,58.0,2022,3,,79.251,79.41,,Alfa Romeo,Australian Grand Prix,8.0,20.0,79.251,1.3830000000000098,10.666666666666666,11.0,11.75,,0.5,8.0,85.875,2.1935000000000002,-0.6589999999999918,0.5,1,3,13
10,GAS,9.0,9,2.0,Finished,58.0,2022,3,,79.58,79.226,,AlphaTauri,Australian Grand Prix,9.0,20.0,79.226,1.358000000000004,11.0,10.0,10.9,,0.5,4.0,85.37,1.6885000000000048,-0.1980000000000075,-1.8000000000000007,1,3,12
23,ALB,10.0,10,1.0,Finished,58.0,2022,3,,80.135,,,Williams,Australian Grand Prix,10.0,20.0,80.135,2.26700000000001,13.5,13.5,17.2,,0.5,0.0,85.783,2.1015000000000015,-1.2369999999999948,-4.100000000000001,1,3,11
24,ZHO,11.0,11,0.0,Finished,58.0,2022,3,,79.91,80.155,,Alfa Romeo,Australian Grand Prix,11.0,20.0,79.91,2.0420000000000016,10.5,10.5,11.75,,0.0,1.0,85.8235,2.141999999999996,0.6589999999999918,-0.5,1,3,10
18,STR,12.0,12,0.0,Finished,58.0,2022,3,,,,,Aston Martin,Australian Grand Prix,12.0,20.0,,,12.666666666666666,11.0,12.5,,0.0,0.0,85.47333333333334,1.7918333333333436,,-0.8000000000000007,1,3,9
47,MSC,13.0,13,0.0,+1 Lap,57.0,2022,3,,80.104,80.465,,Haas F1 Team,Australian Grand Prix,13.0,20.0,80.104,2.236000000000004,15.0,16.2,15.3,,0.5,0.0,86.16049999999998,2.478999999999985,-0.15000000000000568,9.2,1,3,8
20,MAG,14.0,14,0.0,+1 Lap,57.0,2022,3,,80.254,,,Haas F1 Team,Australian Grand Prix,14.0,20.0,80.254,2.38600000000001,7.0,7.0,15.3,,0.0,12.0,85.33775,1.65625,0.15000000000000568,-9.2,1,3,7
22,TSU,15.0,15,0.0,+1 Lap,57.0,2022,3,,79.742,79.424,,AlphaTauri,Australian Grand Prix,15.0,20.0,79.424,1.5560000000000116,10.666666666666666,11.8,10.9,,0.5,4.0,84.8408,1.1593000000000018,0.1980000000000075,1.8000000000000007,1,3,6
6,LAT,16.0,16,0.0,+1 Lap,57.0,2022,3,,81.372,,,Williams,Australian Grand Prix,16.0,20.0,81.372,3.504000000000005,18.666666666666668,17.6,17.2,,0.5,0.0,86.08375,2.402249999999995,1.2369999999999948,4.100000000000001,1,3,5
14,ALO,17.0,17,0.0,+1 Lap,57.0,2022,3,,79.192,78.815,,Alpine,Australian Grand Prix,17.0,20.0,78.815,0.9470000000000027,12.333333333333334,10.6,8.4,,0.5,2.0,84.18575,0.504249999999999,-0.24600000000000932,4.3999999999999995,1,3,4
55,SAI,20.0,R,0.0,Spun off,1.0,2022,3,,78.983,78.469,79.408,Ferrari,Australian Grand Prix,20.0,20.0,78.469,0.6009999999999991,2.6666666666666665,4.6,5.1,,0.0,33.0,84.84400000000001,1.1625000000000085,0.6009999999999991,-1.0,1,3,1
1,VER,18.0,R,0.0,Fuel leak,38.0,2022,3,,78.58,78.611,78.154,Red Bull Racing,Australian Grand Prix,20.0,20.0,78.154,0.28600000000000136,7.0,5.0,8.6,,0.5,25.0,84.221,0.5395000000000039,-0.08599999999999852,-7.199999999999999,1,3,1
5,VET,19.0,R,0.0,Accident,22.0,2022,3,,81.149,,,Aston Martin,Australian Grand Prix,20.0,20.0,81.149,3.281000000000006,13.666666666666666,11.8,12.5,,0.22727272727272727,43.0,,,,0.8000000000000007,1,3,1
1,VER,1.0,1,26.0,Finished,63.0,2022,4,,79.295,78.793,87.999,Red Bull Racing,Emilia Romagna Grand Prix,1.0,20.0,78.793,0.0,13.333333333333334,8.6,10.2,1.0,0.6666666666666666,25.0,81.24241176470588,0.870866310160423,-0.5030000000000001,-3.200000000000001,1,4,20
11,PER,2.0,2,18.0,Finished,63.0,2022,4,,79.773,79.296,89.808,Red Bull Racing,Emilia Romagna Grand Prix,2.0,20.0,79.296,0.5030000000000001,8.0,11.8,10.2,11.0,0.3333333333333333,30.0,80.70331250000001,0.33176704545455493,0.5030000000000001,3.200000000000001,1,4,19
4,NOR,3.0,3,15.0,Finished,63.0,2022,4,,80.168,79.294,89.131,McLaren,Emilia Romagna Grand Prix,3.0,20.0,79.294,0.5009999999999906,9.0,8.8,10.1,3.0,0.0,16.0,,,-0.686000000000007,-2.5999999999999996,1,4,18
63,RUS,4.0,4,12.0,Finished,63.0,2022,4,,80.383,80.757,,Mercedes,Emilia Romagna Grand Prix,4.0,20.0,80.383,1.5899999999999892,4.0,10.4,4.1,20.0,0.0,37.0,81.32966666666665,0.958121212121199,-0.0870000000000033,6.4,1,4,17
77,BOT,5.0,5,10.0,Finished,63.0,2022,4,,80.419,80.192,90.439,Alfa Romeo,Emilia Romagna Grand Prix,5.0,20.0,80.192,1.3989999999999867,11.333333333333334,8.6,11.0,20.0,0.3333333333333333,12.0,,,0.4619999999999891,-2.0666666666666664,1,4,16
16,LEC,6.0,6,8.0,Finished,63.0,2022,4,,78.796,79.584,88.778,Ferrari,Emilia Romagna Grand Prix,6.0,20.0,78.796,0.0030000000000001137,1.3333333333333333,4.2,5.7,4.0,0.0,71.0,80.37154545454545,0.0,-0.1939999999999884,-3.0,1,4,15
22,TSU,7.0,7,6.0,Finished,63.0,2022,4,,80.474,,,AlphaTauri,Emilia Romagna Grand Prix,7.0,20.0,80.474,1.6809999999999974,14.333333333333334,12.2,10.9,12.0,0.3333333333333333,4.0,81.39591666666666,1.0243712121212099,-0.25799999999999557,2.5999999999999996,1,4,14
5,VET,8.0,8,4.0,Finished,63.0,2022,4,,80.364,79.957,91.062,Aston Martin,Emilia Romagna Grand Prix,8.0,20.0,79.957,1.1639999999999873,17.0,14.4,14.1,15.0,1.0,0.0,81.33755555555555,0.9660101010100988,-0.3850000000000051,2.200000000000001,1,4,13
20,MAG,9.0,9,2.0,Finished,63.0,2022,4,,80.147,79.902,89.164,Haas F1 Team,Emilia Romagna Grand Prix,9.0,20.0,79.902,1.1089999999999947,9.333333333333334,9.333333333333334,14.6,,0.0,12.0,83.11,2.7384545454545446,-0.519999999999996,-6.266666666666666,1,4,12
18,STR,10.0,10,1.0,+1 Lap,62.0,2022,4,,80.342,88.119,,Aston Martin,Emilia Romagna Grand Prix,10.0,20.0,80.342,1.5489999999999924,12.333333333333334,12.2,14.1,8.0,0.0,0.0,81.75614285714286,1.3845974025974073,0.3850000000000051,-2.200000000000001,1,4,11
23,ALB,11.0,11,0.0,+1 Lap,62.0,2022,4,,,,,Williams,Emilia Romagna Grand Prix,11.0,20.0,,,12.333333333333334,12.333333333333334,16.1,,0.3333333333333333,1.0,81.29753333333333,0.925987878787879,,-4.466666666666667,1,4,10
10,GAS,12.0,12,0.0,+1 Lap,62.0,2022,4,,80.732,,,AlphaTauri,Emilia Romagna Grand Prix,12.0,20.0,80.732,1.938999999999993,12.333333333333334,9.6,10.9,7.0,0.3333333333333333,6.0,81.053,0.6814545454545424,0.25799999999999557,-2.5999999999999996,1,4,9
44,HAM,13.0,13,0.0,+1 Lap,62.0,2022,4,,80.47,81.138,,Mercedes,Emilia Romagna Grand Prix,13.0,20.0,80.47,1.6769999999999925,5.666666666666667,4.0,4.1,2.0,0.0,28.0,80.86123076923079,0.4896853146853317,0.0870000000000033,-6.4,1,4,8
31,OCO,14.0,14,0.0,+1 Lap,62.0,2022,4,,82.338,,,Alpine,Emilia Romagna Grand Prix,14.0,20.0,82.338,3.5449999999999875,6.666666666666667,6.6,10.0,9.0,0.0,20.0,81.4519090909091,1.0803636363636429,2.742999999999995,-6.800000000000001,1,4,7
24,ZHO,15.0,15,0.0,+1 Lap,62.0,2022,4,,79.73,81.434,,Alfa Romeo,Emilia Romagna Grand Prix,15.0,20.0,79.73,0.9369999999999976,10.666666666666666,10.666666666666666,11.0,,0.0,1.0,81.27327777777778,0.9017323232323236,-0.4619999999999891,2.0666666666666664,1,4,6
6,LAT,16.0,16,0.0,+1 Lap,62.0,2022,4,,81.971,,,Williams,Emilia Romagna Grand Prix,16.0,20.0,81.971,3.1779999999999973,17.333333333333332,16.8,16.1,20.0,0.3333333333333333,0.0,81.92235294117647,1.5508074866310153,,4.466666666666667,1,4,5
47,MSC,17.0,17,0.0,+1 Lap,62.0,2022,4,,80.422,80.916,,Haas F1 Team,Emilia Romagna Grand Prix,17.0,20.0,80.422,1.6289999999999907,14.666666666666666,15.6,14.6,16.0,0.3333333333333333,0.0,82.78708333333333,2.415537878787873,0.519999999999996,6.266666666666666,1,4,4
3,RIC,18.0,18,0.0,+1 Lap,62.0,2022,4,,79.98,80.031,89.742,McLaren,Emilia Romagna Grand Prix,18.0,20.0,79.98,1.1869999999999976,13.333333333333334,11.4,10.1,6.0,0.3333333333333333,8.0,,,0.686000000000007,2.5999999999999996,1,4,3
14,ALO,19.0,R,0.0,Collision damage,6.0,2022,4,,80.198,79.595,89.202,Alpine,Emilia Romagna Grand Prix,20.0,20.0,79.595,0.8019999999999925,15.333333333333334,13.4,10.0,10.0,0.3333333333333333,2.0,81.714,1.3424545454545438,-2.742999999999995,6.800000000000001,1,4,1
55,SAI,20.0,R,0.0,Collision,0.0,2022,4,,79.305,78.99,,Ferrari,Emilia Romagna Grand Prix,20.0,20.0,78.99,0.19699999999998852,8.333333333333334,7.2,5.7,5.0,0.3333333333333333,33.0,82.03463636363637,1.6630909090909114,0.1939999999999884,3.0,1,4,1
1,VER,1.0,1,26.0,Finished,57.0,2022,5,,89.836,89.202,88.991,Red Bull Racing,Miami Grand Prix,1.0,20.0,88.991,0.19499999999999318,7.333333333333333,8.4,8.3,,0.5,51.0,,,-0.045000000000001705,0.20000000000000107,1,5,20
16,LEC,2.0,2,18.0,Finished,57.0,2022,5,,89.474,89.13,88.796,Ferrari,Miami Grand Prix,2.0,20.0,88.796,0.0,3.0,4.0,6.8,,0.0,79.0,96.5556,0.8088499999999925,-0.18999999999999773,-5.6,1,5,19
55,SAI,3.0,3,15.0,Finished,57.0,2022,5,,90.079,89.729,88.986,Ferrari,Miami Grand Prix,3.0,20.0,88.986,0.18999999999999773,14.333333333333334,9.6,6.8,,0.5,33.0,115.53825,19.7915,0.18999999999999773,5.6,1,5,18
11,PER,4.0,4,12.0,Finished,57.0,2022,5,,90.055,89.673,89.036,Red Bull Racing,Miami Grand Prix,4.0,20.0,89.036,0.23999999999999488,2.6666666666666665,8.2,8.3,,0.25,48.0,104.732,8.985249999999994,0.045000000000001705,-0.20000000000000107,1,5,17
63,RUS,5.0,5,10.0,Finished,57.0,2022,5,,90.49,90.173,,Mercedes,Miami Grand Prix,5.0,20.0,90.173,1.3769999999999953,4.0,7.2,5.4,,0.0,49.0,100.1828,4.4360499999999945,0.5480000000000018,0.7999999999999998,1,5,16
44,HAM,6.0,6,8.0,Finished,57.0,2022,5,,90.388,89.797,89.625,Mercedes,Miami Grand Prix,6.0,20.0,89.625,0.8289999999999935,9.0,6.4,5.4,,0.0,28.0,95.74675,0.0,-0.5480000000000018,-0.7999999999999998,1,5,15
77,BOT,7.0,7,6.0,Finished,57.0,2022,5,,90.845,89.751,89.475,Alfa Romeo,Miami Grand Prix,7.0,20.0,89.475,0.6789999999999878,11.0,9.0,10.75,,0.25,22.0,,,-1.5450000000000017,-2.75,1,5,14
31,OCO,8.0,8,4.0,Finished,57.0,2022,5,,,,,Alpine,Miami Grand Prix,8.0,20.0,,,9.0,8.6,11.7,,0.0,20.0,100.3266,4.579849999999993,,-6.200000000000001,1,5,13
23,ALB,9.0,9,2.0,Finished,57.0,2022,5,,91.266,,,Williams,Miami Grand Prix,9.0,20.0,91.266,2.469999999999999,11.666666666666666,12.0,15.6,,0.25,1.0,98.77925,3.032499999999999,-0.0589999999999975,-5.600000000000001,1,5,12
18,STR,10.0,10,1.0,Finished,57.0,2022,5,,90.441,89.996,90.676,Aston Martin,Miami Grand Prix,10.0,20.0,89.996,1.1999999999999886,11.666666666666666,12.0,12.8,,0.0,1.0,101.373,5.626249999999999,-0.21800000000000352,-1.8000000000000007,1,5,11
14,ALO,11.0,11,0.0,Finished,57.0,2022,5,,90.407,90.16,,Alpine,Miami Grand Prix,11.0,20.0,90.16,1.36399999999999,19.0,14.8,11.7,,0.5,2.0,100.06199999999998,4.315249999999978,,6.200000000000001,1,5,10
22,TSU,12.0,12,0.0,Finished,57.0,2022,5,,90.485,90.031,89.932,AlphaTauri,Miami Grand Prix,12.0,20.0,89.932,1.1359999999999957,14.0,10.8,10.8,,0.25,10.0,100.5055,4.758749999999992,0.24200000000000443,0.0,1,5,9
3,RIC,13.0,13,0.0,Finished,57.0,2022,5,,90.583,90.31,,McLaren,Miami Grand Prix,13.0,20.0,90.31,1.5139999999999958,14.666666666666666,14.0,10.7,,0.25,8.0,118.988,23.241249999999994,0.6760000000000019,6.6,1,5,8
6,LAT,14.0,14,0.0,Finished,57.0,2022,5,,91.325,,,Williams,Miami Grand Prix,14.0,20.0,91.325,2.5289999999999964,17.333333333333332,17.6,15.6,,0.25,0.0,112.61175,16.864999999999995,0.0589999999999975,5.600000000000001,1,5,7
47,MSC,15.0,15,0.0,Finished,57.0,2022,5,,90.645,90.423,,Haas F1 Team,Miami Grand Prix,15.0,20.0,90.423,1.6269999999999953,16.666666666666668,15.0,13.2,,0.25,0.0,100.86979999999998,5.123049999999978,-0.5519999999999925,5.75,1,5,6
20,MAG,16.0,16,0.0,Front wing,56.0,2022,5,,90.975,,,Haas F1 Team,Miami Grand Prix,16.0,20.0,90.975,2.178999999999988,10.666666666666666,9.25,13.2,,0.0,14.0,102.08233333333334,6.335583333333332,0.5519999999999925,-5.75,1,5,5
5,VET,17.0,17,0.0,Collision,54.0,2022,5,,90.677,90.214,,Aston Martin,Miami Grand Prix,17.0,20.0,90.214,1.4179999999999922,13.0,13.8,12.8,,0.5,4.0,104.0212,8.274449999999987,0.21800000000000352,1.8000000000000007,1,5,4
10,GAS,18.0,R,0.0,Suspension,45.0,2022,5,,90.779,90.128,89.69,AlphaTauri,Miami Grand Prix,20.0,20.0,89.69,0.8939999999999912,9.666666666666666,10.8,10.8,,0.25,6.0,98.0242,2.2774499999999875,-0.24200000000000443,0.0,1,5,1
4,NOR,19.0,R,0.0,Collision,39.0,2022,5,,90.761,89.634,89.75,McLaren,Miami Grand Prix,20.0,20.0,89.634,0.8379999999999939,5.0,7.4,10.7,,0.0,31.0,96.72433333333332,0.9775833333333139,-0.6760000000000019,-6.6,1,5,1
24,ZHO,20.0,R,0.0,Water leak,6.0,2022,5,,91.02,,,Alfa Romeo,Miami Grand Prix,20.0,20.0,91.02,2.2239999999999895,12.333333333333334,11.75,10.75,,0.0,1.0,100.9994,5.2526499999999885,1.5450000000000017,2.75,1,5,1
1,VER,1.0,1,25.0,Finished,66.0,2022,6,,80.091,79.219,79.073,Red Bull Racing,Spanish Grand Prix,1.0,20.0,79.073,0.3229999999999933,7.333333333333333,8.4,7.2,2.0,0.4,77.0,86.073,0.0,-0.3470000000000084,2.4000000000000004,1,6,20
11,PER,2.0,2,19.0,Finished,66.0,2022,6,,80.447,79.83,79.42,Red Bull Racing,Spanish Grand Prix,2.0,20.0,79.42,0.6700000000000017,2.6666666666666665,6.0,7.2,5.0,0.2,60.0,90.79045454545457,4.717454545454572,0.3470000000000084,-2.4000000000000004,1,6,19
63,RUS,3.0,3,15.0,Finished,66.0,2022,6,,80.218,79.47,79.393,Mercedes,Spanish Grand Prix,3.0,20.0,79.393,0.6430000000000007,4.0,4.2,5.7,14.0,0.0,59.0,89.26027272727272,3.1872727272727275,-0.11899999999999977,-3.0,1,6,18
55,SAI,4.0,4,12.0,Finished,66.0,2022,6,,79.892,79.453,79.166,Ferrari,Spanish Grand Prix,4.0,20.0,79.166,0.4159999999999968,14.333333333333334,9.6,6.0,7.0,0.4,48.0,87.01925,0.9462500000000063,0.4159999999999968,7.199999999999999,1,6,17
44,HAM,5.0,5,10.0,Finished,66.0,2022,6,,80.252,79.794,79.512,Mercedes,Spanish Grand Prix,5.0,20.0,79.512,0.7620000000000005,7.666666666666667,7.2,5.7,1.0,0.0,36.0,90.73766666666668,4.66466666666669,0.11899999999999977,3.0,1,6,16
77,BOT,6.0,6,8.0,Finished,66.0,2022,6,,80.355,80.053,79.608,Alfa Romeo,Spanish Grand Prix,6.0,20.0,79.608,0.8580000000000041,6.666666666666667,9.2,11.3,3.0,0.2,28.0,,,-0.867999999999995,-4.200000000000001,1,6,15
31,OCO,7.0,7,6.0,Finished,66.0,2022,6,,80.88,80.638,,Alpine,Spanish Grand Prix,7.0,20.0,80.638,1.8880000000000052,9.666666666666666,8.4,11.9,9.0,0.0,24.0,90.45018181818182,4.377181818181825,-0.40500000000000114,-7.0,1,6,14
4,NOR,8.0,8,4.0,Finished,66.0,2022,6,,80.838,80.471,,McLaren,Spanish Grand Prix,8.0,20.0,80.471,1.7210000000000036,9.333333333333334,10.0,12.1,8.0,0.2,31.0,,,0.1839999999999975,-4.199999999999999,1,6,13
14,ALO,9.0,9,2.0,+1 Lap,65.0,2022,6,,81.043,,,Alpine,Spanish Grand Prix,9.0,20.0,81.043,2.2930000000000064,16.0,15.4,11.9,17.0,0.4,2.0,90.79990909090908,4.726909090909089,0.40500000000000114,7.0,1,6,12
22,TSU,10.0,10,1.0,+1 Lap,65.0,2022,6,,80.707,80.639,,AlphaTauri,Spanish Grand Prix,10.0,20.0,80.639,1.8889999999999958,11.333333333333334,12.4,13.1,20.0,0.2,10.0,90.9786923076923,4.905692307692306,-0.0799999999999983,-1.4000000000000004,1,6,11
5,VET,11.0,11,0.0,+1 Lap,65.0,2022,6,,80.954,,,Aston Martin,Spanish Grand Prix,11.0,20.0,80.954,2.2039999999999935,15.0,15.2,13.1,13.0,0.6666666666666666,4.0,87.62485714285715,1.551857142857159,-0.46400000000001285,3.799999999999999,1,6,10
3,RIC,12.0,12,0.0,+1 Lap,65.0,2022,6,,80.549,80.287,80.297,McLaren,Spanish Grand Prix,12.0,20.0,80.287,1.5370000000000061,12.333333333333334,14.2,12.1,6.0,0.2,8.0,92.996,6.923000000000002,-0.1839999999999975,4.199999999999999,1,6,9
10,GAS,13.0,13,0.0,+1 Lap,65.0,2022,6,,80.719,80.861,,AlphaTauri,Spanish Grand Prix,13.0,20.0,80.719,1.968999999999994,13.666666666666666,13.8,13.1,10.0,0.4,6.0,87.06099999999999,0.9879999999999995,0.0799999999999983,1.4000000000000004,1,6,8
47,MSC,14.0,14,0.0,+1 Lap,65.0,2022,6,,80.683,80.436,80.368,Haas F1 Team,Spanish Grand Prix,14.0,20.0,80.368,1.617999999999995,15.0,15.2,12.9,18.0,0.2,0.0,89.79233333333332,3.7193333333333243,0.6859999999999928,4.6,1,6,7
18,STR,15.0,15,0.0,+1 Lap,65.0,2022,6,,81.418,,,Aston Martin,Spanish Grand Prix,15.0,20.0,81.418,2.6680000000000064,10.666666666666666,11.4,13.1,11.0,0.0,2.0,87.74075,1.6677500000000123,0.46400000000001285,-3.799999999999999,1,6,6
6,LAT,16.0,16,0.0,+2 Laps,64.0,2022,6,,81.915,,,Williams,Spanish Grand Prix,16.0,20.0,81.915,3.1650000000000063,15.333333333333334,16.4,13.9,16.0,0.2,0.0,91.4574,5.384400000000014,0.27000000000001023,4.999999999999998,1,6,5
20,MAG,17.0,17,0.0,+2 Laps,64.0,2022,6,,80.227,79.81,79.682,Haas F1 Team,Spanish Grand Prix,17.0,20.0,79.682,0.9320000000000022,13.0,10.6,12.9,,0.2,14.0,87.49125,1.4182500000000005,-0.6859999999999928,-4.6,1,6,4
23,ALB,18.0,18,0.0,+2 Laps,64.0,2022,6,,81.645,,,Williams,Spanish Grand Prix,18.0,20.0,81.645,2.894999999999996,10.0,11.4,13.9,,0.2,3.0,91.35281818181818,5.279818181818186,-0.27000000000001023,-4.999999999999998,1,6,3
16,LEC,20.0,R,0.0,Turbo,27.0,2022,6,,79.861,79.969,78.75,Ferrari,Spanish Grand Prix,20.0,20.0,78.75,0.0,3.0,2.4,6.0,4.0,0.0,97.0,87.03099999999999,0.9579999999999984,-0.4159999999999968,-7.199999999999999,1,6,1
24,ZHO,19.0,R,0.0,Power loss,28.0,2022,6,,80.476,81.094,,Alfa Romeo,Spanish Grand Prix,20.0,20.0,80.476,1.725999999999999,15.333333333333334,13.4,11.3,,0.2,1.0,89.949,3.8760000000000048,0.867999999999995,4.200000000000001,1,6,1
11,PER,1.0,1,25.0,Finished,64.0,2022,7,,73.004,71.954,71.629,Red Bull Racing,Monaco Grand Prix,1.0,20.0,71.629,0.2530000000000001,2.6666666666666665,2.8,3.8,4.0,0.16666666666666666,79.0,82.65187499999999,5.250374999999991,-0.03699999999999193,-2.0,1,7,20
55,SAI,2.0,2,18.0,Finished,64.0,2022,7,,72.616,72.074,71.601,Ferrari,Monaco Grand Prix,2.0,20.0,71.601,0.22499999999999432,9.0,10.0,8.1,2.0,0.3333333333333333,60.0,86.649,9.247500000000002,0.22499999999999432,3.8,1,7,19
1,VER,3.0,3,15.0,Finished,64.0,2022,7,,72.993,72.117,71.666,Red Bull Racing,Monaco Grand Prix,3.0,20.0,71.666,0.28999999999999204,1.0,4.8,3.8,1.0,0.3333333333333333,102.0,77.4015,0.0,0.03699999999999193,2.0,1,7,18
16,LEC,4.0,4,12.0,Finished,64.0,2022,7,,72.569,71.864,71.376,Ferrari,Monaco Grand Prix,4.0,20.0,71.376,0.0,9.333333333333334,6.2,8.1,20.0,0.16666666666666666,97.0,84.0105,6.608999999999995,-0.22499999999999432,-3.8,1,7,17
63,RUS,5.0,5,10.0,Finished,64.0,2022,7,,72.787,72.617,72.112,Mercedes,Monaco Grand Prix,5.0,20.0,72.112,0.73599999999999,4.0,4.0,5.8,14.0,0.0,74.0,79.43500000000002,2.033500000000018,-0.4480000000000075,-3.5999999999999996,1,7,16
4,NOR,6.0,6,9.0,Finished,64.0,2022,7,,72.927,72.266,71.849,McLaren,Monaco Grand Prix,6.0,20.0,71.849,0.472999999999999,10.333333333333334,8.6,11.2,3.0,0.16666666666666666,35.0,84.242,6.840500000000006,-1.1149999999999949,-5.200000000000001,1,7,15
14,ALO,7.0,7,6.0,Finished,64.0,2022,7,,73.394,72.688,72.247,Alpine,Monaco Grand Prix,7.0,20.0,72.247,0.8709999999999951,13.333333333333334,15.4,11.9,13.0,0.3333333333333333,4.0,79.76176923076923,2.3602692307692337,-0.2810000000000059,7.0,1,7,14
44,HAM,8.0,8,4.0,Finished,64.0,2022,7,,73.444,72.595,72.56,Mercedes,Monaco Grand Prix,8.0,20.0,72.56,1.1839999999999975,8.0,7.6,5.8,7.0,0.0,46.0,80.23687500000001,2.8353750000000133,0.4480000000000075,3.5999999999999996,1,7,13
77,BOT,9.0,9,2.0,Finished,64.0,2022,7,,73.541,72.909,,Alfa Romeo,Monaco Grand Prix,9.0,20.0,72.909,1.5330000000000013,6.0,9.2,12.3,20.0,0.16666666666666666,36.0,80.51233333333333,3.110833333333332,-2.6969999999999885,-6.200000000000001,1,7,12
5,VET,10.0,10,1.0,Finished,64.0,2022,7,,73.313,72.613,72.732,Aston Martin,Monaco Grand Prix,10.0,20.0,72.613,1.2369999999999948,12.0,13.4,12.8,5.0,0.5,4.0,80.59158333333333,3.190083333333334,-1.0649999999999977,1.4000000000000004,1,7,11
10,GAS,11.0,11,0.0,Finished,64.0,2022,7,,73.66,,,AlphaTauri,Monaco Grand Prix,11.0,20.0,73.66,2.283999999999992,15.0,12.4,12.6,6.0,0.3333333333333333,6.0,79.3527142857143,1.9512142857143004,0.8629999999999995,-0.40000000000000036,1,7,10
31,OCO,12.0,12,0.0,Finished,64.0,2022,7,,72.848,72.528,73.047,Alpine,Monaco Grand Prix,12.0,20.0,72.528,1.152000000000001,9.666666666666666,8.4,11.9,9.0,0.0,30.0,81.44664285714285,4.045142857142849,0.2810000000000059,-7.0,1,7,9
3,RIC,13.0,13,0.0,Finished,64.0,2022,7,,73.338,72.964,,McLaren,Monaco Grand Prix,13.0,20.0,72.964,1.5879999999999939,14.333333333333334,13.8,11.2,12.0,0.16666666666666666,8.0,,,1.1149999999999949,5.200000000000001,1,7,8
18,STR,14.0,14,0.0,Finished,64.0,2022,7,,73.678,,,Aston Martin,Monaco Grand Prix,14.0,20.0,73.678,2.3019999999999925,11.666666666666666,12.0,12.8,8.0,0.0,2.0,80.14072727272728,2.739227272727277,1.0649999999999977,-1.4000000000000004,1,7,7
6,LAT,15.0,15,0.0,+1 Lap,63.0,2022,7,,74.403,,,Williams,Monaco Grand Prix,15.0,20.0,74.403,3.027000000000001,15.333333333333334,16.4,14.4,15.0,0.16666666666666666,0.0,80.856,3.454499999999996,0.7920000000000016,3.9999999999999982,1,7,6
24,ZHO,16.0,16,0.0,+1 Lap,63.0,2022,7,,75.606,,,Alfa Romeo,Monaco Grand Prix,16.0,20.0,75.606,4.22999999999999,18.333333333333332,15.4,12.3,,0.3333333333333333,1.0,78.61633333333334,1.2148333333333454,2.6969999999999885,6.200000000000001,1,7,5
22,TSU,17.0,17,0.0,+1 Lap,63.0,2022,7,,73.11,72.797,,AlphaTauri,Monaco Grand Prix,17.0,20.0,72.797,1.4209999999999923,9.666666666666666,12.8,12.6,16.0,0.16666666666666666,11.0,80.05760000000001,2.6561000000000092,-0.8629999999999995,0.40000000000000036,1,7,4
23,ALB,18.0,R,0.0,Mechanical,48.0,2022,7,,73.611,,,Williams,Monaco Grand Prix,20.0,20.0,73.611,2.2349999999999994,12.666666666666666,12.4,14.4,,0.16666666666666666,3.0,79.09322222222221,1.6917222222222108,-0.7920000000000016,-3.9999999999999982,1,7,1
20,MAG,20.0,R,0.0,Water pressure,19.0,2022,7,,73.069,72.921,,Haas F1 Team,Monaco Grand Prix,20.0,20.0,72.921,1.5450000000000017,14.0,13.0,14.4,,0.16666666666666666,14.0,81.84925,4.447749999999999,-0.1599999999999966,-2.8000000000000007,1,7,1
47,MSC,19.0,R,0.0,Accident,24.0,2022,7,,73.469,73.081,,Haas F1 Team,Monaco Grand Prix,20.0,20.0,73.081,1.7049999999999983,15.333333333333334,15.8,14.4,18.0,0.16666666666666666,0.0,82.0308888888889,4.629388888888897,0.1599999999999966,2.8000000000000007,1,7,1
1,VER,1.0,1,25.0,Finished,51.0,2022,8,,102.722,102.227,101.706,Red Bull Racing,Azerbaijan Grand Prix,1.0,20.0,101.706,0.3470000000000084,1.6666666666666667,5.2,3.7,20.0,0.2857142857142857,117.0,120.518,12.665599999999998,0.06499999999999773,3.0,1,8,20
11,PER,2.0,2,19.0,Finished,51.0,2022,8,,102.733,101.955,101.641,Red Bull Racing,Azerbaijan Grand Prix,2.0,20.0,101.641,0.2820000000000107,2.3333333333333335,2.2,3.7,1.0,0.14285714285714285,104.0,107.8524,0.0,-0.06499999999999773,-3.0,1,8,19
63,RUS,3.0,3,15.0,Finished,51.0,2022,8,,103.754,103.281,102.712,Mercedes,Azerbaijan Grand Prix,3.0,20.0,102.712,1.3530000000000086,4.333333333333333,4.0,5.6,20.0,0.0,84.0,111.22111111111111,3.3687111111111108,-0.2120000000000033,-3.2,1,8,18
44,HAM,4.0,4,12.0,Finished,51.0,2022,8,,103.939,103.182,102.924,Mercedes,Azerbaijan Grand Prix,4.0,20.0,102.924,1.565000000000012,6.333333333333333,7.2,5.6,15.0,0.0,50.0,116.75011111111112,8.897711111111121,0.2120000000000033,3.2,1,8,17
10,GAS,5.0,5,10.0,Finished,51.0,2022,8,,103.268,103.129,102.845,AlphaTauri,Azerbaijan Grand Prix,5.0,20.0,102.845,1.4860000000000042,14.666666666666666,13.0,12.6,3.0,0.2857142857142857,6.0,110.40966666666668,2.5572666666666777,-0.21099999999999852,0.8000000000000007,1,8,16
5,VET,6.0,6,8.0,Finished,51.0,2022,8,,103.279,103.268,103.091,Aston Martin,Azerbaijan Grand Prix,6.0,20.0,103.091,1.7319999999999993,12.666666666666666,13.2,12.7,2.0,0.4,5.0,109.69316666666668,1.8407666666666813,-2.280000000000001,1.0,1,8,15
14,ALO,7.0,7,6.0,Finished,51.0,2022,8,,104.083,103.36,103.173,Alpine,Azerbaijan Grand Prix,7.0,20.0,103.173,1.8140000000000072,9.0,12.8,11.2,6.0,0.2857142857142857,10.0,109.916,2.063599999999994,-0.41199999999999193,3.200000000000001,1,8,14
3,RIC,8.0,8,4.0,Finished,51.0,2022,8,,104.437,103.574,,McLaren,Azerbaijan Grand Prix,8.0,20.0,103.574,2.2150000000000034,12.666666666666666,12.4,10.4,9.0,0.14285714285714285,8.0,112.291,4.438599999999994,0.17600000000000193,4.0,1,8,13
4,NOR,9.0,9,2.0,Finished,51.0,2022,8,,104.237,103.398,,McLaren,Azerbaijan Grand Prix,9.0,20.0,103.398,2.0390000000000015,11.333333333333334,8.4,10.4,5.0,0.14285714285714285,44.0,111.12149999999998,3.2690999999999804,-0.17600000000000193,-4.0,1,8,12
31,OCO,10.0,10,1.0,Finished,51.0,2022,8,,103.903,103.585,,Alpine,Azerbaijan Grand Prix,10.0,20.0,103.585,2.225999999999999,9.0,9.6,11.2,20.0,0.0,30.0,110.598125,2.745724999999993,0.41199999999999193,-3.200000000000001,1,8,11
77,BOT,11.0,11,0.0,+1 Lap,50.0,2022,8,,104.478,104.444,,Alfa Romeo,Azerbaijan Grand Prix,11.0,20.0,104.444,3.085000000000008,7.333333333333333,7.0,11.7,12.0,0.14285714285714285,38.0,109.694,1.8415999999999997,0.6670000000000016,-9.399999999999999,1,8,10
23,ALB,12.0,12,0.0,+1 Lap,50.0,2022,8,,104.719,,,Williams,Azerbaijan Grand Prix,12.0,20.0,104.719,3.3599999999999994,15.666666666666666,13.6,14.5,,0.2857142857142857,3.0,123.8855,16.03309999999999,-0.6480000000000103,-1.8000000000000007,1,8,9
22,TSU,13.0,13,0.0,+1 Lap,50.0,2022,8,,103.595,103.376,103.056,AlphaTauri,Azerbaijan Grand Prix,13.0,20.0,103.056,1.6970000000000027,13.0,12.2,12.6,7.0,0.14285714285714285,11.0,115.72575,7.873350000000002,0.21099999999999852,-0.8000000000000007,1,8,8
47,MSC,14.0,14,0.0,+1 Lap,50.0,2022,8,,105.775,,,Haas F1 Team,Azerbaijan Grand Prix,14.0,20.0,105.775,4.416000000000011,16.333333333333332,15.8,15.5,13.0,0.2857142857142857,0.0,121.92785714285716,14.07545714285716,1.132000000000005,0.6000000000000014,1,8,7
6,LAT,15.0,15,0.0,+1 Lap,50.0,2022,8,,105.367,,,Williams,Azerbaijan Grand Prix,15.0,20.0,105.367,4.00800000000001,15.0,15.4,14.5,16.0,0.14285714285714285,0.0,112.147,4.294600000000003,0.6480000000000103,1.8000000000000007,1,8,6
18,STR,16.0,16,0.0,Vibrations,46.0,2022,8,,105.371,,,Aston Martin,Azerbaijan Grand Prix,16.0,20.0,105.371,4.0120000000000005,13.0,12.2,12.7,20.0,0.0,2.0,113.5885,5.736099999999993,2.280000000000001,-1.0,1,8,5
16,LEC,19.0,R,0.0,Power Unit,21.0,2022,8,,102.865,102.046,101.359,Ferrari,Azerbaijan Grand Prix,20.0,20.0,101.359,0.0,8.666666666666666,6.6,8.2,4.0,0.14285714285714285,109.0,111.5145,3.6620999999999952,-0.4549999999999983,-3.200000000000001,1,8,1
20,MAG,17.0,R,0.0,Power Unit,31.0,2022,8,,104.643,,,Haas F1 Team,Azerbaijan Grand Prix,20.0,20.0,104.643,3.284000000000006,17.666666666666668,15.2,15.5,,0.2857142857142857,14.0,111.0762,3.223799999999997,-1.132000000000005,-0.6000000000000014,1,8,1
55,SAI,20.0,R,0.0,Hydraulics,8.0,2022,8,,102.957,102.088,101.814,Ferrari,Azerbaijan Grand Prix,20.0,20.0,101.814,0.4549999999999983,3.0,9.8,8.2,8.0,0.2857142857142857,78.0,113.48166666666668,5.62926666666668,0.4549999999999983,3.200000000000001,1,8,1
24,ZHO,18.0,R,0.0,Hydraulics,23.0,2022,8,,103.777,103.79,,Alfa Romeo,Azerbaijan Grand Prix,20.0,20.0,103.777,2.4180000000000064,18.666666666666668,16.4,11.7,,0.2857142857142857,1.0,110.25775,2.4053499999999985,-0.6670000000000016,9.399999999999999,1,8,1
1,VER,1.0,1,25.0,Finished,70.0,2022,9,,92.219,83.746,81.299,Red Bull Racing,Canadian Grand Prix,1.0,20.0,81.299,0.0,1.6666666666666667,1.4,1.8,,0.25,142.0,80.81713333333333,2.4075619047619057,-11.827999999999989,-0.8000000000000003,1,9,20
55,SAI,2.0,2,19.0,Finished,70.0,2022,9,,92.781,85.197,82.096,Ferrari,Canadian Grand Prix,2.0,20.0,82.096,0.796999999999997,8.666666666666666,9.8,10.1,,0.375,78.0,79.34799999999998,0.9384285714285596,-10.911999999999992,-0.5999999999999996,1,9,19
44,HAM,3.0,3,15.0,Finished,70.0,2022,9,,93.841,85.543,82.891,Mercedes,Canadian Grand Prix,3.0,20.0,82.891,1.5919999999999987,5.666666666666667,7.2,5.6,,0.0,62.0,79.46449999999999,1.0549285714285617,-0.6659999999999968,3.2,1,9,18
63,RUS,4.0,4,12.0,Finished,70.0,2022,9,,93.16,84.95,83.557,Mercedes,Canadian Grand Prix,4.0,20.0,83.557,2.2579999999999956,3.6666666666666665,4.0,5.6,,0.0,99.0,79.311,0.9014285714285819,0.6659999999999968,-3.2,1,9,17
16,LEC,5.0,5,10.0,Finished,70.0,2022,9,,93.008,,,Ferrari,Canadian Grand Prix,5.0,20.0,93.008,11.708999999999989,14.666666666666666,10.4,10.1,,0.25,109.0,79.40530769230769,0.9957362637362621,10.911999999999992,0.5999999999999996,1,9,16
31,OCO,6.0,6,8.0,Finished,70.0,2022,9,,93.012,86.135,83.529,Alpine,Canadian Grand Prix,6.0,20.0,83.529,2.2299999999999898,9.666666666666666,10.2,10.5,,0.0,31.0,78.92133333333334,0.5117619047619115,1.5849999999999937,-0.6000000000000014,1,9,15
77,BOT,7.0,7,6.0,Finished,70.0,2022,9,,93.689,86.788,,Alfa Romeo,Canadian Grand Prix,7.0,20.0,86.788,5.48899999999999,8.666666666666666,7.6,12.9,,0.125,38.0,,,2.7579999999999956,-10.6,1,9,14
24,ZHO,8.0,8,4.0,Finished,70.0,2022,9,,93.692,86.116,84.03,Alfa Romeo,Canadian Grand Prix,8.0,20.0,84.03,2.7309999999999945,18.666666666666668,18.2,12.9,,0.375,1.0,79.24699999999999,0.8374285714285605,-2.7579999999999956,10.6,1,9,13
14,ALO,9.0,9,2.0,Finished,70.0,2022,9,,92.277,84.848,81.944,Alpine,Canadian Grand Prix,9.0,20.0,81.944,0.644999999999996,7.666666666666667,10.8,10.5,,0.25,16.0,78.40957142857143,0.0,-1.5849999999999937,0.6000000000000014,1,9,12
18,STR,10.0,10,1.0,Finished,70.0,2022,9,,95.532,,,Aston Martin,Canadian Grand Prix,10.0,20.0,95.532,14.23299999999999,15.0,13.0,11.7,,0.125,2.0,79.2145,0.8049285714285759,1.019999999999996,2.5999999999999996,1,9,11
3,RIC,11.0,11,0.0,Finished,70.0,2022,9,,93.636,86.375,83.749,McLaren,Canadian Grand Prix,11.0,20.0,83.749,2.4499999999999886,11.0,12.8,11.0,,0.125,12.0,79.38733333333333,0.9777619047619055,-10.317000000000007,3.6000000000000014,1,9,10
5,VET,12.0,12,0.0,Finished,70.0,2022,9,,94.512,,,Aston Martin,Canadian Grand Prix,12.0,20.0,94.512,13.212999999999994,9.0,10.4,11.7,,0.3333333333333333,13.0,79.614,1.2044285714285792,-1.019999999999996,-2.5999999999999996,1,9,9
23,ALB,13.0,13,0.0,Finished,70.0,2022,9,,94.047,86.858,,Williams,Canadian Grand Prix,13.0,20.0,86.858,5.5589999999999975,16.666666666666668,14.0,14.6,,0.25,3.0,79.7019090909091,1.2923376623376726,-8.801999999999992,-1.1999999999999993,1,9,8
10,GAS,14.0,14,0.0,Finished,70.0,2022,9,,94.492,,,AlphaTauri,Canadian Grand Prix,14.0,20.0,94.492,13.192999999999998,9.666666666666666,12.2,12.0,,0.25,16.0,79.29785714285715,0.888285714285729,-2.0829999999999984,0.3999999999999986,1,9,7
4,NOR,15.0,15,0.0,Finished,70.0,2022,9,,94.066,,,McLaren,Canadian Grand Prix,15.0,20.0,94.066,12.766999999999996,7.666666666666667,9.2,11.0,,0.125,46.0,79.541125,1.1315535714285687,10.317000000000007,-3.6000000000000014,1,9,6
6,LAT,16.0,16,0.0,Finished,70.0,2022,9,,95.66,,,Williams,Canadian Grand Prix,16.0,20.0,95.66,14.36099999999999,15.333333333333334,15.2,14.6,,0.125,0.0,81.03118181818182,2.621610389610396,8.801999999999992,1.1999999999999993,1,9,5
20,MAG,17.0,17,0.0,Finished,70.0,2022,9,,92.957,86.254,82.96,Haas F1 Team,Canadian Grand Prix,17.0,20.0,82.96,1.6609999999999872,19.0,16.4,16.2,,0.375,14.0,79.59544444444444,1.185873015873014,-0.3960000000000008,0.3999999999999986,1,9,4
47,MSC,19.0,R,0.0,Engine,18.0,2022,9,,93.707,85.684,83.356,Haas F1 Team,Canadian Grand Prix,20.0,20.0,83.356,2.056999999999988,16.0,16.0,16.2,,0.25,0.0,79.84545454545454,1.4358831168831188,0.3960000000000008,-0.3999999999999986,1,9,1
11,PER,20.0,R,0.0,Gearbox,7.0,2022,9,,93.929,93.127,,Red Bull Racing,Canadian Grand Prix,20.0,20.0,93.127,11.827999999999989,1.6666666666666667,2.2,1.8,,0.125,123.0,78.8700909090909,0.4605194805194799,11.827999999999989,0.8000000000000003,1,9,1
22,TSU,18.0,R,0.0,Accident,47.0,2022,9,,96.575,,,AlphaTauri,Canadian Grand Prix,20.0,20.0,96.575,15.275999999999996,13.333333333333334,11.8,12.0,,0.125,11.0,79.60979999999999,1.2002285714285676,2.0829999999999984,-0.3999999999999986,1,9,1
55,SAI,1.0,1,25.0,Finished,52.0,2022,10,,100.19,101.602,100.983,Ferrari,British Grand Prix,1.0,20.0,100.19,1.0609999999999928,8.0,6.2,8.2,6.0,0.3333333333333333,97.0,93.80440000000002,0.32806666666670026,0.3439999999999941,-3.999999999999999,1,10,20
11,PER,2.0,2,18.0,Finished,52.0,2022,10,,100.521,102.513,101.616,Red Bull Racing,British Grand Prix,2.0,20.0,100.521,1.391999999999996,7.666666666666667,5.8,3.6,16.0,0.2222222222222222,123.0,,,1.391999999999996,4.4,1,10,19
44,HAM,3.0,3,16.0,Finished,52.0,2022,10,,100.428,101.062,101.995,Mercedes,British Grand Prix,3.0,20.0,100.428,1.2989999999999924,5.0,5.2,4.6,1.0,0.0,77.0,97.9876,4.511266666666685,0.3999999999999915,1.2000000000000002,1,10,18
16,LEC,4.0,4,12.0,Finished,52.0,2022,10,,99.846,101.247,101.298,Ferrari,British Grand Prix,4.0,20.0,99.846,0.7169999999999987,9.666666666666666,10.2,8.2,2.0,0.2222222222222222,119.0,98.49485714285716,5.018523809523842,-0.3439999999999941,3.999999999999999,1,10,17
14,ALO,5.0,5,10.0,Finished,52.0,2022,10,,101.598,102.209,102.116,Alpine,British Grand Prix,5.0,20.0,101.598,2.468999999999994,7.666666666666667,8.6,8.6,7.0,0.2222222222222222,18.0,104.88583333333334,11.409500000000023,-0.132000000000005,0.0,1,10,16
4,NOR,6.0,6,8.0,Finished,52.0,2022,10,,101.515,101.821,102.084,McLaren,British Grand Prix,6.0,20.0,101.515,2.3859999999999957,10.0,11.6,11.5,4.0,0.1111111111111111,46.0,97.43190909090912,3.955575757575801,-0.41800000000000637,0.1999999999999993,1,10,15
1,VER,7.0,7,6.0,Finished,52.0,2022,10,,99.129,100.655,101.055,Red Bull Racing,British Grand Prix,7.0,20.0,99.129,0.0,1.6666666666666667,1.4,3.6,20.0,0.2222222222222222,167.0,93.47633333333332,0.0,-1.391999999999996,-4.4,1,10,14
47,MSC,8.0,8,4.0,Finished,52.0,2022,10,,102.708,,,Haas F1 Team,British Grand Prix,8.0,20.0,102.708,3.5789999999999935,18.0,16.6,17.3,18.0,0.3333333333333333,0.0,97.6051,4.128766666666678,0.5489999999999924,-1.3999999999999986,1,10,13
5,VET,9.0,9,2.0,Finished,52.0,2022,10,,102.666,,,Aston Martin,British Grand Prix,9.0,20.0,102.666,3.536999999999992,9.333333333333334,11.2,12.1,20.0,0.2857142857142857,13.0,98.20714285714284,4.730809523809526,-0.76400000000001,-1.8000000000000007,1,10,12
20,MAG,10.0,10,1.0,Finished,52.0,2022,10,,102.159,,,Haas F1 Team,British Grand Prix,10.0,20.0,102.159,3.030000000000001,19.0,18.0,17.3,,0.3333333333333333,14.0,98.990375,5.514041666666685,-0.5489999999999924,1.3999999999999986,1,10,11
18,STR,11.0,11,0.0,Finished,52.0,2022,10,,103.43,,,Aston Martin,British Grand Prix,11.0,20.0,103.43,4.301000000000002,13.333333333333334,13.0,12.1,8.0,0.1111111111111111,3.0,109.11871428571428,15.642380952380961,0.76400000000001,1.8000000000000007,1,10,10
6,LAT,12.0,12,0.0,Finished,52.0,2022,10,,101.998,103.273,123.095,Williams,British Grand Prix,12.0,20.0,101.998,2.8689999999999998,15.333333333333334,15.2,14.8,14.0,0.1111111111111111,0.0,95.66085714285714,2.1845238095238244,-0.0799999999999983,0.7999999999999989,1,10,9
3,RIC,13.0,13,0.0,Finished,52.0,2022,10,,101.933,104.355,,McLaren,British Grand Prix,13.0,20.0,101.933,2.804000000000002,10.666666666666666,11.4,11.5,5.0,0.1111111111111111,12.0,98.082875,4.606541666666686,0.41800000000000637,-0.1999999999999993,1,10,8
22,TSU,14.0,14,0.0,Finished,52.0,2022,10,,101.893,104.311,,AlphaTauri,British Grand Prix,14.0,20.0,101.893,2.763999999999996,16.666666666666668,14.4,13.5,10.0,0.2222222222222222,11.0,98.92,5.443666666666687,0.21299999999999386,1.8000000000000007,1,10,7
23,ALB,20.0,R,0.0,Collision,0.0,2022,10,,102.078,,,Williams,British Grand Prix,20.0,20.0,102.078,2.948999999999998,15.0,14.4,14.8,,0.2222222222222222,3.0,111.1008,17.62446666666669,0.0799999999999983,-0.7999999999999989,1,10,1
77,BOT,17.0,R,0.0,Gearbox,20.0,2022,10,,101.396,104.232,,Alfa Romeo,British Grand Prix,20.0,20.0,101.396,2.266999999999996,9.0,8.0,12.4,3.0,0.1111111111111111,44.0,98.32555555555555,4.849222222222238,0.605000000000004,-8.8,1,10,1
10,GAS,16.0,R,0.0,Collision damage,26.0,2022,10,,101.68,103.702,,AlphaTauri,British Grand Prix,20.0,20.0,101.68,2.551000000000002,10.0,12.6,13.5,11.0,0.2222222222222222,16.0,97.90333333333336,4.427000000000049,-0.21299999999999386,-1.8000000000000007,1,10,1
31,OCO,15.0,R,0.0,Fuel pump,37.0,2022,10,,101.73,105.19,,Alpine,British Grand Prix,20.0,20.0,101.73,2.600999999999999,9.333333333333334,8.6,8.6,9.0,0.0,39.0,109.69,16.213666666666683,0.132000000000005,0.0,1,10,1
63,RUS,18.0,R,0.0,Collision,0.0,2022,10,,100.028,101.725,102.161,Mercedes,British Grand Prix,20.0,20.0,100.028,0.8990000000000009,4.0,4.0,4.6,12.0,0.0,111.0,94.1384,0.6620666666666892,-0.3999999999999915,-1.2000000000000002,1,10,1
24,ZHO,19.0,R,0.0,Collision,0.0,2022,10,,100.791,102.64,102.719,Alfa Romeo,British Grand Prix,20.0,20.0,100.791,1.661999999999992,14.666666666666666,16.8,12.4,,0.3333333333333333,5.0,100.95871428571428,7.482380952380964,-0.605000000000004,8.8,1,10,1
16,LEC,1.0,1,25.0,Finished,71.0,2022,11,,65.419,65.287,65.013,Ferrari,Austrian Grand Prix,1.0,20.0,65.013,0.029000000000010573,9.666666666666666,10.6,8.2,8.0,0.2,131.0,69.61630769230769,0.6705576923076819,-0.05299999999999727,4.8,1,11,20
1,VER,2.0,2,19.0,Finished,71.0,2022,11,,65.852,65.374,64.984,Red Bull Racing,Austrian Grand Prix,2.0,20.0,64.984,0.0,3.0,2.6,4.0,1.0,0.2,173.0,68.94575,0.0,-1.159000000000006,-2.8000000000000003,1,11,19
44,HAM,3.0,3,15.0,Finished,71.0,2022,11,,66.079,65.475,73.151,Mercedes,Austrian Grand Prix,3.0,20.0,65.475,0.49099999999999966,3.3333333333333335,4.6,5.8,4.0,0.0,93.0,74.66288888888889,5.717138888888883,0.04399999999999693,-2.4000000000000004,1,11,18
63,RUS,4.0,4,12.0,Finished,71.0,2022,11,,66.235,65.697,65.431,Mercedes,Austrian Grand Prix,4.0,20.0,65.431,0.44700000000000273,9.0,7.0,5.8,11.0,0.1,111.0,70.91872727272727,1.9729772727272632,-0.04399999999999693,2.4000000000000004,1,11,17
31,OCO,5.0,5,10.0,Finished,71.0,2022,11,,66.468,65.993,65.726,Alpine,Austrian Grand Prix,5.0,20.0,65.726,0.7420000000000044,12.0,11.0,9.2,20.0,0.1,39.0,69.76472727272728,0.818977272727281,-0.29000000000000625,3.5999999999999996,1,11,16
47,MSC,6.0,6,8.0,+1 Lap,70.0,2022,11,,66.405,66.151,66.011,Haas F1 Team,Austrian Grand Prix,6.0,20.0,66.011,1.027000000000001,14.0,15.2,16.0,18.0,0.3,4.0,70.74563636363638,1.799886363636375,0.1319999999999908,-1.6000000000000014,1,11,15
4,NOR,7.0,7,6.0,+1 Lap,70.0,2022,11,,66.33,85.847,,McLaren,Austrian Grand Prix,7.0,20.0,66.33,1.3460000000000036,10.0,8.8,10.1,3.0,0.1,54.0,69.875,0.9292499999999961,-0.28300000000000125,-2.5999999999999996,1,11,14
20,MAG,8.0,8,4.0,+1 Lap,70.0,2022,11,,66.366,65.894,65.879,Haas F1 Team,Austrian Grand Prix,8.0,20.0,65.879,0.8950000000000102,15.666666666666666,16.8,16.0,,0.3,15.0,70.54971428571429,1.6039642857142837,-0.1319999999999908,1.6000000000000014,1,11,13
3,RIC,9.0,9,2.0,+1 Lap,70.0,2022,11,,66.613,,,McLaren,Austrian Grand Prix,9.0,20.0,66.613,1.6290000000000049,10.666666666666666,11.4,10.1,7.0,0.1,12.0,71.38733333333332,2.4415833333333126,0.28300000000000125,2.5999999999999996,1,11,12
14,ALO,10.0,10,1.0,+1 Lap,70.0,2022,11,,66.016,66.082,66.103,Alpine,Austrian Grand Prix,10.0,20.0,66.016,1.0320000000000107,7.0,7.4,9.2,10.0,0.2,28.0,70.86354545454546,1.9177954545454554,0.29000000000000625,-3.5999999999999996,1,11,11
77,BOT,11.0,11,0.0,+1 Lap,70.0,2022,11,,66.442,66.319,,Alfa Romeo,Austrian Grand Prix,11.0,20.0,66.319,1.335000000000008,12.666666666666666,10.6,13.7,2.0,0.2,44.0,69.9024,0.9566499999999962,-0.5819999999999936,-6.200000000000001,1,11,10
23,ALB,12.0,12,0.0,+1 Lap,70.0,2022,11,,66.516,66.23,,Williams,Austrian Grand Prix,12.0,20.0,66.23,1.2460000000000093,15.0,16.6,15.7,,0.3,3.0,70.03085714285714,1.0851071428571402,-0.7729999999999961,1.8000000000000007,1,11,9
18,STR,13.0,13,0.0,+1 Lap,70.0,2022,11,,66.847,,,Aston Martin,Austrian Grand Prix,13.0,20.0,66.847,1.8629999999999995,12.333333333333334,13.2,11.4,13.0,0.1,3.0,70.667,1.7212499999999977,-0.2360000000000042,3.5999999999999996,1,11,8
24,ZHO,14.0,14,0.0,+1 Lap,70.0,2022,11,,66.901,,,Alfa Romeo,Austrian Grand Prix,14.0,20.0,66.901,1.9170000000000016,16.0,16.8,13.7,,0.4,5.0,70.29015000000001,1.3444000000000074,0.5819999999999936,6.200000000000001,1,11,7
10,GAS,15.0,15,0.0,+1 Lap,70.0,2022,11,,66.589,66.16,,AlphaTauri,Austrian Grand Prix,15.0,20.0,66.16,1.176000000000002,13.0,12.6,13.7,9.0,0.3,16.0,70.09426666666667,1.1485166666666657,-0.30299999999999727,-2.200000000000001,1,11,6
22,TSU,16.0,16,0.0,+1 Lap,70.0,2022,11,,66.463,66.851,,AlphaTauri,Austrian Grand Prix,16.0,20.0,66.463,1.4789999999999992,15.666666666666666,14.8,13.7,12.0,0.2,11.0,70.3235,1.3777499999999918,0.30299999999999727,2.200000000000001,1,11,5
5,VET,17.0,17,0.0,+1 Lap,70.0,2022,11,,67.083,,,Aston Martin,Austrian Grand Prix,17.0,20.0,67.083,2.0990000000000038,9.0,9.6,11.4,17.0,0.25,15.0,70.29326666666665,1.3475166666666496,0.2360000000000042,-3.5999999999999996,1,11,4
6,LAT,19.0,R,0.0,Undertray,48.0,2022,11,,67.003,,,Williams,Austrian Grand Prix,20.0,20.0,67.003,2.0190000000000055,14.333333333333334,14.8,15.7,16.0,0.1,0.0,71.02371428571429,2.0779642857142875,0.7729999999999961,-1.8000000000000007,1,11,1
11,PER,20.0,R,0.0,Collision damage,24.0,2022,11,,66.143,66.458,,Red Bull Racing,Austrian Grand Prix,20.0,20.0,66.143,1.159000000000006,8.0,5.4,4.0,6.0,0.2,141.0,69.41828571428572,0.47253571428571206,1.159000000000006,2.8000000000000003,1,11,1
55,SAI,18.0,R,0.0,Power Unit,56.0,2022,11,,65.66,65.576,65.066,Ferrari,Austrian Grand Prix,20.0,20.0,65.066,0.08200000000000784,7.666666666666667,5.8,8.2,5.0,0.3,122.0,69.55790909090909,0.6121590909090884,0.05299999999999727,-4.8,1,11,1
1,VER,1.0,1,25.0,Finished,53.0,2022,12,,91.891,91.99,91.176,Red Bull Racing,French Grand Prix,1.0,20.0,91.176,0.30400000000000205,3.3333333333333335,2.8,5.9,1.0,0.18181818181818182,192.0,99.4862,1.2871999999999986,-0.15899999999999181,-6.2,1,12,20
44,HAM,2.0,2,18.0,Finished,53.0,2022,12,,93.041,92.274,91.765,Mercedes,French Grand Prix,2.0,20.0,91.765,0.8930000000000007,3.0,4.2,5.7,2.0,0.0,108.0,98.82433333333334,0.6253333333333444,-0.36599999999999966,-3.0,1,12,19
63,RUS,3.0,3,15.0,Finished,53.0,2022,12,,93.109,92.633,92.131,Mercedes,French Grand Prix,3.0,20.0,92.131,1.2590000000000003,9.333333333333334,7.2,5.7,12.0,0.09090909090909091,123.0,98.54366666666668,0.3446666666666829,0.36599999999999966,3.0,1,12,18
11,PER,4.0,4,12.0,Finished,53.0,2022,12,,92.354,92.12,91.335,Red Bull Racing,French Grand Prix,4.0,20.0,91.335,0.46299999999999386,14.0,9.0,5.9,3.0,0.2727272727272727,141.0,98.887,0.6880000000000024,0.15899999999999181,6.2,1,12,17
55,SAI,5.0,5,11.0,Finished,53.0,2022,12,,92.297,91.081,,Ferrari,French Grand Prix,5.0,20.0,91.081,0.20900000000000318,7.666666666666667,9.0,7.9,11.0,0.36363636363636365,122.0,98.199,0.0,0.20900000000000318,2.2,1,12,16
14,ALO,6.0,6,8.0,Finished,53.0,2022,12,,92.819,92.631,92.552,Alpine,French Grand Prix,6.0,20.0,92.552,1.6800000000000068,8.0,7.6,9.1,8.0,0.18181818181818182,29.0,99.50255555555556,1.3035555555555618,-0.4959999999999951,-3.0,1,12,15
4,NOR,7.0,7,6.0,Finished,53.0,2022,12,,92.672,92.777,92.032,McLaren,French Grand Prix,7.0,20.0,92.032,1.1599999999999966,9.333333333333334,8.6,9.7,5.0,0.09090909090909091,60.0,100.417,2.2180000000000035,-0.8900000000000006,-2.200000000000001,1,12,14
31,OCO,8.0,8,4.0,Finished,53.0,2022,12,,93.346,93.048,,Alpine,French Grand Prix,8.0,20.0,93.048,2.176000000000002,10.333333333333334,10.6,9.1,14.0,0.09090909090909091,49.0,100.10688888888888,1.907888888888877,0.4959999999999951,3.0,1,12,13
3,RIC,9.0,9,2.0,Finished,53.0,2022,12,,93.404,92.922,,McLaren,French Grand Prix,9.0,20.0,92.922,2.049999999999997,11.0,10.8,9.7,6.0,0.09090909090909091,14.0,101.6928,3.4938000000000073,0.8900000000000006,2.200000000000001,1,12,12
18,STR,10.0,10,1.0,Finished,53.0,2022,12,,93.439,,,Aston Martin,French Grand Prix,10.0,20.0,93.439,2.566999999999993,11.333333333333334,12.8,11.8,10.0,0.09090909090909091,3.0,101.3865,3.1875,0.1629999999999967,2.0,1,12,11
5,VET,11.0,11,0.0,Finished,53.0,2022,12,,93.285,93.276,,Aston Martin,French Grand Prix,11.0,20.0,93.276,2.4039999999999964,12.666666666666666,10.8,11.8,9.0,0.2222222222222222,15.0,99.384875,1.1858749999999958,-0.1629999999999967,-2.0,1,12,10
10,GAS,12.0,12,0.0,Finished,53.0,2022,12,,93.439,,,AlphaTauri,French Grand Prix,12.0,20.0,93.439,2.566999999999993,16.333333333333332,13.0,14.5,7.0,0.2727272727272727,16.0,99.7088,1.5097999999999985,0.6589999999999918,-3.0,1,12,9
23,ALB,13.0,13,0.0,Finished,53.0,2022,12,,93.423,93.307,,Williams,French Grand Prix,13.0,20.0,93.307,2.4350000000000023,15.0,15.4,15.5,,0.2727272727272727,3.0,99.716125,1.5171250000000072,-0.48699999999999477,-0.1999999999999993,1,12,8
77,BOT,14.0,14,0.0,Finished,53.0,2022,12,,93.034,93.052,,Alfa Romeo,French Grand Prix,14.0,20.0,93.034,2.162000000000006,12.666666666666666,11.6,13.6,4.0,0.18181818181818182,44.0,99.892,1.6929999999999978,-0.6400000000000006,-4.0,1,12,7
47,MSC,15.0,15,0.0,Finished,53.0,2022,12,,93.701,,,Haas F1 Team,French Grand Prix,15.0,20.0,93.701,2.8289999999999935,11.333333333333334,13.6,14.3,19.0,0.2727272727272727,12.0,101.4078,3.2087999999999965,1.0519999999999925,-1.4000000000000004,1,12,6
24,ZHO,16.0,16,0.0,+6 Laps,47.0,2022,12,,93.674,,,Alfa Romeo,French Grand Prix,16.0,20.0,93.674,2.8020000000000067,14.0,15.6,13.6,,0.36363636363636365,5.0,100.544,2.344999999999999,0.6400000000000006,4.0,1,12,5
6,LAT,17.0,R,0.0,Collision damage,40.0,2022,12,,93.794,,,Williams,French Grand Prix,20.0,20.0,93.794,2.921999999999997,16.0,15.6,15.5,18.0,0.18181818181818182,0.0,100.29988888888889,2.100888888888889,0.48699999999999477,0.1999999999999993,1,12,1
16,LEC,19.0,R,0.0,Accident,17.0,2022,12,,91.727,91.216,90.872,Ferrari,French Grand Prix,20.0,20.0,90.872,0.0,3.3333333333333335,6.8,7.9,16.0,0.18181818181818182,156.0,98.62924999999998,0.4302499999999867,-0.20900000000000318,-2.2,1,12,1
20,MAG,18.0,R,0.0,Collision damage,37.0,2022,12,,92.756,92.649,,Haas F1 Team,French Grand Prix,20.0,20.0,92.649,1.777000000000001,11.666666666666666,15.0,14.3,,0.2727272727272727,19.0,100.23925,2.0402500000000003,-1.0519999999999925,1.4000000000000004,1,12,1
22,TSU,20.0,R,0.0,Undertray,17.0,2022,12,,93.394,92.836,92.78,AlphaTauri,French Grand Prix,20.0,20.0,92.78,1.9080000000000013,16.666666666666668,16.0,14.5,13.0,0.18181818181818182,11.0,99.7395,1.5405000000000086,-0.6589999999999918,3.0,1,12,1
1,VER,1.0,1,25.0,Finished,70.0,2022,13,,78.509,77.703,78.823,Red Bull Racing,Hungarian Grand Prix,1.0,20.0,77.703,0.3260000000000076,3.3333333333333335,2.4,6.0,9.0,0.16666666666666666,217.0,85.16636363636364,1.4691969696969807,-0.8130000000000024,-7.199999999999999,1,13,20
44,HAM,2.0,2,19.0,Finished,70.0,2022,13,,78.374,78.035,78.142,Mercedes,Hungarian Grand Prix,2.0,20.0,78.035,0.6580000000000013,2.6666666666666665,3.0,4.9,2.0,0.0,126.0,120.45133333333337,36.754166666666706,0.6580000000000013,-3.8,1,13,19
63,RUS,3.0,3,15.0,Finished,70.0,2022,13,,78.407,78.154,77.377,Mercedes,Hungarian Grand Prix,3.0,20.0,77.377,0.0,9.0,6.8,4.9,8.0,0.08333333333333333,138.0,87.8216,4.124433333333343,-0.6580000000000013,3.8,1,13,18
55,SAI,4.0,4,12.0,Finished,70.0,2022,13,,78.434,77.946,77.421,Ferrari,Hungarian Grand Prix,4.0,20.0,77.421,0.04400000000001114,8.666666666666666,9.6,9.8,3.0,0.3333333333333333,133.0,83.69716666666666,0.0,-0.14599999999998658,-0.40000000000000036,1,13,17
11,PER,5.0,5,10.0,Finished,70.0,2022,13,,79.118,78.516,,Red Bull Racing,Hungarian Grand Prix,5.0,20.0,78.516,1.13900000000001,8.666666666666666,9.6,6.0,20.0,0.25,153.0,87.92645454545455,4.229287878787886,0.8130000000000024,7.199999999999999,1,13,16
16,LEC,6.0,6,8.0,Finished,70.0,2022,13,,78.806,77.768,77.567,Ferrari,Hungarian Grand Prix,6.0,20.0,77.567,0.18999999999999773,8.333333333333334,10.0,9.8,20.0,0.25,156.0,91.398125,7.7009583333333325,0.14599999999998658,0.40000000000000036,1,13,15
4,NOR,7.0,7,6.0,Finished,70.0,2022,13,,78.653,78.121,77.769,McLaren,Hungarian Grand Prix,7.0,20.0,77.769,0.3920000000000101,6.666666666666667,8.8,9.4,20.0,0.08333333333333333,66.0,84.736,1.0388333333333435,-0.42899999999998784,-1.1999999999999993,1,13,14
14,ALO,8.0,8,4.0,+1 Lap,69.0,2022,13,,78.716,77.904,78.078,Alpine,Hungarian Grand Prix,8.0,20.0,77.904,0.527000000000001,7.0,7.4,8.6,4.0,0.16666666666666666,37.0,85.29544444444446,1.5982777777777954,-0.11400000000000432,-2.4000000000000004,1,13,13
31,OCO,9.0,9,2.0,+1 Lap,69.0,2022,13,,78.866,78.216,78.018,Alpine,Hungarian Grand Prix,9.0,20.0,78.018,0.6410000000000053,11.0,9.8,8.6,1.0,0.08333333333333333,53.0,85.65966666666668,1.96250000000002,0.11400000000000432,2.4000000000000004,1,13,12
5,VET,10.0,10,1.0,+1 Lap,69.0,2022,13,,79.273,,,Aston Martin,Hungarian Grand Prix,10.0,20.0,79.273,1.8960000000000008,12.333333333333334,11.0,11.5,20.0,0.2,15.0,84.66357142857143,0.9664047619047693,0.13599999999999568,-1.0,1,13,11
18,STR,11.0,11,0.0,+1 Lap,69.0,2022,13,,79.205,79.137,,Aston Martin,Hungarian Grand Prix,11.0,20.0,79.137,1.7600000000000051,11.333333333333334,12.0,11.5,20.0,0.08333333333333333,4.0,84.90755555555556,1.2103888888889003,-0.13599999999999568,1.0,1,13,10
10,GAS,12.0,12,0.0,+1 Lap,69.0,2022,13,,79.527,,,AlphaTauri,Hungarian Grand Prix,12.0,20.0,79.527,2.1500000000000057,15.666666666666666,13.2,14.9,5.0,0.25,16.0,85.425,1.7278333333333364,0.28700000000000614,-3.400000000000002,1,13,9
24,ZHO,13.0,13,0.0,+1 Lap,69.0,2022,13,,78.973,78.573,,Alfa Romeo,Hungarian Grand Prix,13.0,20.0,78.573,1.195999999999998,16.666666666666668,15.6,14.1,,0.3333333333333333,5.0,88.65077777777778,4.953611111111115,0.4159999999999968,3.0,1,13,8
47,MSC,14.0,14,0.0,+1 Lap,69.0,2022,13,,79.164,79.202,,Haas F1 Team,Hungarian Grand Prix,14.0,20.0,79.164,1.7870000000000061,9.666666666666666,12.6,13.8,12.0,0.25,12.0,91.3445,7.647333333333336,0.33899999999999864,-2.4000000000000004,1,13,7
3,RIC,15.0,15,0.0,+1 Lap,69.0,2022,13,,78.775,78.198,78.379,McLaren,Hungarian Grand Prix,15.0,20.0,78.198,0.820999999999998,10.333333333333334,10.0,9.4,11.0,0.08333333333333333,16.0,85.28133333333334,1.5841666666666754,0.42899999999998784,1.1999999999999993,1,13,6
20,MAG,16.0,16,0.0,+1 Lap,69.0,2022,13,,78.993,78.825,,Haas F1 Team,Hungarian Grand Prix,16.0,20.0,78.825,1.4480000000000075,12.666666666666666,15.0,13.8,,0.3333333333333333,19.0,90.01281818181818,6.315651515151515,-0.33899999999999864,2.4000000000000004,1,13,5
23,ALB,17.0,17,0.0,+1 Lap,69.0,2022,13,,79.256,,,Williams,Hungarian Grand Prix,17.0,20.0,79.256,1.8790000000000049,15.0,14.0,15.3,,0.25,3.0,85.94316666666667,2.2460000000000093,-0.31399999999999295,-2.6000000000000014,1,13,4
6,LAT,18.0,18,0.0,+1 Lap,69.0,2022,13,,79.57,,,Williams,Hungarian Grand Prix,18.0,20.0,79.57,2.192999999999998,17.333333333333332,16.6,15.3,7.0,0.25,0.0,89.8727857142857,6.175619047619037,0.31399999999999295,2.6000000000000014,1,13,3
22,TSU,19.0,19,0.0,+2 Laps,68.0,2022,13,,79.24,,,AlphaTauri,Hungarian Grand Prix,19.0,20.0,79.24,1.8629999999999995,16.666666666666668,16.6,14.9,6.0,0.25,11.0,88.6263846153846,4.929217948717934,-0.28700000000000614,3.400000000000002,1,13,2
77,BOT,20.0,20,0.0,Power Unit,65.0,2022,13,,78.935,78.445,78.157,Alfa Romeo,Hungarian Grand Prix,20.0,20.0,78.157,0.7800000000000011,15.0,12.6,14.1,20.0,0.16666666666666666,44.0,87.67869999999999,3.9815333333333314,-0.4159999999999968,-3.0,1,13,1
1,VER,1.0,1,26.0,Finished,44.0,2022,14,,104.581,104.723,103.665,Red Bull Racing,Belgian Grand Prix,1.0,20.0,103.665,0.0,1.3333333333333333,2.4,6.3,1.0,0.15384615384615385,242.0,,,-0.796999999999997,-7.799999999999999,1,14,20
11,PER,2.0,2,18.0,Finished,44.0,2022,14,,105.377,104.794,104.462,Red Bull Racing,Belgian Grand Prix,2.0,20.0,104.462,0.796999999999997,9.666666666666666,10.2,6.3,19.0,0.23076923076923078,163.0,124.16466666666668,15.961333333333357,0.796999999999997,7.799999999999999,1,14,19
55,SAI,3.0,3,15.0,Finished,44.0,2022,14,,105.05,105.418,104.297,Ferrari,Belgian Grand Prix,3.0,20.0,104.297,0.6319999999999908,9.666666666666666,6.4,6.8,10.0,0.3076923076923077,145.0,,,-0.2540000000000049,-0.7999999999999998,1,14,18
63,RUS,4.0,4,12.0,Finished,44.0,2022,14,,105.65,105.461,105.776,Mercedes,Belgian Grand Prix,4.0,20.0,105.461,1.7959999999999923,3.3333333333333335,6.8,4.7,2.0,0.07692307692307693,153.0,113.50625,5.302916666666675,0.04099999999999682,4.199999999999999,1,14,17
14,ALO,5.0,5,10.0,Finished,44.0,2022,14,,106.075,105.552,105.368,Alpine,Belgian Grand Prix,5.0,20.0,105.368,1.7029999999999887,8.0,7.6,8.6,11.0,0.15384615384615385,41.0,120.33666666666666,12.13333333333334,0.18799999999998818,-2.0,1,14,16
16,LEC,6.0,6,8.0,Finished,44.0,2022,14,,105.572,104.551,104.553,Ferrari,Belgian Grand Prix,6.0,20.0,104.551,0.8859999999999957,9.0,7.2,6.8,8.0,0.23076923076923078,164.0,108.20333333333332,0.0,0.2540000000000049,0.7999999999999998,1,14,15
31,OCO,7.0,7,6.0,Finished,44.0,2022,14,,106.039,105.475,105.18,Alpine,Belgian Grand Prix,7.0,20.0,105.18,1.5150000000000006,7.333333333333333,9.6,8.6,7.0,0.07692307692307693,55.0,115.6336,7.430266666666682,-0.18799999999998818,2.0,1,14,14
5,VET,8.0,8,4.0,Finished,44.0,2022,14,,106.344,,,Aston Martin,Belgian Grand Prix,8.0,20.0,106.344,2.678999999999988,12.666666666666666,11.8,11.4,5.0,0.18181818181818182,16.0,117.07283333333332,8.869500000000002,0.08799999999999386,0.8000000000000007,1,14,13
10,GAS,9.0,9,2.0,Finished,44.0,2022,14,,106.183,105.827,,AlphaTauri,Belgian Grand Prix,9.0,20.0,105.827,2.161999999999992,13.0,14.6,16.2,6.0,0.23076923076923078,16.0,117.41825,9.214916666666682,-0.8649999999999949,-3.200000000000001,1,14,12
23,ALB,10.0,10,1.0,Finished,44.0,2022,14,,105.672,105.675,105.837,Williams,Belgian Grand Prix,10.0,20.0,105.672,2.006999999999991,14.0,15.0,16.1,,0.23076923076923078,3.0,,,-0.7289999999999992,-2.1999999999999993,1,14,11
18,STR,11.0,11,0.0,Finished,44.0,2022,14,,106.256,106.611,,Aston Martin,Belgian Grand Prix,11.0,20.0,106.256,2.590999999999994,11.333333333333334,11.0,11.4,20.0,0.07692307692307693,4.0,120.46033333333334,12.25700000000002,-0.08799999999999386,-0.8000000000000007,1,14,10
4,NOR,12.0,12,0.0,Finished,44.0,2022,14,,105.745,105.603,106.178,McLaren,Belgian Grand Prix,12.0,20.0,105.603,1.9379999999999882,7.0,8.4,9.9,14.0,0.07692307692307693,72.0,,,-0.16400000000000148,-3.0,1,14,9
22,TSU,13.0,13,0.0,Finished,44.0,2022,14,,106.692,,,AlphaTauri,Belgian Grand Prix,13.0,20.0,106.692,3.026999999999987,18.333333333333332,17.8,16.2,15.0,0.23076923076923078,11.0,127.47425,19.27091666666668,0.8649999999999949,3.200000000000001,1,14,8
24,ZHO,14.0,14,0.0,Finished,44.0,2022,14,,106.178,106.085,,Alfa Romeo,Belgian Grand Prix,14.0,20.0,106.085,2.4199999999999875,14.333333333333334,14.2,14.3,,0.3076923076923077,5.0,125.7305,17.527166666666687,-1.781000000000006,-0.20000000000000107,1,14,7
3,RIC,15.0,15,0.0,Finished,44.0,2022,14,,106.212,105.767,,McLaren,Belgian Grand Prix,15.0,20.0,105.767,2.1019999999999897,11.0,11.4,9.9,4.0,0.07692307692307693,16.0,119.67866666666669,11.475333333333367,0.16400000000000148,3.0,1,14,6
20,MAG,16.0,16,0.0,+1 Lap,43.0,2022,14,,106.557,,,Haas F1 Team,Belgian Grand Prix,16.0,20.0,106.557,2.891999999999996,14.666666666666666,14.2,13.4,,0.3076923076923077,19.0,,,0.2150000000000034,1.5999999999999996,1,14,5
47,MSC,17.0,17,0.0,+1 Lap,43.0,2022,14,,106.342,107.718,,Haas F1 Team,Belgian Grand Prix,17.0,20.0,106.342,2.6769999999999925,11.666666666666666,12.6,13.4,16.0,0.23076923076923078,12.0,115.53344444444444,7.330111111111123,-0.2150000000000034,-1.5999999999999996,1,14,4
6,LAT,18.0,18,0.0,+1 Lap,43.0,2022,14,,106.401,,,Williams,Belgian Grand Prix,18.0,20.0,106.401,2.73599999999999,19.333333333333332,17.2,16.1,9.0,0.23076923076923078,0.0,,,0.7289999999999992,2.1999999999999993,1,14,3
77,BOT,19.0,R,0.0,Accident,1.0,2022,14,,107.866,,,Alfa Romeo,Belgian Grand Prix,20.0,20.0,107.866,4.200999999999993,15.0,14.4,14.3,12.0,0.23076923076923078,44.0,119.91966666666669,11.716333333333367,1.781000000000006,0.20000000000000107,1,14,1
44,HAM,20.0,R,0.0,Collision damage,0.0,2022,14,,105.736,105.42,105.503,Mercedes,Belgian Grand Prix,20.0,20.0,105.42,1.7549999999999955,2.3333333333333335,2.6,4.7,3.0,0.0,145.0,122.14233333333334,13.939000000000021,-0.04099999999999682,-4.199999999999999,1,14,1
1,VER,1.0,1,26.0,Finished,72.0,2022,15,,71.317,70.927,70.342,Red Bull Racing,Dutch Grand Prix,1.0,20.0,70.342,0.0,1.0,2.4,4.5,1.0,0.14285714285714285,268.0,89.39326666666666,3.230457142857148,-0.7349999999999994,-4.199999999999999,1,15,20
63,RUS,2.0,2,18.0,Finished,72.0,2022,15,,71.561,70.824,71.147,Mercedes,Dutch Grand Prix,2.0,20.0,70.824,0.4819999999999993,3.3333333333333335,6.8,6.4,17.0,0.07142857142857142,165.0,92.04935,5.88654047619049,0.17600000000000193,0.7999999999999998,1,15,19
16,LEC,3.0,3,15.0,Finished,72.0,2022,15,,71.443,70.988,70.363,Ferrari,Dutch Grand Prix,3.0,20.0,70.363,0.021000000000000796,10.666666666666666,7.4,7.0,5.0,0.21428571428571427,172.0,92.64684210526316,6.484032581453647,-0.07099999999999795,0.8000000000000007,1,15,18
44,HAM,4.0,4,12.0,Finished,72.0,2022,15,,71.331,71.075,70.648,Mercedes,Dutch Grand Prix,4.0,20.0,70.648,0.3059999999999974,8.0,6.0,6.4,2.0,0.07142857142857142,145.0,97.50876923076925,11.345959706959732,-0.17600000000000193,-0.7999999999999998,1,15,17
11,PER,5.0,5,10.0,Finished,72.0,2022,15,,71.641,71.314,71.077,Red Bull Racing,Dutch Grand Prix,5.0,20.0,71.077,0.7349999999999994,3.6666666666666665,6.6,4.5,8.0,0.21428571428571427,181.0,90.25953333333334,4.096723809523823,0.7349999999999994,4.199999999999999,1,15,16
14,ALO,6.0,6,8.0,Finished,72.0,2022,15,,71.667,71.613,,Alpine,Dutch Grand Prix,6.0,20.0,71.613,1.2710000000000008,6.333333333333333,6.8,8.3,6.0,0.14285714285714285,51.0,87.86611111111111,1.7033015873015955,0.007999999999995566,-3.000000000000001,1,15,15
4,NOR,7.0,7,6.0,Finished,72.0,2022,15,,71.556,71.116,71.174,McLaren,Dutch Grand Prix,7.0,20.0,71.116,0.7740000000000009,8.666666666666666,7.8,10.0,10.0,0.07142857142857142,72.0,90.5926875,4.4298779761904825,-0.9650000000000034,-4.3999999999999995,1,15,14
55,SAI,8.0,8,4.0,Finished,72.0,2022,15,,71.767,70.814,70.434,Ferrari,Dutch Grand Prix,8.0,20.0,70.434,0.09199999999999875,4.0,6.6,7.0,7.0,0.2857142857142857,160.0,87.8727391304348,1.7099296066252805,0.07099999999999795,-0.8000000000000007,1,15,13
31,OCO,9.0,9,2.0,Finished,72.0,2022,15,,71.748,71.605,,Alpine,Dutch Grand Prix,9.0,20.0,71.605,1.2630000000000052,8.0,9.8,8.3,9.0,0.07142857142857142,61.0,86.65619999999998,0.49339047619046994,-0.007999999999995566,3.000000000000001,1,15,12
18,STR,10.0,10,1.0,Finished,72.0,2022,15,,71.568,71.416,,Aston Martin,Dutch Grand Prix,10.0,20.0,71.416,1.073999999999998,10.666666666666666,11.2,11.1,12.0,0.07142857142857142,4.0,88.64442857142858,2.4816190476190627,-0.9750000000000085,0.1999999999999993,1,15,11
10,GAS,11.0,11,0.0,Finished,72.0,2022,15,,71.705,71.512,,AlphaTauri,Dutch Grand Prix,11.0,20.0,71.512,1.1700000000000017,11.0,13.6,15.0,4.0,0.21428571428571427,18.0,93.45581818181816,7.293008658008645,0.08499999999999375,-2.799999999999999,1,15,10
23,ALB,12.0,12,0.0,Finished,72.0,2022,15,,71.695,71.802,,Williams,Dutch Grand Prix,12.0,20.0,71.695,1.3529999999999944,13.333333333333334,14.4,16.0,,0.21428571428571427,4.0,94.94166666666666,8.778857142857149,-1.6580000000000013,-3.200000000000001,1,15,9
47,MSC,13.0,13,0.0,Finished,72.0,2022,15,,71.741,71.42,71.442,Haas F1 Team,Dutch Grand Prix,13.0,20.0,71.42,1.078000000000003,15.333333333333334,12.0,13.0,18.0,0.21428571428571427,12.0,86.78054999999999,0.6177404761904768,-0.8990000000000009,-2.0,1,15,8
5,VET,14.0,14,0.0,Finished,72.0,2022,15,,72.391,,,Aston Martin,Dutch Grand Prix,14.0,20.0,72.391,2.0490000000000066,9.666666666666666,11.0,11.1,13.0,0.16666666666666666,20.0,86.16280952380951,0.0,0.9750000000000085,-0.1999999999999993,1,15,7
20,MAG,15.0,15,0.0,Finished,72.0,2022,15,,72.319,,,Haas F1 Team,Dutch Grand Prix,15.0,20.0,72.319,1.9770000000000039,17.333333333333332,14.0,13.0,,0.2857142857142857,19.0,88.32872222222221,2.165912698412697,0.8990000000000009,2.0,1,15,6
24,ZHO,16.0,16,0.0,Finished,72.0,2022,15,,71.826,71.704,,Alfa Romeo,Dutch Grand Prix,16.0,20.0,71.704,1.3619999999999948,14.333333333333334,15.4,16.2,,0.2857142857142857,5.0,88.82527777777779,2.662468253968271,-0.257000000000005,-1.5999999999999996,1,15,5
3,RIC,17.0,17,0.0,Finished,72.0,2022,15,,72.081,,,McLaren,Dutch Grand Prix,17.0,20.0,72.081,1.7390000000000043,13.0,12.2,10.0,11.0,0.07142857142857142,16.0,88.40216666666667,2.239357142857159,0.9650000000000034,4.3999999999999995,1,15,4
6,LAT,18.0,18,0.0,+1 Lap,71.0,2022,15,,73.353,,,Williams,Dutch Grand Prix,18.0,20.0,73.353,3.0109999999999957,18.666666666666668,17.6,16.0,16.0,0.21428571428571427,0.0,93.65035294117648,7.487543417366965,1.6580000000000013,3.200000000000001,1,15,3
77,BOT,19.0,R,0.0,Engine,53.0,2022,15,,71.961,,,Alfa Romeo,Dutch Grand Prix,20.0,20.0,71.961,1.6189999999999998,18.0,17.0,16.2,3.0,0.2857142857142857,44.0,91.22884210526315,5.066032581453641,0.257000000000005,1.5999999999999996,1,15,1
22,TSU,20.0,R,0.0,Differential,43.0,2022,15,,71.427,71.428,72.556,AlphaTauri,Dutch Grand Prix,20.0,20.0,71.427,1.085000000000008,17.333333333333332,16.4,15.0,20.0,0.21428571428571427,11.0,92.80992307692306,6.647113553113542,-0.08499999999999375,2.799999999999999,1,15,1
1,VER,1.0,1,25.0,Finished,53.0,2022,16,,80.922,81.265,80.306,Red Bull Racing,Italian Grand Prix,1.0,20.0,80.306,0.14499999999999602,1.0,1.2,4.2,20.0,0.13333333333333333,294.0,88.704,2.2567999999999984,-0.9000000000000057,-6.0,1,16,20
16,LEC,2.0,2,18.0,Finished,53.0,2022,16,,81.28,81.208,80.161,Ferrari,Italian Grand Prix,2.0,20.0,80.161,0.0,5.0,7.2,7.6,4.0,0.2,187.0,88.75128571428571,2.304085714285719,-0.2680000000000007,-0.7999999999999998,1,16,19
63,RUS,3.0,3,15.0,Finished,53.0,2022,16,,81.785,81.747,81.542,Mercedes,Italian Grand Prix,3.0,20.0,81.542,1.3810000000000002,3.0,3.2,4.7,9.0,0.06666666666666667,183.0,86.47949999999999,0.032299999999992224,0.018000000000000682,-3.0,1,16,18
55,SAI,4.0,4,12.0,Finished,53.0,2022,16,,81.348,80.878,80.429,Ferrari,Italian Grand Prix,4.0,20.0,80.429,0.2680000000000007,5.0,8.0,7.6,6.0,0.26666666666666666,164.0,86.4472,0.0,0.2680000000000007,0.7999999999999998,1,16,17
44,HAM,5.0,5,10.0,Finished,53.0,2022,16,,82.048,81.708,81.524,Mercedes,Italian Grand Prix,5.0,20.0,81.524,1.3629999999999995,8.666666666666666,6.2,4.7,20.0,0.06666666666666667,157.0,86.8485,0.4013000000000062,-0.018000000000000682,3.0,1,16,16
11,PER,6.0,6,9.0,Finished,53.0,2022,16,,81.495,81.358,81.206,Red Bull Racing,Italian Grand Prix,6.0,20.0,81.206,1.0450000000000017,4.0,7.2,4.2,5.0,0.2,191.0,92.50533333333334,6.058133333333345,0.9000000000000057,6.0,1,16,15
4,NOR,7.0,7,6.0,Finished,53.0,2022,16,,82.13,81.831,81.584,McLaren,Italian Grand Prix,7.0,20.0,81.584,1.4230000000000018,8.666666666666666,8.0,10.5,2.0,0.06666666666666667,78.0,87.1687,0.721500000000006,-0.2710000000000008,-5.0,1,16,14
10,GAS,8.0,8,4.0,Finished,53.0,2022,16,,82.01,82.062,82.648,AlphaTauri,Italian Grand Prix,8.0,20.0,82.01,1.8490000000000038,10.666666666666666,11.8,14.7,20.0,0.2,18.0,89.01916666666666,2.5719666666666683,-0.009999999999990905,-5.800000000000001,1,16,13
45,DEV,9.0,9,2.0,Finished,53.0,2022,16,,82.567,82.471,,Williams,Italian Grand Prix,9.0,20.0,82.471,2.3100000000000023,,,15.8,,0.0,0.0,,,-0.11599999999999966,,1,16,12
24,ZHO,10.0,10,1.0,Finished,53.0,2022,16,,82.003,82.577,,Alfa Romeo,Italian Grand Prix,10.0,20.0,82.003,1.8419999999999987,14.333333333333334,14.6,15.8,,0.26666666666666666,5.0,87.83616666666667,1.3889666666666756,-0.23199999999999932,-2.4000000000000004,1,16,11
31,OCO,11.0,11,0.0,Finished,53.0,2022,16,,82.166,82.13,,Alpine,Italian Grand Prix,11.0,20.0,82.13,1.968999999999994,8.333333333333334,7.6,7.3,10.0,0.06666666666666667,63.0,90.8145,4.3673,0.26899999999999125,0.5999999999999996,1,16,10
47,MSC,12.0,12,0.0,Finished,53.0,2022,16,,83.005,,,Haas F1 Team,Italian Grand Prix,12.0,20.0,83.005,2.843999999999994,14.666666666666666,13.0,14.0,15.0,0.2,12.0,,,0.0969999999999942,-2.0,1,16,9
77,BOT,13.0,13,0.0,+1 Lap,52.0,2022,16,,82.254,82.235,,Alfa Romeo,Italian Grand Prix,13.0,20.0,82.235,2.073999999999998,20.0,17.0,15.8,3.0,0.3333333333333333,44.0,86.995,0.5478000000000094,0.23199999999999932,2.4000000000000004,1,16,8
22,TSU,14.0,14,0.0,+1 Lap,52.0,2022,16,,82.02,,,AlphaTauri,Italian Grand Prix,14.0,20.0,82.02,1.8589999999999947,17.333333333333332,17.6,14.7,20.0,0.26666666666666666,11.0,88.6294375,2.1822374999999994,0.009999999999990905,5.800000000000001,1,16,7
6,LAT,15.0,15,0.0,+1 Lap,52.0,2022,16,,82.587,,,Williams,Italian Grand Prix,15.0,20.0,82.587,2.426000000000002,18.0,18.8,15.8,11.0,0.2,0.0,87.44316666666667,0.9959666666666749,0.11599999999999966,,1,16,6
20,MAG,16.0,16,0.0,+1 Lap,52.0,2022,16,,82.908,,,Haas F1 Team,Italian Grand Prix,16.0,20.0,82.908,2.747,15.666666666666666,15.0,14.0,,0.26666666666666666,19.0,87.76025,1.313050000000004,-0.0969999999999942,2.0,1,16,5
14,ALO,19.0,R,0.0,Water pressure,31.0,2022,16,,82.089,81.861,,Alpine,Italian Grand Prix,20.0,20.0,81.861,1.7000000000000028,6.333333333333333,7.0,7.3,8.0,0.13333333333333333,59.0,88.50273333333332,2.0555333333333294,-0.26899999999999125,-0.5999999999999996,1,16,1
3,RIC,17.0,R,0.0,Oil leak,45.0,2022,16,,82.139,81.855,81.925,McLaren,Italian Grand Prix,20.0,20.0,81.855,1.6940000000000026,15.666666666666666,13.0,10.5,1.0,0.06666666666666667,16.0,87.149,0.7018000000000058,0.2710000000000008,5.0,1,16,1
18,STR,18.0,R,0.0,Engine,39.0,2022,16,,82.748,,,Aston Martin,Italian Grand Prix,20.0,20.0,82.748,2.5870000000000033,10.666666666666666,11.0,11.5,7.0,0.06666666666666667,5.0,87.751125,1.3039250000000067,0.11200000000000898,-1.0,1,16,1
5,VET,20.0,R,0.0,Engine,10.0,2022,16,,82.636,,,Aston Martin,Italian Grand Prix,20.0,20.0,82.636,2.4749999999999943,10.666666666666666,12.0,11.5,12.0,0.15384615384615385,20.0,92.844,6.396799999999999,-0.11200000000000898,1.0,1,16,1
11,PER,1.0,1,25.0,Finished,59.0,2022,17,,114.404,112.818,109.434,Red Bull Racing,Singapore Grand Prix,1.0,20.0,109.434,0.02199999999999136,4.333333333333333,4.4,2.7,,0.1875,200.0,,,-1.9609999999999985,3.4000000000000004,1,17,20
16,LEC,2.0,2,18.0,Finished,59.0,2022,17,,114.129,112.343,109.412,Ferrari,Singapore Grand Prix,2.0,20.0,109.412,0.0,3.6666666666666665,7.4,6.1,,0.1875,205.0,,,-0.17099999999999227,2.6000000000000005,1,17,19
55,SAI,3.0,3,15.0,Finished,59.0,2022,17,,114.559,113.219,109.583,Ferrari,Singapore Grand Prix,3.0,20.0,109.583,0.17099999999999227,5.0,4.8,6.1,,0.25,176.0,109.2494,0.19006666666668082,0.17099999999999227,-2.6000000000000005,1,17,18
4,NOR,4.0,4,12.0,Finished,59.0,2022,17,,115.914,113.942,110.584,McLaren,Singapore Grand Prix,4.0,20.0,110.584,1.171999999999997,8.666666666666666,8.0,11.6,,0.0625,84.0,,,-5.641999999999996,-7.199999999999999,1,17,17
3,RIC,5.0,5,10.0,Finished,59.0,2022,17,,116.226,,,McLaren,Singapore Grand Prix,5.0,20.0,116.226,6.813999999999993,17.333333333333332,15.2,11.6,,0.125,16.0,111.613,2.553666666666686,5.641999999999996,7.199999999999999,1,17,16
18,STR,6.0,6,8.0,Finished,59.0,2022,17,,115.629,114.211,,Aston Martin,Singapore Grand Prix,6.0,20.0,114.211,4.798999999999992,13.666666666666666,12.4,12.5,,0.125,5.0,109.724,0.6646666666666903,-0.16899999999999693,-0.1999999999999993,1,17,15
1,VER,7.0,7,6.0,Finished,59.0,2022,17,,113.057,112.723,111.395,Red Bull Racing,Singapore Grand Prix,7.0,20.0,111.395,1.9829999999999899,1.0,1.0,2.7,,0.125,319.0,,,1.9609999999999985,-3.4000000000000004,1,17,14
5,VET,8.0,8,4.0,Finished,59.0,2022,17,,115.602,114.38,,Aston Martin,Singapore Grand Prix,8.0,20.0,114.38,4.967999999999989,14.0,12.6,12.5,,0.21428571428571427,20.0,111.03816666666668,1.9788333333333696,0.16899999999999693,0.1999999999999993,1,17,13
44,HAM,9.0,9,2.0,Finished,59.0,2022,17,,113.161,112.691,109.466,Mercedes,Singapore Grand Prix,9.0,20.0,109.466,0.053999999999987836,9.666666666666666,6.6,4.8,,0.0625,167.0,110.72966666666666,1.670333333333346,-4.5460000000000065,3.5999999999999996,1,17,12
10,GAS,10.0,10,1.0,Finished,59.0,2022,17,,115.606,113.546,111.211,AlphaTauri,Singapore Grand Prix,10.0,20.0,111.211,1.7989999999999924,9.333333333333334,10.4,13.8,,0.1875,22.0,115.205,6.145666666666685,-0.7720000000000056,-6.799999999999999,1,17,11
77,BOT,11.0,11,0.0,Finished,59.0,2022,17,,116.083,,,Alfa Romeo,Singapore Grand Prix,11.0,20.0,116.083,6.670999999999992,17.666666666666668,17.4,15.6,,0.3125,44.0,110.24657142857144,1.1872380952381292,0.7079999999999984,3.599999999999998,1,17,10
20,MAG,12.0,12,0.0,Finished,59.0,2022,17,,115.103,114.006,111.573,Haas F1 Team,Singapore Grand Prix,12.0,20.0,111.573,2.160999999999987,15.666666666666666,16.6,15.4,,0.25,19.0,111.20242857142856,2.143095238095242,-2.7970000000000113,2.400000000000002,1,17,9
47,MSC,13.0,13,0.0,+1 Lap,58.0,2022,17,,115.736,114.37,,Haas F1 Team,Singapore Grand Prix,13.0,20.0,114.37,4.957999999999998,14.0,14.2,15.4,,0.1875,12.0,113.381625,4.322291666666686,2.7970000000000113,-2.400000000000002,1,17,8
63,RUS,14.0,14,0.0,+2 Laps,57.0,2022,17,,114.633,114.012,,Mercedes,Singapore Grand Prix,14.0,20.0,114.012,4.599999999999994,3.0,3.0,4.8,,0.0625,198.0,109.05933333333331,0.0,4.5460000000000065,-3.5999999999999996,1,17,7
23,ALB,17.0,R,0.0,Collision damage,25.0,2022,17,,116.985,,,Williams,Singapore Grand Prix,20.0,20.0,116.985,7.572999999999993,13.0,12.8,15.0,,0.2,4.0,110.82322222222224,1.7638888888889284,-0.546999999999997,-5.0,1,17,1
14,ALO,18.0,R,0.0,Engine,20.0,2022,17,,115.36,113.127,109.966,Alpine,Singapore Grand Prix,20.0,20.0,109.966,0.5539999999999878,10.333333333333334,9.0,8.9,,0.1875,59.0,109.69416666666666,0.6348333333333471,-6.371000000000009,0.1999999999999993,1,17,1
6,LAT,19.0,R,0.0,Collision damage,7.0,2022,17,,117.532,,,Williams,Singapore Grand Prix,20.0,20.0,117.532,8.11999999999999,17.0,17.8,15.0,,0.1875,0.0,113.13766666666668,4.078333333333362,0.546999999999997,5.0,1,17,1
31,OCO,16.0,R,0.0,Engine,26.0,2022,17,,116.337,,,Alpine,Singapore Grand Prix,20.0,20.0,116.337,6.924999999999997,9.0,8.8,8.9,,0.0625,63.0,113.15942857142856,4.10009523809525,6.371000000000009,-0.1999999999999993,1,17,1
22,TSU,15.0,R,0.0,Accident,34.0,2022,17,,115.314,113.848,111.983,AlphaTauri,Singapore Grand Prix,20.0,20.0,111.983,2.570999999999998,15.666666666666666,17.2,13.8,,0.25,11.0,122.8935,13.83416666666669,0.7720000000000056,6.799999999999999,1,17,1
24,ZHO,20.0,R,0.0,Collision,6.0,2022,17,,115.375,115.518,,Alfa Romeo,Singapore Grand Prix,20.0,20.0,115.375,5.962999999999994,13.333333333333334,13.8,15.6,,0.25,6.0,111.60216666666666,2.5428333333333484,-0.7079999999999984,-3.599999999999998,1,17,1
1,VER,1.0,1,25.0,Finished,28.0,2022,18,,90.224,90.346,89.304,Red Bull Racing,Japanese Grand Prix,1.0,20.0,89.304,0.0,3.0,2.2,3.0,,0.11764705882352941,325.0,108.70109090909092,3.08159090909092,-0.40500000000000114,-1.5999999999999996,1,18,20
11,PER,2.0,2,18.0,Finished,28.0,2022,18,,90.622,89.925,89.709,Red Bull Racing,Japanese Grand Prix,2.0,20.0,89.709,0.40500000000000114,4.0,3.8,3.0,,0.17647058823529413,225.0,107.03655555555557,1.4170555555555637,0.40500000000000114,1.5999999999999996,1,18,19
16,LEC,3.0,3,15.0,Finished,28.0,2022,18,,90.402,90.486,89.314,Ferrari,Japanese Grand Prix,3.0,20.0,89.314,0.009999999999990905,2.3333333333333335,3.8,4.1,,0.17647058823529413,223.0,,,-0.047000000000011255,-0.6000000000000005,1,18,18
31,OCO,4.0,4,12.0,Finished,28.0,2022,18,,90.696,90.357,90.165,Alpine,Japanese Grand Prix,4.0,20.0,90.165,0.8610000000000042,13.333333333333334,11.2,11.5,,0.11764705882352941,63.0,,,-0.15699999999999648,-0.6000000000000014,1,18,17
44,HAM,5.0,5,10.0,Finished,28.0,2022,18,,90.906,90.443,90.261,Mercedes,Japanese Grand Prix,5.0,20.0,90.261,0.9569999999999936,6.0,8.0,6.6,,0.058823529411764705,169.0,108.9845,3.364999999999995,-0.1280000000000001,2.8,1,18,16
5,VET,6.0,6,8.0,Finished,28.0,2022,18,,91.256,90.656,90.554,Aston Martin,Japanese Grand Prix,6.0,20.0,90.554,1.25,14.0,12.0,11.8,,0.2,24.0,107.5648888888889,1.9453888888888997,-0.8649999999999949,0.40000000000000036,1,18,15
14,ALO,7.0,7,6.0,Finished,28.0,2022,18,,90.603,90.343,90.322,Alpine,Japanese Grand Prix,7.0,20.0,90.322,1.0180000000000007,15.333333333333334,11.8,11.5,,0.23529411764705882,59.0,,,0.15699999999999648,0.6000000000000014,1,18,14
63,RUS,8.0,8,4.0,Finished,28.0,2022,18,,90.865,90.465,90.389,Mercedes,Japanese Grand Prix,8.0,20.0,90.389,1.0849999999999937,6.333333333333333,5.2,6.6,,0.058823529411764705,198.0,108.44275,2.8232500000000016,0.1280000000000001,-2.8,1,18,13
6,LAT,9.0,9,2.0,Finished,28.0,2022,18,,91.511,,,Williams,Japanese Grand Prix,9.0,20.0,91.511,2.2069999999999936,17.666666666666668,17.8,15.7,,0.23529411764705882,0.0,118.45628571428573,12.836785714285725,0.19999999999998863,3.4000000000000004,1,18,12
4,NOR,10.0,10,1.0,Finished,28.0,2022,18,,90.881,90.473,91.003,McLaren,Japanese Grand Prix,10.0,20.0,90.473,1.168999999999997,6.0,7.4,10.9,,0.058823529411764705,96.0,,,-0.18600000000000705,-7.0,1,18,11
3,RIC,11.0,11,0.0,Finished,28.0,2022,18,,90.88,90.659,,McLaren,Japanese Grand Prix,11.0,20.0,90.659,1.355000000000004,14.0,14.4,10.9,,0.11764705882352941,26.0,,,0.18600000000000705,7.0,1,18,10
18,STR,12.0,12,0.0,Finished,28.0,2022,18,,91.419,,,Aston Martin,Japanese Grand Prix,12.0,20.0,91.419,2.114999999999995,12.0,11.6,11.8,,0.11764705882352941,13.0,108.48533333333334,2.8658333333333417,0.8649999999999949,-0.40000000000000036,1,18,9
22,TSU,13.0,13,0.0,Finished,28.0,2022,18,,91.13,90.808,,AlphaTauri,Japanese Grand Prix,13.0,20.0,90.808,1.5040000000000049,18.0,17.2,13.6,,0.29411764705882354,11.0,108.06527272727271,2.4457727272727112,-0.5139999999999958,7.199999999999999,1,18,8
20,MAG,14.0,14,0.0,Finished,28.0,2022,18,,91.352,,,Haas F1 Team,Japanese Grand Prix,14.0,20.0,91.352,2.048000000000002,14.333333333333334,15.0,14.4,,0.23529411764705882,19.0,,,0.20000000000000284,1.1999999999999993,1,18,7
77,BOT,15.0,15,0.0,Finished,28.0,2022,18,,91.226,90.709,,Alfa Romeo,Japanese Grand Prix,15.0,20.0,90.709,1.4050000000000011,14.666666666666666,16.8,15.7,,0.29411764705882354,44.0,115.253,9.633499999999998,-0.18500000000000227,2.200000000000001,1,18,6
24,ZHO,16.0,16,0.0,Finished,28.0,2022,18,,90.894,90.953,,Alfa Romeo,Japanese Grand Prix,16.0,20.0,90.894,1.5900000000000034,15.333333333333334,14.6,15.7,,0.29411764705882354,6.0,116.33466666666664,10.715166666666633,0.18500000000000227,-2.200000000000001,1,18,5
47,MSC,17.0,17,0.0,Finished,28.0,2022,18,,91.152,91.439,,Haas F1 Team,Japanese Grand Prix,17.0,20.0,91.152,1.847999999999999,12.666666666666666,13.8,14.4,,0.17647058823529413,12.0,,,-0.20000000000000284,-1.1999999999999993,1,18,4
10,GAS,18.0,18,0.0,Finished,28.0,2022,18,,91.322,,,AlphaTauri,Japanese Grand Prix,18.0,20.0,91.322,2.0180000000000007,9.666666666666666,10.0,13.6,,0.17647058823529413,23.0,,,0.5139999999999958,-7.199999999999999,1,18,3
23,ALB,20.0,R,0.0,Hydraulics,0.0,2022,18,,91.311,,,Williams,Japanese Grand Prix,20.0,20.0,91.311,2.007000000000005,14.0,14.4,15.7,,0.25,4.0,117.41316666666668,11.793666666666681,-0.19999999999998863,-3.4000000000000004,1,18,1
55,SAI,19.0,R,0.0,Accident,0.0,2022,18,,90.336,90.444,89.361,Ferrari,Japanese Grand Prix,20.0,20.0,89.361,0.05700000000000216,5.0,4.4,4.1,,0.23529411764705882,191.0,105.6195,0.0,0.047000000000011255,0.6000000000000005,1,18,1
1,VER,1.0,1,25.0,Finished,56.0,2022,19,,95.864,95.294,94.448,Red Bull Racing,United States Grand Prix,1.0,20.0,94.448,0.09199999999999875,3.0,2.2,2.7,1.0,0.1111111111111111,350.0,102.2558,0.3667999999999978,-0.19700000000000273,-1.0,1,19,20
44,HAM,2.0,2,18.0,Finished,56.0,2022,19,,96.148,95.732,94.947,Mercedes,United States Grand Prix,2.0,20.0,94.947,0.5910000000000082,6.333333333333333,8.6,7.4,2.0,0.05555555555555555,179.0,102.9332,1.0442000000000036,-0.04099999999999682,2.3999999999999995,1,19,19
16,LEC,3.0,3,15.0,Finished,56.0,2022,19,,95.795,95.246,94.421,Ferrari,United States Grand Prix,3.0,20.0,94.421,0.06500000000001194,2.3333333333333335,3.2,5.4,4.0,0.16666666666666666,238.0,101.889,0.0,0.06500000000001194,-4.3999999999999995,1,19,18
11,PER,4.0,4,12.0,Finished,56.0,2022,19,,96.163,95.864,94.645,Red Bull Racing,United States Grand Prix,4.0,20.0,94.645,0.2890000000000015,3.0,3.2,2.7,3.0,0.16666666666666666,243.0,102.616,0.7270000000000039,0.19700000000000273,1.0,1,19,17
63,RUS,5.0,5,11.0,Finished,56.0,2022,19,,96.195,95.692,94.988,Mercedes,United States Grand Prix,5.0,20.0,94.988,0.632000000000005,8.333333333333334,6.2,7.4,14.0,0.05555555555555555,202.0,102.5048,0.6158000000000072,0.04099999999999682,-2.3999999999999995,1,19,16
4,NOR,6.0,6,8.0,Finished,56.0,2022,19,,96.465,96.341,95.69,McLaren,United States Grand Prix,6.0,20.0,95.69,1.3340000000000032,7.0,8.0,10.8,8.0,0.05555555555555555,97.0,103.33,1.4410000000000025,-1.3560000000000088,-5.6,1,19,15
14,ALO,7.0,7,6.0,Finished,56.0,2022,19,,96.446,95.988,95.876,Alpine,United States Grand Prix,7.0,20.0,95.876,1.5200000000000102,15.666666666666666,11.6,10.9,20.0,0.2222222222222222,65.0,104.2358,2.3468000000000018,-1.191999999999993,1.4000000000000004,1,19,14
5,VET,8.0,8,4.0,Finished,56.0,2022,19,,96.695,96.398,,Aston Martin,United States Grand Prix,8.0,20.0,96.398,2.0420000000000016,11.333333333333334,11.2,11.5,10.0,0.1875,32.0,103.7696,1.8806000000000012,0.7999999999999972,-0.6000000000000014,1,19,13
20,MAG,9.0,9,2.0,Finished,56.0,2022,19,,96.949,,,Haas F1 Team,United States Grand Prix,9.0,20.0,96.949,2.5930000000000035,14.0,14.6,14.5,,0.2222222222222222,19.0,104.0538,2.1647999999999996,-0.16200000000000614,0.1999999999999993,1,19,12
22,TSU,10.0,10,1.0,Finished,56.0,2022,19,,96.808,97.147,,AlphaTauri,United States Grand Prix,10.0,20.0,96.808,2.4520000000000124,15.666666666666666,16.0,13.6,9.0,0.2777777777777778,11.0,104.259,2.3700000000000045,0.23100000000000875,4.800000000000001,1,19,11
31,OCO,11.0,11,0.0,Finished,56.0,2022,19,,97.068,,,Alpine,United States Grand Prix,11.0,20.0,97.068,2.7120000000000033,11.666666666666666,10.2,10.9,20.0,0.1111111111111111,75.0,104.12460000000002,2.2356000000000193,1.191999999999993,-1.4000000000000004,1,19,10
24,ZHO,12.0,12,0.0,Finished,56.0,2022,19,,96.656,96.97,,Alfa Romeo,United States Grand Prix,12.0,20.0,96.656,2.3000000000000114,15.333333333333334,15.2,15.5,,0.2777777777777778,6.0,103.59260000000002,1.7036000000000229,0.3370000000000033,-0.6000000000000014,1,19,9
23,ALB,13.0,13,0.0,Finished,56.0,2022,19,,96.932,96.368,,Williams,United States Grand Prix,13.0,20.0,96.368,2.0120000000000005,17.333333333333332,15.8,15.1,,0.29411764705882354,4.0,104.363,2.4740000000000038,-0.8760000000000048,-0.1999999999999993,1,19,8
10,GAS,14.0,14,0.0,Finished,56.0,2022,19,,96.577,96.74,,AlphaTauri,United States Grand Prix,14.0,20.0,96.577,2.2210000000000036,12.0,11.2,13.6,20.0,0.16666666666666666,23.0,103.4278,1.538800000000009,-0.23100000000000875,-4.800000000000001,1,19,7
47,MSC,15.0,15,0.0,Finished,56.0,2022,19,,97.111,,,Haas F1 Team,United States Grand Prix,15.0,20.0,97.111,2.7550000000000097,14.0,14.4,14.5,16.0,0.16666666666666666,12.0,104.0578,2.1688000000000045,0.16200000000000614,-0.1999999999999993,1,19,6
3,RIC,16.0,16,0.0,Finished,56.0,2022,19,,97.046,,,McLaren,United States Grand Prix,16.0,20.0,97.046,2.690000000000012,12.0,13.6,10.8,5.0,0.1111111111111111,26.0,102.619,0.730000000000004,1.3560000000000088,5.6,1,19,5
6,LAT,17.0,17,0.0,Finished,56.0,2022,19,,97.244,,,Williams,United States Grand Prix,17.0,20.0,97.244,2.8880000000000052,14.666666666666666,16.0,15.1,15.0,0.2222222222222222,2.0,105.1526,3.263600000000011,0.8760000000000048,0.1999999999999993,1,19,4
77,BOT,19.0,R,0.0,Spun off,16.0,2022,19,,96.746,96.321,96.319,Alfa Romeo,United States Grand Prix,20.0,20.0,96.319,1.963000000000008,13.0,15.8,15.5,6.0,0.2777777777777778,44.0,103.1086,1.2195999999999998,-0.3370000000000033,0.6000000000000014,1,19,1
55,SAI,20.0,R,0.0,Collision damage,1.0,2022,19,,95.297,95.59,94.356,Ferrari,United States Grand Prix,20.0,20.0,94.356,0.0,9.0,7.6,5.4,7.0,0.2777777777777778,191.0,102.2606,0.3716000000000008,-0.06500000000001194,4.3999999999999995,1,19,1
18,STR,18.0,R,0.0,Collision,21.0,2022,19,,96.86,96.032,95.598,Aston Martin,United States Grand Prix,20.0,20.0,95.598,1.2420000000000044,12.666666666666666,11.8,11.5,12.0,0.1111111111111111,13.0,103.2132,1.3242000000000047,-0.7999999999999972,0.6000000000000014,1,19,1
1,VER,1.0,1,25.0,Finished,71.0,2022,20,,79.222,78.566,77.775,Red Bull Racing,Mexico City Grand Prix,1.0,20.0,77.775,0.0,3.0,2.2,2.9,1.0,0.10526315789473684,375.0,84.00233333333333,1.2857333333333258,-0.35299999999999443,-1.4,1,20,20
44,HAM,2.0,2,18.0,Finished,71.0,2022,20,,79.169,78.552,78.084,Mercedes,Mexico City Grand Prix,2.0,20.0,78.084,0.3089999999999975,5.333333333333333,5.0,5.7,2.0,0.05263157894736842,197.0,83.5282,0.8115999999999985,0.005000000000009663,-1.4000000000000004,1,20,19
11,PER,3.0,3,15.0,Finished,71.0,2022,20,,79.706,78.615,78.128,Red Bull Racing,Mexico City Grand Prix,3.0,20.0,78.128,0.35299999999999443,2.3333333333333335,3.6,2.9,3.0,0.15789473684210525,255.0,84.30566666666668,1.5890666666666817,0.35299999999999443,1.4,1,20,18
63,RUS,4.0,4,13.0,Finished,71.0,2022,20,,79.583,78.565,78.079,Mercedes,Mexico City Grand Prix,4.0,20.0,78.079,0.30399999999998784,9.0,6.4,5.7,16.0,0.05263157894736842,213.0,82.7166,0.0,-0.005000000000009663,1.4000000000000004,1,20,17
55,SAI,5.0,5,10.0,Finished,71.0,2022,20,,79.566,78.56,78.351,Ferrari,Mexico City Grand Prix,5.0,20.0,78.351,0.5759999999999934,14.333333333333334,11.0,6.8,6.0,0.3157894736842105,191.0,84.45175,1.7351500000000044,-0.20400000000000773,8.4,1,20,16
16,LEC,6.0,6,8.0,Finished,71.0,2022,20,,79.505,79.109,78.555,Ferrari,Mexico City Grand Prix,6.0,20.0,78.555,0.7800000000000011,2.6666666666666665,2.6,6.8,5.0,0.15789473684210525,253.0,,,0.20400000000000773,-8.4,1,20,15
3,RIC,7.0,7,6.0,+1 Lap,70.0,2022,20,,80.279,79.325,,McLaren,Mexico City Grand Prix,7.0,20.0,79.325,1.5499999999999972,10.666666666666666,13.8,10.3,12.0,0.10526315789473684,26.0,84.28266666666667,1.5660666666666714,0.6039999999999992,7.000000000000001,1,20,14
31,OCO,8.0,8,4.0,+1 Lap,70.0,2022,20,,79.945,79.081,79.01,Alpine,Mexico City Grand Prix,8.0,20.0,79.01,1.2349999999999994,11.666666666666666,11.0,11.5,13.0,0.10526315789473684,75.0,98.11483333333332,15.398233333333323,0.07100000000001216,-1.0,1,20,13
4,NOR,9.0,9,2.0,+1 Lap,70.0,2022,20,,79.857,79.119,78.721,McLaren,Mexico City Grand Prix,9.0,20.0,78.721,0.945999999999998,6.666666666666667,6.8,10.3,10.0,0.05263157894736842,105.0,84.70883333333335,1.9922333333333455,-0.6039999999999992,-7.000000000000001,1,20,12
77,BOT,10.0,10,1.0,+1 Lap,70.0,2022,20,,79.523,78.762,78.401,Alfa Romeo,Mexico City Grand Prix,10.0,20.0,78.401,0.6259999999999906,15.333333333333334,15.8,15.3,15.0,0.3157894736842105,44.0,84.409,1.6924000000000063,-1.0750000000000028,1.0,1,20,11
10,GAS,11.0,11,0.0,+1 Lap,70.0,2022,20,,80.256,79.672,,AlphaTauri,Mexico City Grand Prix,11.0,20.0,79.672,1.8969999999999914,14.0,12.2,13.8,4.0,0.15789473684210525,23.0,84.3881111111111,1.6715111111111014,0.08299999999999841,-3.200000000000001,1,20,10
23,ALB,12.0,12,0.0,+1 Lap,70.0,2022,20,,80.859,,,Williams,Mexico City Grand Prix,12.0,20.0,80.859,3.083999999999989,17.666666666666668,15.0,15.3,,0.2777777777777778,4.0,85.28,2.5634000000000015,-0.30800000000000693,-0.8000000000000007,1,20,9
24,ZHO,13.0,13,0.0,+1 Lap,70.0,2022,20,,80.283,79.476,,Alfa Romeo,Mexico City Grand Prix,13.0,20.0,79.476,1.7009999999999934,16.0,14.8,15.3,,0.2631578947368421,6.0,85.737125,3.0205250000000063,1.0750000000000028,-1.0,1,20,8
5,VET,14.0,14,0.0,+1 Lap,70.0,2022,20,,80.419,,,Aston Martin,Mexico City Grand Prix,14.0,20.0,80.419,2.6439999999999912,7.333333333333333,11.2,12.4,7.0,0.17647058823529413,36.0,84.61583333333333,1.8992333333333278,-0.10099999999999909,-2.4000000000000004,1,20,7
18,STR,15.0,15,0.0,+1 Lap,70.0,2022,20,,80.52,,,Aston Martin,Mexico City Grand Prix,15.0,20.0,80.52,2.7449999999999903,12.666666666666666,13.6,12.4,14.0,0.15789473684210525,13.0,84.87100000000001,2.1544000000000096,0.10099999999999909,2.4000000000000004,1,20,6
47,MSC,16.0,16,0.0,+1 Lap,70.0,2022,20,,80.419,,,Haas F1 Team,Mexico City Grand Prix,16.0,20.0,80.419,2.6439999999999912,15.0,14.0,13.6,20.0,0.15789473684210525,12.0,85.53999999999999,2.8233999999999924,0.5859999999999985,0.8000000000000007,1,20,5
20,MAG,17.0,17,0.0,+1 Lap,70.0,2022,20,,80.293,79.833,,Haas F1 Team,Mexico City Grand Prix,17.0,20.0,79.833,2.0579999999999927,11.666666666666666,13.2,13.6,,0.21052631578947367,21.0,85.46855555555555,2.751955555555554,-0.5859999999999985,-0.8000000000000007,1,20,4
6,LAT,18.0,18,0.0,+2 Laps,69.0,2022,20,,81.167,,,Williams,Mexico City Grand Prix,18.0,20.0,81.167,3.391999999999996,15.333333333333334,15.8,15.3,17.0,0.21052631578947367,2.0,85.29633333333334,2.579733333333337,0.30800000000000693,0.8000000000000007,1,20,3
14,ALO,19.0,19,0.0,Engine,63.0,2022,20,,80.006,79.272,78.939,Alpine,Mexico City Grand Prix,19.0,20.0,78.939,1.1639999999999873,11.333333333333334,12.0,11.5,9.0,0.21052631578947367,71.0,84.77300000000001,2.0564000000000107,-0.07100000000001216,1.0,1,20,2
22,TSU,20.0,R,0.0,Collision damage,50.0,2022,20,,79.907,79.589,,AlphaTauri,Mexico City Grand Prix,20.0,20.0,79.589,1.813999999999993,14.333333333333334,15.4,13.8,20.0,0.2631578947368421,12.0,91.309,8.592399999999998,-0.08299999999999841,3.200000000000001,1,20,1
63,RUS,1.0,1,26.0,Finished,71.0,2022,21,,74.427,71.318,72.059,Mercedes,São Paulo Grand Prix,1.0,20.0,71.318,0.4369999999999976,5.666666666666667,6.8,5.7,13.0,0.05,226.0,76.14600000000002,0.0,-0.22100000000000364,2.2,1,21,20
44,HAM,2.0,2,18.0,Finished,71.0,2022,21,,73.403,71.539,72.611,Mercedes,São Paulo Grand Prix,2.0,20.0,71.539,0.6580000000000013,3.0,4.6,5.7,1.0,0.05,215.0,76.37711764705882,0.23111764705880944,0.22100000000000364,-2.2,1,21,19
55,SAI,3.0,3,15.0,Finished,71.0,2022,21,,74.68,70.89,72.357,Ferrari,São Paulo Grand Prix,3.0,20.0,70.89,0.009000000000000341,15.0,10.4,6.8,6.0,0.3,201.0,76.33928571428571,0.1932857142856932,-0.060000000000002274,7.2,1,21,18
16,LEC,4.0,4,12.0,Finished,71.0,2022,21,,74.486,70.95,,Ferrari,São Paulo Grand Prix,4.0,20.0,70.95,0.06900000000000261,4.0,3.2,6.8,5.0,0.15,261.0,76.91205263157894,0.7660526315789298,0.060000000000002274,-7.2,1,21,17
14,ALO,5.0,5,10.0,Finished,71.0,2022,21,,73.542,71.394,72.504,Alpine,São Paulo Grand Prix,5.0,20.0,71.394,0.5130000000000052,11.0,14.6,12.7,9.0,0.25,71.0,76.21775,0.07174999999998022,-0.19299999999999784,3.799999999999999,1,21,16
1,VER,6.0,6,8.0,Finished,71.0,2022,21,,73.625,70.881,71.877,Red Bull Racing,São Paulo Grand Prix,6.0,20.0,70.881,0.0,1.0,2.2,2.7,2.0,0.1,400.0,76.7715,0.6254999999999882,-0.5750000000000028,-1.0,1,21,15
11,PER,7.0,7,6.0,Finished,71.0,2022,21,,73.613,71.456,75.601,Red Bull Racing,São Paulo Grand Prix,7.0,20.0,71.456,0.5750000000000028,3.0,3.2,2.7,4.0,0.15,270.0,76.73572222222222,0.5897222222222069,0.5750000000000028,1.0,1,21,14
31,OCO,8.0,8,4.0,Finished,71.0,2022,21,,74.663,71.587,72.425,Alpine,São Paulo Grand Prix,8.0,20.0,71.587,0.7060000000000031,7.666666666666667,10.8,12.7,8.0,0.1,79.0,76.37423076923076,0.22823076923074836,0.19299999999999784,-3.799999999999999,1,21,13
77,BOT,9.0,9,2.0,Finished,71.0,2022,21,,75.486,,,Alfa Romeo,São Paulo Grand Prix,9.0,20.0,75.486,4.605000000000004,15.0,13.8,14.0,3.0,0.3,45.0,77.12966666666667,0.9836666666666503,0.2890000000000015,-0.3999999999999986,1,21,12
18,STR,10.0,10,1.0,Finished,71.0,2022,21,,74.398,72.21,,Aston Martin,São Paulo Grand Prix,10.0,20.0,72.21,1.3289999999999935,15.666666666666666,14.6,12.9,20.0,0.15,13.0,78.25678571428571,2.110785714285697,0.5319999999999965,3.4000000000000004,1,21,11
5,VET,11.0,11,0.0,Finished,71.0,2022,21,,73.597,71.678,,Aston Martin,São Paulo Grand Prix,11.0,20.0,71.678,0.796999999999997,9.333333333333334,11.2,12.9,11.0,0.16666666666666666,36.0,77.88714285714286,1.7411428571428473,-0.5319999999999965,-3.4000000000000004,1,21,10
24,ZHO,12.0,12,0.0,Finished,71.0,2022,21,,75.197,,,Alfa Romeo,São Paulo Grand Prix,12.0,20.0,75.197,4.3160000000000025,13.666666666666666,14.2,14.0,,0.25,6.0,77.24289473684208,1.09689473684206,-0.2890000000000015,0.3999999999999986,1,21,9
47,MSC,13.0,13,0.0,Finished,71.0,2022,21,,76.361,,,Haas F1 Team,São Paulo Grand Prix,13.0,20.0,76.361,5.480000000000004,16.0,14.6,14.1,18.0,0.15,12.0,79.00123529411765,2.8552352941176338,4.951000000000008,1.0,1,21,8
10,GAS,14.0,14,0.0,Finished,71.0,2022,21,,74.371,71.675,,AlphaTauri,São Paulo Grand Prix,14.0,20.0,71.675,0.7939999999999969,14.333333333333334,12.2,13.8,7.0,0.15,23.0,76.90616666666666,0.7601666666666489,-4.588999999999999,-3.200000000000001,1,21,7
23,ALB,15.0,15,0.0,Finished,71.0,2022,21,,74.324,71.631,,Williams,São Paulo Grand Prix,15.0,20.0,71.631,0.75,15.0,15.4,15.3,,0.2631578947368421,4.0,,,-3.4639999999999986,-0.40000000000000036,1,21,6
6,LAT,16.0,16,0.0,Finished,71.0,2022,21,,75.095,,,Williams,São Paulo Grand Prix,16.0,20.0,75.095,4.213999999999999,14.666666666666666,15.8,15.3,16.0,0.2,2.0,78.4068,2.260799999999989,3.4639999999999986,0.40000000000000036,1,21,5
22,TSU,17.0,17,0.0,+1 Lap,70.0,2022,21,,76.264,,,AlphaTauri,São Paulo Grand Prix,17.0,20.0,76.264,5.382999999999996,14.333333333333334,15.4,13.8,15.0,0.3,12.0,77.38275,1.2367499999999865,4.588999999999999,3.200000000000001,1,21,4
20,MAG,19.0,R,0.0,Collision,0.0,2022,21,,73.954,71.41,71.674,Haas F1 Team,São Paulo Grand Prix,20.0,20.0,71.41,0.5289999999999964,13.333333333333334,13.6,14.1,,0.2,21.0,77.16142857142859,1.015428571428572,-4.951000000000008,-1.0,1,21,1
4,NOR,18.0,R,0.0,Gearbox,50.0,2022,21,,73.106,71.377,72.263,McLaren,São Paulo Grand Prix,20.0,20.0,71.377,0.4959999999999951,8.333333333333334,7.2,9.5,10.0,0.05,107.0,77.34333333333332,1.1973333333333045,-0.7630000000000052,-4.6000000000000005,1,21,1
3,RIC,20.0,R,0.0,Collision,0.0,2022,21,,74.931,72.14,,McLaren,São Paulo Grand Prix,20.0,20.0,72.14,1.2590000000000003,11.333333333333334,11.8,9.5,20.0,0.1,32.0,77.28866666666666,1.142666666666642,0.7630000000000052,4.6000000000000005,1,21,1
1,VER,1.0,1,25.0,Finished,58.0,2022,22,,84.754,84.622,83.824,Red Bull Racing,Abu Dhabi Grand Prix,1.0,20.0,83.824,0.0,2.6666666666666665,3.2,3.3,1.0,0.09523809523809523,408.0,91.72616666666666,0.8209166666666619,-0.22800000000000864,-0.19999999999999973,1,22,20
16,LEC,2.0,2,18.0,Finished,58.0,2022,22,,85.211,84.517,84.092,Ferrari,Abu Dhabi Grand Prix,2.0,20.0,84.092,0.2680000000000007,4.333333333333333,3.6,6.9,10.0,0.14285714285714285,273.0,95.92508333333332,5.019833333333324,-0.15000000000000568,-6.6,1,22,19
11,PER,3.0,3,15.0,Finished,58.0,2022,22,,84.82,84.419,84.052,Red Bull Racing,Abu Dhabi Grand Prix,3.0,20.0,84.052,0.22800000000000864,4.666666666666667,3.4,3.3,15.0,0.14285714285714285,276.0,97.9935,7.088250000000002,0.22800000000000864,0.19999999999999973,1,22,18
55,SAI,4.0,4,12.0,Finished,58.0,2022,22,,85.09,84.521,84.242,Ferrari,Abu Dhabi Grand Prix,4.0,20.0,84.242,0.41800000000000637,9.333333333333334,10.2,6.9,3.0,0.2857142857142857,216.0,94.751625,3.846375000000009,0.15000000000000568,6.6,1,22,17
63,RUS,5.0,5,10.0,Finished,58.0,2022,22,,85.545,84.94,84.511,Mercedes,Abu Dhabi Grand Prix,5.0,20.0,84.511,0.6869999999999976,3.3333333333333335,6.4,5.2,20.0,0.047619047619047616,252.0,90.90525,0.0,0.0030000000000001137,2.4000000000000004,1,22,16
4,NOR,6.0,6,9.0,Finished,58.0,2022,22,,85.387,84.903,84.769,McLaren,Abu Dhabi Grand Prix,6.0,20.0,84.769,0.9450000000000074,11.666666666666666,9.8,10.8,7.0,0.09523809523809523,107.0,91.39833333333333,0.4930833333333311,-0.27599999999999625,-2.0,1,22,15
31,OCO,7.0,7,6.0,Finished,58.0,2022,22,,85.735,85.007,84.83,Alpine,Abu Dhabi Grand Prix,7.0,20.0,84.83,1.0060000000000002,9.0,10.2,10.9,9.0,0.09523809523809523,83.0,95.0025,4.0972500000000025,-0.26600000000000534,-1.4000000000000004,1,22,14
18,STR,8.0,8,4.0,Finished,58.0,2022,22,,85.741,85.359,,Aston Martin,Abu Dhabi Grand Prix,8.0,20.0,85.359,1.5349999999999966,15.0,12.6,11.0,13.0,0.14285714285714285,14.0,92.72742857142858,1.82217857142858,0.39799999999999613,3.1999999999999993,1,22,13
3,RIC,9.0,9,2.0,Finished,58.0,2022,22,,85.766,85.068,85.045,McLaren,Abu Dhabi Grand Prix,9.0,20.0,85.045,1.2210000000000036,14.333333333333334,11.8,10.8,12.0,0.14285714285714285,32.0,,,0.27599999999999625,2.0,1,22,12
5,VET,10.0,10,1.0,Finished,58.0,2022,22,,85.523,84.974,84.961,Aston Martin,Abu Dhabi Grand Prix,10.0,20.0,84.961,1.1370000000000005,11.0,9.4,11.0,11.0,0.15789473684210525,36.0,92.546,1.6407500000000113,-0.39799999999999613,-3.1999999999999993,1,22,11
22,TSU,11.0,11,0.0,Finished,58.0,2022,22,,85.63,85.219,,AlphaTauri,Abu Dhabi Grand Prix,11.0,20.0,85.219,1.394999999999996,15.666666666666666,16.0,14.7,4.0,0.2857142857142857,12.0,93.7185,2.8132500000000107,-0.6400000000000006,2.5999999999999996,1,22,10
24,ZHO,12.0,12,0.0,+1 Lap,57.0,2022,22,,85.594,85.408,,Alfa Romeo,Abu Dhabi Grand Prix,12.0,20.0,85.408,1.5840000000000032,12.333333333333334,14.6,13.8,,0.23809523809523808,6.0,97.20483333333334,6.299583333333345,-0.48399999999999466,1.5999999999999996,1,22,9
23,ALB,13.0,13,0.0,+1 Lap,57.0,2022,22,,86.028,,,Williams,Abu Dhabi Grand Prix,13.0,20.0,86.028,2.2040000000000077,13.333333333333334,16.0,16.0,,0.25,4.0,94.97076923076924,4.06551923076924,-0.02599999999999625,0.0,1,22,8
10,GAS,14.0,14,0.0,+1 Lap,57.0,2022,22,,85.859,,,AlphaTauri,Abu Dhabi Grand Prix,14.0,20.0,85.859,2.0349999999999966,13.0,13.4,14.7,5.0,0.14285714285714285,23.0,92.06000000000002,1.1547500000000213,0.6400000000000006,-2.5999999999999996,1,22,7
77,BOT,15.0,15,0.0,+1 Lap,57.0,2022,22,,85.892,,,Alfa Romeo,Abu Dhabi Grand Prix,15.0,20.0,85.892,2.067999999999998,13.0,13.0,13.8,6.0,0.2857142857142857,47.0,95.56,4.654750000000007,0.48399999999999466,-1.5999999999999996,1,22,6
47,MSC,16.0,16,0.0,+1 Lap,57.0,2022,22,,85.711,85.225,,Haas F1 Team,Abu Dhabi Grand Prix,16.0,20.0,85.225,1.4009999999999962,14.666666666666666,14.8,14.6,14.0,0.14285714285714285,12.0,95.69155555555557,4.786305555555572,-0.6090000000000089,0.40000000000000036,1,22,5
20,MAG,17.0,17,0.0,+1 Lap,57.0,2022,22,,85.834,,,Haas F1 Team,Abu Dhabi Grand Prix,17.0,20.0,85.834,2.010000000000005,15.333333333333334,14.4,14.6,,0.23809523809523808,21.0,93.21425,2.3090000000000117,0.6090000000000089,-0.40000000000000036,1,22,4
44,HAM,18.0,18,0.0,Hydraulics,55.0,2022,22,,85.594,84.774,84.508,Mercedes,Abu Dhabi Grand Prix,18.0,20.0,84.508,0.6839999999999975,2.0,4.0,5.2,2.0,0.047619047619047616,233.0,100.4828,9.577550000000002,-0.0030000000000001137,-2.4000000000000004,1,22,3
6,LAT,19.0,19,0.0,Collision damage,55.0,2022,22,,86.054,,,Williams,Abu Dhabi Grand Prix,19.0,20.0,86.054,2.230000000000004,17.0,16.0,16.0,20.0,0.19047619047619047,2.0,92.93,2.0247500000000116,0.02599999999999625,0.0,1,22,2
14,ALO,20.0,R,0.0,Water leak,27.0,2022,22,,85.782,85.096,,Alpine,Abu Dhabi Grand Prix,20.0,20.0,85.096,1.2720000000000056,10.333333333333334,11.6,10.9,8.0,0.23809523809523808,81.0,91.7422,0.8369500000000016,0.26600000000000534,1.4000000000000004,1,22,1
1,VER,1.0,1,25.0,Finished,57.0,2023,1,,91.295,90.503,89.708,Red Bull Racing,Bahrain Grand Prix,1.0,20.0,89.708,0.0,2.6666666666666665,2.0,2.9,10.5,0.09090909090909091,433.0,98.4885,0.7397857142857163,-0.13800000000000523,-1.7999999999999998,1,1,20
11,PER,2.0,2,18.0,Finished,57.0,2023,1,,91.479,90.746,89.846,Red Bull Racing,Bahrain Grand Prix,2.0,20.0,89.846,0.13800000000000523,4.333333333333333,3.8,2.9,11.5,0.13636363636363635,291.0,98.14676923076922,0.39805494505493755,0.13800000000000523,1.7999999999999998,1,1,19
14,ALO,3.0,3,15.0,Finished,57.0,2023,1,,91.158,90.645,90.336,Aston Martin,Bahrain Grand Prix,3.0,20.0,90.336,0.6280000000000001,14.666666666666666,11.6,11.4,14.5,0.2727272727272727,81.0,100.272,2.52328571428572,-0.5,-1.4000000000000004,1,1,18
55,SAI,4.0,4,12.0,Finished,57.0,2023,1,,90.993,90.515,90.154,Ferrari,Bahrain Grand Prix,4.0,20.0,90.154,0.44599999999999795,4.0,10.4,7.0,5.0,0.2727272727272727,228.0,98.5696,0.8208857142857084,0.15399999999999636,6.800000000000001,1,1,17
44,HAM,5.0,5,10.0,Finished,57.0,2023,1,,91.543,90.513,90.384,Mercedes,Bahrain Grand Prix,5.0,20.0,90.384,0.6760000000000019,7.333333333333333,5.8,5.2,2.0,0.09090909090909091,233.0,98.6286,0.8798857142857202,0.04399999999999693,1.2000000000000002,1,1,16
18,STR,6.0,6,8.0,Finished,57.0,2023,1,,91.184,91.127,90.836,Aston Martin,Bahrain Grand Prix,6.0,20.0,90.836,1.1280000000000001,11.0,13.0,11.4,11.0,0.13636363636363635,18.0,98.3768,0.6280857142857172,0.5,1.4000000000000004,1,1,15
63,RUS,7.0,7,6.0,Finished,57.0,2023,1,,91.057,90.507,90.34,Mercedes,Bahrain Grand Prix,7.0,20.0,90.34,0.632000000000005,3.3333333333333335,4.6,5.2,9.0,0.045454545454545456,262.0,98.425125,0.6764107142857085,-0.04399999999999693,-1.2000000000000002,1,1,14
77,BOT,8.0,8,4.0,Finished,57.0,2023,1,,91.504,91.443,,Alfa Romeo,Bahrain Grand Prix,8.0,20.0,91.443,1.7349999999999994,11.333333333333334,13.8,13.4,4.5,0.2727272727272727,47.0,102.088,4.339285714285708,-0.030000000000001137,0.8000000000000007,1,1,13
10,GAS,9.0,9,2.0,Finished,57.0,2023,1,,92.181,,,Alpine,Bahrain Grand Prix,9.0,20.0,92.181,2.472999999999999,13.0,14.2,9.6,18.5,0.13636363636363635,23.0,100.3901,2.6413857142857182,1.266999999999996,6.6,1,1,12
23,ALB,10.0,10,1.0,Finished,57.0,2023,1,,91.461,,,Williams,Bahrain Grand Prix,10.0,20.0,91.461,1.7530000000000001,13.333333333333334,14.6,15.2,13.0,0.23809523809523808,4.0,101.06907692307692,3.320362637362635,-0.1910000000000025,,1,1,11
22,TSU,11.0,11,0.0,Finished,57.0,2023,1,,91.4,92.51,,AlphaTauri,Bahrain Grand Prix,11.0,20.0,91.4,1.6920000000000073,16.0,14.2,14.2,8.5,0.2727272727272727,12.0,101.4686,3.7198857142857094,-0.7209999999999894,5.199999999999999,1,1,10
2,SAR,12.0,12,0.0,Lapped,56.0,2023,1,,91.652,,,Williams,Bahrain Grand Prix,12.0,20.0,91.652,1.9440000000000026,,,15.2,,0.0,0.0,102.17475,4.426035714285717,0.1910000000000025,,1,1,9
20,MAG,13.0,13,0.0,Lapped,56.0,2023,1,,91.892,,,Haas F1 Team,Bahrain Grand Prix,13.0,20.0,91.892,2.1839999999999975,18.0,15.4,15.4,5.0,0.22727272727272727,21.0,104.06875,6.320035714285709,1.0829999999999984,0.9000000000000004,1,1,8
21,DEV,14.0,14,0.0,Lapped,56.0,2023,1,,92.121,,,AlphaTauri,Bahrain Grand Prix,14.0,20.0,92.121,2.4129999999999967,9.0,9.0,14.2,,0.0,2.0,99.461375,1.7126607142857182,0.7209999999999894,-5.199999999999999,1,1,7
27,HUL,15.0,15,0.0,Lapped,56.0,2023,1,,91.204,90.809,,Haas F1 Team,Bahrain Grand Prix,15.0,20.0,90.809,1.100999999999999,14.5,14.5,15.4,17.0,0.0,0.0,98.784,1.0352857142857204,-1.0829999999999984,-0.9000000000000004,1,1,6
24,ZHO,16.0,16,0.0,Lapped,56.0,2023,1,,91.615,91.473,,Alfa Romeo,Bahrain Grand Prix,16.0,20.0,91.473,1.7650000000000006,12.333333333333334,13.0,13.4,10.0,0.22727272727272727,6.0,103.36366666666666,5.614952380952374,0.030000000000001137,-0.8000000000000007,1,1,5
4,NOR,17.0,17,0.0,Lapped,55.0,2023,1,,91.652,91.381,,McLaren,Bahrain Grand Prix,17.0,20.0,91.381,1.6730000000000018,11.666666666666666,10.2,11.4,9.5,0.09090909090909091,116.0,98.301,0.5522857142857163,-0.7199999999999989,,1,1,4
16,LEC,19.0,R,0.0,Retired,39.0,2023,1,,91.094,90.282,90.0,Ferrari,Bahrain Grand Prix,20.0,20.0,90.0,0.2920000000000016,4.0,3.6,7.0,3.5,0.13636363636363635,291.0,97.74871428571429,0.0,-0.15399999999999636,-6.800000000000001,1,1,1
31,OCO,18.0,R,0.0,Retired,41.0,2023,1,,91.508,90.914,90.984,Alpine,Bahrain Grand Prix,20.0,20.0,90.914,1.206000000000003,7.666666666666667,7.6,9.6,10.0,0.09090909090909091,89.0,101.0182,3.2694857142857074,-1.266999999999996,-6.6,1,1,1
81,PIA,20.0,R,0.0,Retired,13.0,2023,1,,92.101,,,McLaren,Bahrain Grand Prix,20.0,20.0,92.101,2.3930000000000007,,,11.4,,0.0,0.0,101.59707692307693,3.8483626373626407,0.7199999999999989,,1,1,1
11,PER,1.0,1,25.0,Finished,50.0,2023,2,,89.244,88.635,88.265,Red Bull Racing,Saudi Arabian Grand Prix,1.0,20.0,88.265,0.0,4.0,3.8,2.9,12.0,0.0,18.0,95.0786,0.0,-0.4959999999999951,1.7999999999999998,1,2,20
1,VER,2.0,2,19.0,Finished,50.0,2023,2,,88.761,109.953,,Red Bull Racing,Saudi Arabian Grand Prix,2.0,20.0,88.761,0.4959999999999951,2.6666666666666665,2.0,2.9,1.5,0.0,25.0,95.47545454545455,0.3968545454545591,0.4959999999999951,-1.7999999999999998,1,2,19
14,ALO,3.0,3,15.0,Finished,50.0,2023,2,,89.298,88.757,88.73,Aston Martin,Saudi Arabian Grand Prix,3.0,20.0,88.73,0.4650000000000034,9.333333333333334,10.8,10.5,16.5,0.0,15.0,95.7198181818182,0.6412181818182034,-0.2149999999999892,-1.0,1,2,18
63,RUS,4.0,4,12.0,Finished,50.0,2023,2,,89.592,89.132,88.857,Mercedes,Saudi Arabian Grand Prix,4.0,20.0,88.857,0.5919999999999987,4.333333333333333,4.4,5.1,12.5,0.0,6.0,95.79511111111113,0.7165111111111315,-0.36599999999999966,-1.3999999999999995,1,2,17
44,HAM,5.0,5,10.0,Finished,50.0,2023,2,,89.689,89.374,89.223,Mercedes,Saudi Arabian Grand Prix,5.0,20.0,89.223,0.9579999999999984,8.333333333333334,5.8,5.1,5.5,0.0,10.0,95.386,0.30740000000000123,0.36599999999999966,1.3999999999999995,1,2,16
55,SAI,6.0,6,8.0,Finished,50.0,2023,2,,89.411,88.957,88.931,Ferrari,Saudi Arabian Grand Prix,6.0,20.0,88.931,0.6659999999999968,3.6666666666666665,7.2,7.1,5.5,0.0,12.0,95.256,0.17740000000000578,0.5109999999999957,0.20000000000000018,1,2,15
16,LEC,7.0,7,6.0,Finished,50.0,2023,2,,89.376,88.903,88.42,Ferrari,Saudi Arabian Grand Prix,7.0,20.0,88.42,0.15500000000000114,8.666666666666666,7.0,7.1,4.5,1.0,0.0,95.6645,0.5859000000000094,-0.5109999999999957,-0.20000000000000018,1,2,14
31,OCO,8.0,8,4.0,Finished,50.0,2023,2,,89.707,89.255,89.078,Alpine,Saudi Arabian Grand Prix,8.0,20.0,89.078,0.8130000000000024,11.666666666666666,10.8,11.4,5.0,1.0,0.0,95.36288888888888,0.2842888888888808,-0.27899999999999636,-1.5999999999999996,1,2,13
10,GAS,9.0,9,2.0,Finished,50.0,2023,2,,89.89,89.411,89.357,Alpine,Saudi Arabian Grand Prix,9.0,20.0,89.357,1.0919999999999987,12.333333333333334,12.4,11.4,7.0,0.0,2.0,95.23171428571428,0.1531142857142811,0.27899999999999636,1.5999999999999996,1,2,12
20,MAG,10.0,10,1.0,Finished,50.0,2023,2,,89.744,89.634,,Haas F1 Team,Saudi Arabian Grand Prix,10.0,20.0,89.634,1.3689999999999998,16.666666666666668,15.2,15.1,9.0,1.0,0.0,97.54266666666666,2.4640666666666675,0.18300000000000693,0.5333333333333332,1,2,11
22,TSU,11.0,11,0.0,Finished,50.0,2023,2,,89.939,,,AlphaTauri,Saudi Arabian Grand Prix,11.0,20.0,89.939,1.6739999999999924,13.0,13.8,13.6,17.0,0.0,0.0,96.03688888888888,0.9582888888888874,-0.3050000000000068,2.3000000000000007,1,2,10
27,HUL,12.0,12,0.0,Finished,50.0,2023,2,,89.547,89.451,,Haas F1 Team,Saudi Arabian Grand Prix,12.0,20.0,89.451,1.1859999999999928,14.666666666666666,14.666666666666666,15.1,12.0,1.0,0.0,97.4095,2.3308999999999997,-0.18300000000000693,-0.5333333333333332,1,2,9
24,ZHO,13.0,13,0.0,Finished,50.0,2023,2,,89.654,89.461,,Alfa Romeo,Saudi Arabian Grand Prix,13.0,20.0,89.461,1.195999999999998,13.333333333333334,13.0,12.7,11.0,1.0,0.0,102.4995,7.420900000000003,-0.20700000000000784,0.5999999999999996,1,2,8
21,DEV,14.0,14,0.0,Finished,50.0,2023,2,,90.244,,,AlphaTauri,Saudi Arabian Grand Prix,14.0,20.0,90.244,1.9789999999999992,11.5,11.5,13.6,,1.0,0.0,96.58814285714286,1.5095428571428613,0.3050000000000068,-2.3000000000000007,1,2,7
81,PIA,15.0,15,0.0,Finished,50.0,2023,2,,89.706,89.378,89.243,McLaren,Saudi Arabian Grand Prix,15.0,20.0,89.243,0.9779999999999944,20.0,20.0,13.0,,1.0,0.0,95.5374,0.45880000000001075,-1.2040000000000077,8.4,1,2,6
2,SAR,16.0,16,0.0,Finished,50.0,2023,2,,128.51,,,Williams,Saudi Arabian Grand Prix,16.0,20.0,128.51,40.24499999999999,12.0,12.0,14.5,,1.0,0.0,96.33011111111112,1.2515111111111281,38.51599999999999,-0.5999999999999996,1,2,5
4,NOR,17.0,17,0.0,Finished,50.0,2023,2,,90.447,,,McLaren,Saudi Arabian Grand Prix,17.0,20.0,90.447,2.182000000000002,14.333333333333334,11.6,13.0,8.5,1.0,0.0,96.0546,0.9759999999999991,1.2040000000000077,-8.4,1,2,4
77,BOT,18.0,18,0.0,Lapped,49.0,2023,2,,89.929,89.668,,Alfa Romeo,Saudi Arabian Grand Prix,18.0,20.0,89.668,1.4030000000000058,10.666666666666666,12.4,12.7,11.5,0.0,4.0,96.71375,1.63515000000001,0.20700000000000784,-0.5999999999999996,1,2,3
23,ALB,19.0,R,0.0,Retired,27.0,2023,2,,89.994,,,Williams,Saudi Arabian Grand Prix,20.0,20.0,89.994,1.7289999999999992,12.666666666666666,12.6,14.5,14.0,0.0,1.0,95.860375,0.7817750000000103,-38.51599999999999,0.5999999999999996,1,2,1
18,STR,20.0,R,0.0,Retired,16.0,2023,2,,89.335,88.962,88.945,Aston Martin,Saudi Arabian Grand Prix,20.0,20.0,88.945,0.6799999999999926,8.0,11.8,10.5,12.0,0.0,8.0,95.779375,0.7007750000000073,0.2149999999999892,1.0,1,2,1
1,VER,1.0,1,25.0,Finished,58.0,2023,3,,77.384,77.056,76.732,Red Bull Racing,Australian Grand Prix,1.0,20.0,76.732,0.0,1.3333333333333333,2.2,2.7,20.0,0.0,44.0,98.8,15.543000000000006,,-1.0,1,3,20
44,HAM,2.0,2,18.0,Finished,58.0,2023,3,,77.689,77.551,77.104,Mercedes,Australian Grand Prix,2.0,20.0,77.104,0.3719999999999999,9.333333333333334,6.4,5.3,4.0,0.0,20.0,83.25699999999999,0.0,0.13599999999999568,2.2,1,3,19
14,ALO,3.0,3,15.0,Finished,58.0,2023,3,,77.832,77.283,77.139,Aston Martin,Australian Grand Prix,3.0,20.0,77.139,0.4069999999999965,8.666666666666666,10.0,10.0,17.0,0.0,30.0,,,-0.16900000000001114,-1.8000000000000007,1,3,18
18,STR,4.0,4,12.0,Finished,58.0,2023,3,,77.873,77.616,77.308,Aston Martin,Australian Grand Prix,4.0,20.0,77.308,0.5760000000000076,11.333333333333334,11.8,10.0,12.0,0.5,8.0,85.38199999999999,2.125,0.16900000000001114,1.8000000000000007,1,3,17
11,PER,5.0,5,11.0,Finished,58.0,2023,3,,,,,Red Bull Racing,Australian Grand Prix,5.0,20.0,,,2.0,3.2,2.7,2.0,0.0,43.0,98.37766666666666,15.120666666666665,,1.0,1,3,16
4,NOR,6.0,6,8.0,Finished,58.0,2023,3,,78.243,78.119,,McLaren,Australian Grand Prix,6.0,20.0,78.119,1.3870000000000005,13.333333333333334,13.8,14.0,5.0,0.5,0.0,94.22025,10.963250000000002,-0.39799999999999613,-3.6999999999999993,1,3,15
27,HUL,7.0,7,6.0,Finished,58.0,2023,3,,78.029,77.412,77.735,Haas F1 Team,Australian Grand Prix,7.0,20.0,77.412,0.6800000000000068,13.0,14.0,14.9,,0.5,0.0,85.94966666666666,2.6926666666666677,-0.7169999999999987,-1.4000000000000004,1,3,14
81,PIA,8.0,8,4.0,Finished,58.0,2023,3,,78.517,,,McLaren,Australian Grand Prix,8.0,20.0,78.517,1.7849999999999966,17.5,17.5,14.0,,0.5,0.0,95.27991666666668,12.022916666666688,0.39799999999999613,3.6999999999999993,1,3,13
24,ZHO,9.0,9,2.0,Finished,58.0,2023,3,,78.54,,,Alfa Romeo,Australian Grand Prix,9.0,20.0,78.54,1.808000000000007,13.666666666666666,13.2,12.6,11.0,0.5,0.0,92.898,9.641000000000005,-0.17399999999999238,1.1999999999999993,1,3,12
22,TSU,10.0,10,1.0,Finished,58.0,2023,3,,78.471,78.099,,AlphaTauri,Australian Grand Prix,10.0,20.0,78.099,1.3670000000000044,11.0,14.0,13.7,15.0,0.0,0.0,92.1576,8.900600000000011,-0.23599999999999,1.666666666666666,1,3,11
77,BOT,11.0,11,0.0,Finished,58.0,2023,3,,78.714,,,Alfa Romeo,Australian Grand Prix,11.0,20.0,78.714,1.9819999999999993,13.666666666666666,12.0,12.6,8.0,0.5,4.0,93.9085,10.651500000000013,0.17399999999999238,-1.1999999999999993,1,3,10
55,SAI,12.0,12,0.0,Finished,58.0,2023,3,,77.928,77.349,77.27,Ferrari,Australian Grand Prix,12.0,20.0,77.27,0.5379999999999967,4.666666666666667,4.4,6.1,20.0,0.0,20.0,99.869,16.61200000000001,-0.09900000000000375,-3.3999999999999995,1,3,9
10,GAS,13.0,13,0.0,Retired,56.0,2023,3,,78.312,77.574,77.675,Alpine,Australian Grand Prix,13.0,20.0,77.574,0.8419999999999987,10.666666666666666,11.4,11.3,9.0,0.0,4.0,84.69325,1.4362500000000153,-0.19400000000000261,1.200000000000001,1,3,8
31,OCO,14.0,14,0.0,Retired,56.0,2023,3,,77.77,77.768,,Alpine,Australian Grand Prix,14.0,20.0,77.768,1.0360000000000014,11.666666666666666,10.2,11.3,7.0,0.5,4.0,91.302,8.045000000000016,0.19400000000000261,-1.200000000000001,1,3,7
21,DEV,15.0,15,0.0,Retired,56.0,2023,3,,78.45,78.335,,AlphaTauri,Australian Grand Prix,15.0,20.0,78.335,1.6029999999999944,12.333333333333334,12.333333333333334,13.7,,0.5,0.0,93.2984,10.04140000000001,0.23599999999999,-1.666666666666666,1,3,6
2,SAR,16.0,16,0.0,Retired,56.0,2023,3,,78.557,,,Williams,Australian Grand Prix,16.0,20.0,78.557,1.8250000000000028,14.0,14.0,15.1,,0.5,0.0,,,0.9480000000000075,0.0,1,3,5
20,MAG,17.0,17,0.0,Retired,52.0,2023,3,,78.159,78.129,,Haas F1 Team,Australian Grand Prix,17.0,20.0,78.129,1.3970000000000056,13.333333333333334,15.4,14.9,14.0,0.5,1.0,98.43999999999998,15.182999999999993,0.7169999999999987,1.4000000000000004,1,3,4
23,ALB,19.0,R,0.0,Retired,6.0,2023,3,,77.962,77.761,77.609,Williams,Australian Grand Prix,20.0,20.0,77.609,0.8769999999999953,14.333333333333334,14.0,15.1,10.0,0.5,1.0,93.68536363636365,10.428363636363656,-0.9480000000000075,0.0,1,3,1
16,LEC,20.0,R,0.0,Retired,0.0,2023,3,,78.218,77.39,77.369,Ferrari,Australian Grand Prix,20.0,20.0,77.369,0.6370000000000005,9.666666666666666,7.8,6.1,1.0,0.5,6.0,103.5655,20.30850000000001,0.09900000000000375,3.3999999999999995,1,3,1
63,RUS,18.0,R,0.0,Retired,17.0,2023,3,,77.654,77.513,76.968,Mercedes,Australian Grand Prix,20.0,20.0,76.968,0.2360000000000042,5.333333333333333,4.2,5.3,3.0,0.0,18.0,83.26533333333333,0.008333333333339965,-0.13599999999999568,-2.2,1,3,1
11,PER,1.0,1,25.0,Finished,51.0,2023,4,,101.756,101.131,100.495,Red Bull Racing,Azerbaijan Grand Prix,1.0,20.0,100.495,0.2920000000000016,2.6666666666666665,3.6,2.9,1.5,0.0,54.0,,,0.1039999999999992,1.4,1,4,20
1,VER,2.0,2,18.0,Finished,51.0,2023,4,,101.398,100.822,100.391,Red Bull Racing,Azerbaijan Grand Prix,2.0,20.0,100.391,0.1880000000000024,1.3333333333333333,2.2,2.9,10.5,0.0,69.0,,,-0.1039999999999992,-1.4,1,4,19
16,LEC,3.0,3,15.0,Finished,51.0,2023,4,,101.269,101.037,100.203,Ferrari,Azerbaijan Grand Prix,3.0,20.0,100.203,0.0,15.666666666666666,10.6,8.2,12.0,0.6666666666666666,6.0,,,-0.8130000000000024,4.8,1,4,18
14,ALO,4.0,4,12.0,Finished,51.0,2023,4,,101.72,101.37,101.253,Aston Martin,Azerbaijan Grand Prix,4.0,20.0,101.253,1.0499999999999972,3.0,6.8,7.8,6.5,0.0,45.0,,,-0.3229999999999933,-2.8,1,4,17
55,SAI,5.0,5,10.0,Finished,51.0,2023,4,,102.197,101.369,101.016,Ferrari,Azerbaijan Grand Prix,5.0,20.0,101.016,0.8130000000000024,7.333333333333333,5.8,8.2,14.0,0.0,20.0,,,0.8130000000000024,-4.8,1,4,16
44,HAM,6.0,6,8.0,Finished,51.0,2023,4,,102.113,101.65,101.177,Mercedes,Azerbaijan Grand Prix,6.0,20.0,101.177,0.9740000000000038,4.0,6.4,6.9,9.5,0.0,38.0,,,-0.47699999999998965,-1.0,1,4,15
18,STR,7.0,7,6.0,Finished,51.0,2023,4,,102.524,101.576,101.611,Aston Martin,Azerbaijan Grand Prix,7.0,20.0,101.576,1.3729999999999905,10.0,9.6,7.8,18.0,0.3333333333333333,20.0,,,0.3229999999999933,2.8,1,4,14
63,RUS,8.0,8,5.0,Finished,51.0,2023,4,,102.073,101.654,,Mercedes,Azerbaijan Grand Prix,8.0,20.0,101.654,1.4509999999999934,10.333333333333334,7.4,6.9,11.5,0.3333333333333333,18.0,,,0.47699999999998965,1.0,1,4,13
4,NOR,9.0,9,2.0,Finished,51.0,2023,4,,102.154,101.485,101.281,McLaren,Azerbaijan Grand Prix,9.0,20.0,101.281,1.078000000000003,13.333333333333334,13.2,13.8,7.0,0.3333333333333333,8.0,,,-0.3299999999999983,-1.1333333333333346,1,4,12
22,TSU,10.0,10,1.0,Finished,51.0,2023,4,,102.234,101.569,101.581,AlphaTauri,Azerbaijan Grand Prix,10.0,20.0,101.569,1.3659999999999997,10.666666666666666,12.0,13.1,10.0,0.0,1.0,,,-13.712999999999994,-1.0,1,4,11
81,PIA,11.0,11,0.0,Finished,51.0,2023,4,,102.455,101.636,101.611,McLaren,Azerbaijan Grand Prix,11.0,20.0,101.611,1.4080000000000013,14.333333333333334,14.333333333333334,13.8,,0.3333333333333333,4.0,,,0.3299999999999983,1.1333333333333346,1,4,10
23,ALB,12.0,12,0.0,Finished,51.0,2023,4,,102.171,101.818,,Williams,Azerbaijan Grand Prix,12.0,20.0,101.818,1.6149999999999949,16.666666666666668,15.6,15.7,12.0,0.6666666666666666,1.0,,,-0.4240000000000066,0.9333333333333336,1,4,9
20,MAG,13.0,13,0.0,Finished,51.0,2023,4,,103.417,,,Haas F1 Team,Azerbaijan Grand Prix,13.0,20.0,103.417,3.2139999999999986,13.333333333333334,15.4,14.0,20.0,0.6666666666666666,1.0,,,0.6620000000000061,2.8000000000000007,1,4,8
10,GAS,14.0,14,0.0,Finished,51.0,2023,4,,104.853,,,Alpine,Azerbaijan Grand Prix,14.0,20.0,104.853,4.6499999999999915,10.333333333333334,11.8,11.3,4.0,0.3333333333333333,4.0,,,3.0549999999999926,0.40000000000000036,1,4,7
31,OCO,15.0,15,0.0,Finished,51.0,2023,4,,102.622,101.798,,Alpine,Azerbaijan Grand Prix,15.0,20.0,101.798,1.5949999999999989,14.0,11.4,11.3,15.0,0.6666666666666666,4.0,,,-3.0549999999999926,-0.40000000000000036,1,4,6
2,SAR,16.0,16,0.0,Finished,51.0,2023,4,,102.242,102.395,,Williams,Azerbaijan Grand Prix,16.0,20.0,102.242,2.0390000000000015,14.666666666666666,14.666666666666666,15.7,,0.6666666666666666,0.0,,,0.4240000000000066,-0.9333333333333336,1,4,5
27,HUL,17.0,17,0.0,Lapped,50.0,2023,4,,102.755,,,Haas F1 Team,Azerbaijan Grand Prix,17.0,20.0,102.755,2.5519999999999925,11.333333333333334,12.6,14.0,,0.3333333333333333,6.0,,,-0.6620000000000061,-2.8000000000000007,1,4,4
77,BOT,18.0,18,0.0,Lapped,50.0,2023,4,,102.582,102.259,,Alfa Romeo,Azerbaijan Grand Prix,18.0,20.0,102.259,2.0559999999999974,12.333333333333334,12.2,12.3,11.5,0.3333333333333333,4.0,,,-0.38299999999999557,-0.20000000000000107,1,4,3
21,DEV,20.0,R,0.0,Retired,9.0,2023,4,,115.282,,,AlphaTauri,Azerbaijan Grand Prix,20.0,20.0,115.282,15.078999999999994,14.333333333333334,13.0,13.1,,0.6666666666666666,0.0,,,13.712999999999994,1.0,1,4,1
24,ZHO,19.0,R,0.0,Retired,36.0,2023,4,,102.642,,,Alfa Romeo,Azerbaijan Grand Prix,20.0,20.0,102.642,2.438999999999993,12.666666666666666,12.4,12.3,20.0,0.3333333333333333,2.0,,,0.38299999999999557,0.20000000000000107,1,4,1
1,VER,1.0,1,26.0,Finished,57.0,2023,5,,87.363,86.814,,Red Bull Racing,Miami Grand Prix,1.0,20.0,86.814,0.0,1.6666666666666667,1.4,1.9,1.0,0.0,87.0,,,-0.027000000000001023,-1.0,1,5,20
11,PER,2.0,2,18.0,Finished,57.0,2023,5,,87.713,87.328,86.841,Red Bull Racing,Miami Grand Prix,2.0,20.0,86.841,0.027000000000001023,2.3333333333333335,2.4,1.9,4.0,0.0,79.0,122.9428,29.52613333333332,0.027000000000001023,1.0,1,5,19
14,ALO,3.0,3,15.0,Finished,57.0,2023,5,,88.179,87.097,87.202,Aston Martin,Miami Grand Prix,3.0,20.0,87.097,0.28300000000000125,3.3333333333333335,6.6,6.8,11.0,0.0,57.0,108.0344,14.61773333333332,-1.3790000000000049,-2.4000000000000004,1,5,18
63,RUS,4.0,4,12.0,Finished,57.0,2023,5,,88.086,87.743,87.804,Mercedes,Miami Grand Prix,4.0,20.0,87.743,0.929000000000002,10.666666666666666,8.8,8.0,5.0,0.25,23.0,106.12475,12.70808333333332,-0.10300000000000864,1.6000000000000005,1,5,17
55,SAI,5.0,5,10.0,Finished,57.0,2023,5,,87.686,87.148,87.349,Ferrari,Miami Grand Prix,5.0,20.0,87.148,0.3340000000000032,7.666666666666667,6.2,8.3,3.0,0.0,30.0,94.63466666666666,1.217999999999975,0.1839999999999975,-4.2,1,5,16
44,HAM,6.0,6,8.0,Finished,57.0,2023,5,,87.846,87.975,,Mercedes,Miami Grand Prix,6.0,20.0,87.846,1.0320000000000107,4.333333333333333,7.2,8.0,6.0,0.0,46.0,110.6496,17.23293333333332,0.10300000000000864,-1.6000000000000005,1,5,15
16,LEC,7.0,7,6.0,Finished,57.0,2023,5,,87.713,86.964,87.861,Ferrari,Miami Grand Prix,7.0,20.0,86.964,0.15000000000000568,10.0,10.4,8.3,2.0,0.5,21.0,117.61475,24.198083333333315,-0.1839999999999975,4.2,1,5,14
10,GAS,8.0,8,4.0,Finished,57.0,2023,5,,88.061,87.612,87.786,Alpine,Miami Grand Prix,8.0,20.0,87.612,0.7980000000000018,12.0,11.8,12.9,20.0,0.25,4.0,110.29275,16.876083333333312,0.16799999999999216,-1.0,1,5,13
31,OCO,9.0,9,2.0,Finished,57.0,2023,5,,87.872,87.444,87.935,Alpine,Miami Grand Prix,9.0,20.0,87.444,0.6300000000000097,12.333333333333334,12.8,12.9,8.0,0.5,4.0,107.74575,14.329083333333315,-0.16799999999999216,1.0,1,5,12
20,MAG,10.0,10,1.0,Finished,57.0,2023,5,,87.809,87.673,87.767,Haas F1 Team,Miami Grand Prix,10.0,20.0,87.673,0.8590000000000089,13.333333333333334,14.0,13.7,16.0,0.5,1.0,116.76325,23.346583333333314,-0.23000000000000398,1.4000000000000004,1,5,11
22,TSU,11.0,11,0.0,Finished,57.0,2023,5,,88.429,,,AlphaTauri,Miami Grand Prix,11.0,20.0,88.429,1.615000000000009,10.333333333333334,10.6,13.0,12.0,0.0,2.0,112.10375,18.68708333333332,0.1039999999999992,-3.8000000000000007,1,5,10
18,STR,12.0,12,0.0,Finished,57.0,2023,5,,88.476,,,Aston Martin,Miami Grand Prix,12.0,20.0,88.476,1.6620000000000061,10.333333333333334,9.0,6.8,10.0,0.25,26.0,117.6775,24.26083333333331,1.3790000000000049,2.4000000000000004,1,5,9
77,BOT,13.0,13,0.0,Finished,57.0,2023,5,,87.864,87.564,,Alfa Romeo,Miami Grand Prix,13.0,20.0,87.564,0.75,15.666666666666666,14.0,14.0,7.0,0.5,4.0,102.414,8.997333333333316,-0.527000000000001,0.0,1,5,8
23,ALB,14.0,14,0.0,Finished,57.0,2023,5,,88.234,87.795,,Williams,Miami Grand Prix,14.0,20.0,87.795,0.9810000000000088,17.333333333333332,15.0,15.4,9.0,0.5,1.0,109.69525000000002,16.27858333333333,-0.7819999999999965,0.0,1,5,7
27,HUL,15.0,15,0.0,Finished,57.0,2023,5,,87.945,87.903,,Haas F1 Team,Miami Grand Prix,15.0,20.0,87.903,1.0890000000000128,12.0,12.6,13.7,,0.5,6.0,111.26975,17.853083333333316,0.23000000000000398,-1.4000000000000004,1,5,6
24,ZHO,16.0,16,0.0,Finished,57.0,2023,5,,88.18,88.091,,Alfa Romeo,Miami Grand Prix,16.0,20.0,88.091,1.277000000000001,14.0,14.0,14.0,20.0,0.5,2.0,108.15950000000002,14.742833333333337,0.527000000000001,0.0,1,5,5
4,NOR,17.0,17,0.0,Finished,57.0,2023,5,,88.394,,,McLaren,Miami Grand Prix,17.0,20.0,88.394,1.5800000000000125,10.666666666666666,11.0,11.8,20.0,0.25,10.0,93.41666666666669,0.0,-0.0899999999999892,-2.5,1,5,4
21,DEV,18.0,18,0.0,Finished,57.0,2023,5,,88.325,88.395,,AlphaTauri,Miami Grand Prix,18.0,20.0,88.325,1.51100000000001,16.333333333333332,14.4,13.0,,0.75,0.0,107.59266666666667,14.175999999999988,-0.1039999999999992,3.8000000000000007,1,5,3
81,PIA,19.0,19,0.0,Lapped,56.0,2023,5,,88.484,,,McLaren,Miami Grand Prix,19.0,20.0,88.484,1.6700000000000017,11.333333333333334,13.5,11.8,,0.25,4.0,94.15,0.7333333333333201,0.0899999999999892,2.5,1,5,2
2,SAR,20.0,20,0.0,Lapped,56.0,2023,5,,88.577,,,Williams,Miami Grand Prix,20.0,20.0,88.577,1.7630000000000052,16.0,15.0,15.4,,0.5,0.0,93.75333333333332,0.3366666666666305,0.7819999999999965,0.0,1,5,1
1,VER,1.0,1,25.0,Finished,78.0,2023,6,,72.386,71.908,71.365,Red Bull Racing,Monaco Grand Prix,1.0,20.0,71.365,0.0,1.3333333333333333,1.4,1.8,2.0,0.0,113.0,76.46157142857143,0.0,-2.4849999999999994,-0.8000000000000003,1,6,20
14,ALO,2.0,2,18.0,Finished,78.0,2023,6,,72.886,72.107,71.449,Aston Martin,Monaco Grand Prix,2.0,20.0,71.449,0.08400000000000318,3.3333333333333335,3.2,6.5,10.0,0.0,72.0,77.01016666666668,0.5485952380952455,-1.1740000000000066,-6.6000000000000005,1,6,19
31,OCO,3.0,3,15.0,Finished,78.0,2023,6,,72.967,72.248,71.553,Alpine,Monaco Grand Prix,3.0,20.0,71.553,0.1880000000000024,12.666666666666666,13.2,11.9,10.5,0.4,6.0,76.80675,0.345178571428562,-0.38000000000000966,2.5999999999999996,1,6,18
44,HAM,4.0,4,13.0,Finished,78.0,2023,6,,72.872,72.156,71.725,Mercedes,Monaco Grand Prix,4.0,20.0,71.725,0.35999999999999943,4.666666666666667,4.8,6.7,7.5,0.0,54.0,77.3058,0.8442285714285731,-0.23900000000000432,-3.8,1,6,17
63,RUS,5.0,5,10.0,Finished,78.0,2023,6,,72.769,72.151,71.964,Mercedes,Monaco Grand Prix,5.0,20.0,71.964,0.5990000000000038,10.666666666666666,8.6,6.7,9.5,0.2,35.0,77.5614,1.0998285714285743,0.23900000000000432,3.8,1,6,16
16,LEC,6.0,6,8.0,Finished,78.0,2023,6,,72.912,72.103,71.471,Ferrari,Monaco Grand Prix,6.0,20.0,71.471,0.10600000000000875,10.0,11.4,8.9,12.0,0.4,27.0,86.38742857142857,9.92585714285714,-0.15899999999999181,5.0,1,6,15
10,GAS,7.0,7,6.0,Finished,78.0,2023,6,,73.033,72.169,71.933,Alpine,Monaco Grand Prix,7.0,20.0,71.933,0.568000000000012,11.666666666666666,10.6,11.9,8.5,0.2,8.0,77.28042857142857,0.8188571428571407,0.38000000000000966,-2.5999999999999996,1,6,14
55,SAI,8.0,8,4.0,Finished,78.0,2023,6,,72.717,72.21,71.63,Ferrari,Monaco Grand Prix,8.0,20.0,71.63,0.26500000000000057,7.333333333333333,6.4,8.9,2.0,0.0,40.0,86.23233333333333,9.770761904761898,0.15899999999999181,-5.0,1,6,13
4,NOR,9.0,9,2.0,Lapped,77.0,2023,6,,72.877,72.377,72.254,McLaren,Monaco Grand Prix,9.0,20.0,72.254,0.88900000000001,10.666666666666666,13.2,13.9,4.5,0.2,10.0,86.16283333333335,9.701261904761921,-0.14099999999999113,-1.4000000000000004,1,6,12
81,PIA,10.0,10,1.0,Lapped,77.0,2023,6,,73.006,72.395,,McLaren,Monaco Grand Prix,10.0,20.0,72.395,1.0300000000000011,12.666666666666666,14.6,13.9,,0.4,4.0,76.89416666666668,0.4325952380952458,0.14099999999999113,1.4000000000000004,1,6,11
77,BOT,11.0,11,0.0,Lapped,77.0,2023,6,,73.038,72.625,,Alfa Romeo,Monaco Grand Prix,11.0,20.0,72.625,1.2600000000000051,14.0,13.6,14.2,14.5,0.4,4.0,77.38442857142857,0.9228571428571399,-0.8979999999999961,-1.200000000000001,1,6,10
21,DEV,12.0,12,0.0,Lapped,77.0,2023,6,,73.054,72.428,,AlphaTauri,Monaco Grand Prix,12.0,20.0,72.428,1.0630000000000024,17.666666666666668,16.2,13.4,,0.6,0.0,76.9245,0.4629285714285629,0.34600000000000364,5.6,1,6,9
24,ZHO,13.0,13,0.0,Lapped,77.0,2023,6,,73.523,,,Alfa Romeo,Monaco Grand Prix,13.0,20.0,73.523,2.1580000000000013,15.0,14.8,14.2,16.0,0.4,2.0,77.33099999999999,0.869428571428557,0.8979999999999961,1.200000000000001,1,6,8
23,ALB,14.0,14,0.0,Lapped,77.0,2023,6,,72.706,72.527,,Williams,Monaco Grand Prix,14.0,20.0,72.527,1.1620000000000061,15.333333333333334,15.2,15.6,20.0,0.4,1.0,92.84233333333331,16.380761904761883,-0.5859999999999985,-0.8000000000000007,1,6,7
22,TSU,15.0,15,0.0,Lapped,76.0,2023,6,,72.642,72.249,72.082,AlphaTauri,Monaco Grand Prix,15.0,20.0,72.082,0.7169999999999987,10.333333333333334,10.6,13.4,16.5,0.0,2.0,85.69675000000001,9.235178571428577,-0.34600000000000364,-5.6,1,6,6
11,PER,16.0,16,0.0,Lapped,76.0,2023,6,,73.85,,,Red Bull Racing,Monaco Grand Prix,16.0,20.0,73.85,2.4849999999999994,2.6666666666666665,2.2,1.8,2.5,0.0,97.0,77.12116666666667,0.6595952380952355,2.4849999999999994,0.8000000000000003,1,6,5
27,HUL,17.0,17,0.0,Lapped,76.0,2023,6,,73.279,,,Haas F1 Team,Monaco Grand Prix,17.0,20.0,73.279,1.9140000000000015,13.0,13.2,12.9,,0.4,6.0,77.407,0.9454285714285646,0.009000000000000341,0.5999999999999996,1,6,4
2,SAR,18.0,18,0.0,Lapped,76.0,2023,6,,73.113,,,Williams,Monaco Grand Prix,18.0,20.0,73.113,1.7480000000000047,17.333333333333332,16.0,15.6,,0.6,0.0,78.0395,1.577928571428572,0.5859999999999985,0.8000000000000007,1,6,3
20,MAG,19.0,19,0.0,Retired,70.0,2023,6,,73.27,,,Haas F1 Team,Monaco Grand Prix,19.0,20.0,73.27,1.9050000000000011,13.333333333333334,12.6,12.9,20.0,0.4,2.0,78.5222857142857,2.060714285714269,-0.009000000000000341,-0.5999999999999996,1,6,2
18,STR,20.0,R,0.0,Retired,53.0,2023,6,,72.722,72.623,,Aston Martin,Monaco Grand Prix,20.0,20.0,72.623,1.2580000000000098,7.666666666666667,9.8,6.5,11.0,0.2,26.0,76.95660000000001,0.4950285714285769,1.1740000000000066,6.6000000000000005,1,6,1
1,VER,1.0,1,26.0,Finished,66.0,2023,7,,73.615,72.76,72.272,Red Bull Racing,Spanish Grand Prix,1.0,20.0,72.272,0.0,1.3333333333333333,1.4,3.2,1.5,0.0,138.0,79.917125,2.345124999999996,-1.0619999999999976,-3.6,1,7,20
44,HAM,2.0,2,18.0,Finished,66.0,2023,7,,72.937,72.999,72.818,Mercedes,Spanish Grand Prix,2.0,20.0,72.818,0.5459999999999923,5.333333333333333,4.6,6.4,3.0,0.0,67.0,81.18875,3.616749999999996,-0.5079999999999956,-3.5999999999999996,1,7,19
63,RUS,3.0,3,15.0,Finished,66.0,2023,7,,73.326,73.447,,Mercedes,Spanish Grand Prix,3.0,20.0,73.326,1.0539999999999878,5.666666666666667,8.2,6.4,8.5,0.16666666666666666,45.0,83.09173333333337,5.519733333333363,0.5079999999999956,3.5999999999999996,1,7,18
11,PER,4.0,4,12.0,Finished,66.0,2023,7,,73.874,73.334,,Red Bull Racing,Spanish Grand Prix,4.0,20.0,73.334,1.0619999999999976,6.333333333333333,5.0,3.2,3.5,0.16666666666666666,97.0,81.4363,3.8643,1.0619999999999976,3.6,1,7,17
55,SAI,5.0,5,10.0,Finished,66.0,2023,7,,73.411,72.79,72.734,Ferrari,Spanish Grand Prix,5.0,20.0,72.734,0.4619999999999891,6.0,7.2,7.9,5.5,0.0,44.0,80.39500000000001,2.8230000000000075,-1.3449999999999989,-1.3999999999999995,1,7,16
18,STR,6.0,6,8.0,Finished,66.0,2023,7,,73.766,73.082,72.994,Aston Martin,Spanish Grand Prix,6.0,20.0,72.994,0.7219999999999942,13.0,12.6,7.8,13.0,0.3333333333333333,26.0,78.959,1.3870000000000005,-0.1039999999999992,9.6,1,7,15
14,ALO,7.0,7,6.0,Finished,66.0,2023,7,,73.747,73.098,73.507,Aston Martin,Spanish Grand Prix,7.0,20.0,73.098,0.8259999999999934,3.0,3.0,7.8,13.0,0.0,90.0,77.572,0.0,0.1039999999999992,-9.6,1,7,14
31,OCO,8.0,8,4.0,Finished,66.0,2023,7,,73.433,73.001,73.083,Alpine,Spanish Grand Prix,8.0,20.0,73.001,0.7289999999999992,9.0,9.8,10.0,8.0,0.3333333333333333,21.0,84.03292857142856,6.460928571428553,0.18500000000000227,-0.3999999999999986,1,7,13
24,ZHO,9.0,9,2.0,Finished,66.0,2023,7,,73.677,73.521,,Alfa Romeo,Spanish Grand Prix,9.0,20.0,73.521,1.2489999999999952,16.333333333333332,14.2,14.2,20.0,0.5,2.0,81.12400000000001,3.5520000000000067,-0.45600000000000307,0.0,1,7,12
10,GAS,10.0,10,1.0,Finished,66.0,2023,7,,73.471,73.186,72.816,Alpine,Spanish Grand Prix,10.0,20.0,72.816,0.5439999999999969,9.666666666666666,10.2,10.0,11.5,0.16666666666666666,14.0,83.88107692307692,6.3090769230769155,-0.18500000000000227,0.3999999999999986,1,7,11
16,LEC,11.0,11,0.0,Finished,66.0,2023,7,,74.079,,,Ferrari,Spanish Grand Prix,11.0,20.0,74.079,1.806999999999988,5.333333333333333,8.6,7.9,12.0,0.3333333333333333,35.0,80.2492,2.677199999999999,1.3449999999999989,1.3999999999999995,1,7,10
22,TSU,12.0,12,0.0,Finished,66.0,2023,7,,73.862,74.477,,AlphaTauri,Spanish Grand Prix,12.0,20.0,73.862,1.5899999999999892,12.0,11.4,13.6,15.0,0.16666666666666666,2.0,81.28727272727274,3.7152727272727333,0.2809999999999917,-4.4,1,7,9
81,PIA,13.0,13,0.0,Lapped,65.0,2023,7,,73.691,73.059,73.682,McLaren,Spanish Grand Prix,13.0,20.0,73.059,0.7869999999999919,13.333333333333334,12.6,12.1,,0.5,5.0,80.92822222222223,3.356222222222229,0.28300000000000125,1.0,1,7,8
21,DEV,14.0,14,0.0,Lapped,65.0,2023,7,,73.581,74.083,,AlphaTauri,Spanish Grand Prix,14.0,20.0,73.581,1.3089999999999975,16.666666666666668,15.8,13.6,,0.6666666666666666,0.0,81.09757142857141,3.5255714285714106,-0.2809999999999917,4.4,1,7,7
27,HUL,15.0,15,0.0,Lapped,65.0,2023,7,,73.42,73.283,73.229,Haas F1 Team,Spanish Grand Prix,15.0,20.0,73.229,0.9569999999999936,16.333333333333332,13.6,13.7,,0.5,6.0,81.06878571428571,3.496785714285707,-0.8130000000000024,-0.20000000000000107,1,7,6
23,ALB,16.0,16,0.0,Lapped,65.0,2023,7,,74.063,,,Williams,Spanish Grand Prix,16.0,20.0,74.063,1.7909999999999968,13.333333333333334,16.0,16.6,18.0,0.5,1.0,81.07271428571428,3.500714285714281,-0.6359999999999957,-1.1999999999999993,1,7,5
4,NOR,17.0,17,0.0,Lapped,65.0,2023,7,,73.295,72.776,72.792,McLaren,Spanish Grand Prix,17.0,20.0,72.776,0.5039999999999907,11.666666666666666,11.6,12.1,8.0,0.3333333333333333,12.0,82.82636363636362,5.254363636363621,-0.28300000000000125,-1.0,1,7,4
20,MAG,18.0,18,0.0,Lapped,65.0,2023,7,,74.042,,,Haas F1 Team,Spanish Grand Prix,18.0,20.0,74.042,1.769999999999996,14.0,13.8,13.7,17.0,0.5,2.0,84.51222222222223,6.940222222222232,0.8130000000000024,0.20000000000000107,1,7,3
77,BOT,19.0,19,0.0,Lapped,65.0,2023,7,,73.977,,,Alfa Romeo,Spanish Grand Prix,19.0,20.0,73.977,1.7049999999999983,14.0,14.2,14.2,4.5,0.5,4.0,80.35499999999999,2.782999999999987,0.45600000000000307,0.0,1,7,2
2,SAR,20.0,20,0.0,Lapped,65.0,2023,7,,74.699,,,Williams,Spanish Grand Prix,20.0,20.0,74.699,2.4269999999999925,18.0,17.2,16.6,,0.6666666666666666,0.0,81.58999999999999,4.0179999999999865,0.6359999999999957,1.1999999999999993,1,7,1
1,VER,1.0,1,25.0,Finished,70.0,2023,8,,80.851,79.092,85.858,Red Bull Racing,Canadian Grand Prix,1.0,20.0,79.092,0.36700000000000443,1.0,1.2,3.4,1.0,0.0,164.0,79.05257142857144,1.7818214285714333,-1.8670000000000044,-4.3999999999999995,1,8,20
14,ALO,2.0,2,18.0,Finished,70.0,2023,8,,81.481,79.776,87.286,Aston Martin,Canadian Grand Prix,2.0,20.0,79.776,1.051000000000002,4.0,3.8,6.8,9.0,0.0,96.0,77.77933333333333,0.5085833333333198,-1.7079999999999984,-6.000000000000001,1,8,19
44,HAM,3.0,3,15.0,Finished,70.0,2023,8,,81.554,80.426,87.627,Mercedes,Canadian Grand Prix,3.0,20.0,80.426,1.7010000000000076,4.0,4.0,6.0,3.0,0.0,85.0,78.68124999999999,1.4104999999999848,0.32800000000000296,-4.0,1,8,18
16,LEC,4.0,4,12.0,Finished,70.0,2023,8,,81.843,80.615,,Ferrari,Canadian Grand Prix,4.0,20.0,80.615,1.8900000000000006,8.0,9.4,8.2,5.0,0.2857142857142857,35.0,78.23458333333332,0.9638333333333122,0.7590000000000003,2.4000000000000004,1,8,17
55,SAI,5.0,5,10.0,Finished,70.0,2023,8,,82.248,79.856,89.294,Ferrari,Canadian Grand Prix,5.0,20.0,79.856,1.1310000000000002,6.0,7.0,8.2,2.0,0.0,54.0,78.1438,0.8730499999999921,-0.7590000000000003,-2.4000000000000004,1,8,16
11,PER,6.0,6,9.0,Finished,70.0,2023,8,,82.151,80.959,,Red Bull Racing,Canadian Grand Prix,6.0,20.0,80.959,2.234000000000009,7.333333333333333,5.6,3.4,20.0,0.14285714285714285,109.0,79.041,1.77024999999999,1.8670000000000044,4.3999999999999995,1,8,15
23,ALB,7.0,7,6.0,Finished,70.0,2023,8,,81.938,78.725,,Williams,Canadian Grand Prix,7.0,20.0,78.725,0.0,14.666666666666666,15.2,16.6,13.0,0.5714285714285714,1.0,78.0018,0.7310499999999962,-4.612000000000009,-2.8000000000000007,1,8,14
31,OCO,8.0,8,4.0,Finished,70.0,2023,8,,82.114,80.406,87.945,Alpine,Canadian Grand Prix,8.0,20.0,80.406,1.6810000000000116,6.666666666666667,9.8,10.1,6.0,0.2857142857142857,25.0,88.68581818181819,11.415068181818185,-2.4799999999999898,-0.5999999999999996,1,8,13
18,STR,9.0,9,2.0,Finished,70.0,2023,8,,82.677,81.484,,Aston Martin,Canadian Grand Prix,9.0,20.0,81.484,2.7590000000000003,12.666666666666666,9.8,6.8,10.0,0.2857142857142857,34.0,79.69,2.419249999999991,1.7079999999999984,6.000000000000001,1,8,12
77,BOT,10.0,10,1.0,Finished,70.0,2023,8,,82.332,81.821,,Alfa Romeo,Canadian Grand Prix,10.0,20.0,81.821,3.0960000000000036,14.333333333333334,14.4,13.9,7.0,0.5714285714285714,4.0,78.83877777777778,1.5680277777777718,-1.5210000000000008,1.0,1,8,11
81,PIA,11.0,11,0.0,Finished,70.0,2023,8,,82.19,79.659,91.349,McLaren,Canadian Grand Prix,11.0,20.0,79.659,0.9340000000000117,14.0,12.2,11.9,,0.5714285714285714,5.0,78.76081818181818,1.4900681818181738,0.3120000000000118,0.5999999999999996,1,8,10
10,GAS,12.0,12,0.0,Finished,70.0,2023,8,,82.886,,,Alpine,Canadian Grand Prix,12.0,20.0,82.886,4.161000000000001,8.333333333333334,10.4,10.1,14.0,0.14285714285714285,15.0,77.7045,0.4337499999999892,2.4799999999999898,0.5999999999999996,1,8,9
4,NOR,13.0,13,0.0,Finished,70.0,2023,8,,81.998,79.347,88.046,McLaren,Canadian Grand Prix,13.0,20.0,79.347,0.6219999999999999,14.333333333333334,11.6,11.9,15.0,0.42857142857142855,12.0,78.39146666666666,1.1207166666666524,-0.3120000000000118,-0.5999999999999996,1,8,8
22,TSU,14.0,14,0.0,Finished,70.0,2023,8,,82.746,,,AlphaTauri,Canadian Grand Prix,14.0,20.0,82.746,4.021000000000001,12.666666666666666,11.6,13.7,20.0,0.14285714285714285,2.0,77.408,0.13724999999999454,-0.39100000000000534,-4.200000000000001,1,8,7
27,HUL,15.0,15,0.0,Lapped,69.0,2023,8,,82.73,80.305,87.102,Haas F1 Team,Canadian Grand Prix,15.0,20.0,80.305,1.5800000000000125,15.666666666666666,14.2,14.8,,0.5714285714285714,6.0,91.16483333333332,13.894083333333313,-1.3729999999999905,-1.200000000000001,1,8,6
24,ZHO,16.0,16,0.0,Lapped,69.0,2023,8,,83.342,,,Alfa Romeo,Canadian Grand Prix,16.0,20.0,83.342,4.617000000000004,12.666666666666666,13.4,13.9,8.0,0.42857142857142855,4.0,79.7875,2.5167499999999876,1.5210000000000008,-1.0,1,8,5
20,MAG,17.0,17,0.0,Lapped,69.0,2023,8,,82.351,81.678,,Haas F1 Team,Canadian Grand Prix,17.0,20.0,81.678,2.953000000000003,15.666666666666666,15.4,14.8,17.0,0.5714285714285714,2.0,79.8232857142857,2.552535714285696,1.3729999999999905,1.200000000000001,1,8,4
21,DEV,18.0,18,0.0,Lapped,69.0,2023,8,,83.137,,,AlphaTauri,Canadian Grand Prix,18.0,20.0,83.137,4.412000000000006,14.666666666666666,15.8,13.7,,0.7142857142857143,0.0,77.27075,0.0,0.39100000000000534,4.200000000000001,1,8,3
63,RUS,19.0,R,0.0,Retired,53.0,2023,8,,81.798,80.098,87.893,Mercedes,Canadian Grand Prix,20.0,20.0,80.098,1.3730000000000047,4.0,8.0,6.0,4.0,0.14285714285714285,60.0,78.68946153846153,1.4187115384615225,-0.32800000000000296,4.0,1,8,1
2,SAR,20.0,R,0.0,Retired,6.0,2023,8,,83.337,,,Williams,Canadian Grand Prix,20.0,20.0,83.337,4.612000000000009,19.333333333333332,18.0,16.6,,0.7142857142857143,0.0,79.49423529411764,2.223485294117637,4.612000000000009,2.8000000000000007,1,8,1
1,VER,1.0,1,26.0,Finished,71.0,2023,9,,65.116,64.951,64.391,Red Bull Racing,Austrian Grand Prix,1.0,20.0,64.391,0.0,1.0,1.2,3.5,1.5,0.0,189.0,,,-0.7860000000000014,-4.6,1,9,20
16,LEC,2.0,2,18.0,Finished,71.0,2023,9,,65.577,65.087,64.439,Ferrari,Austrian Grand Prix,2.0,20.0,64.439,0.04799999999998761,7.0,6.2,5.9,4.5,0.25,47.0,,,-0.14200000000001012,0.6000000000000005,1,9,19
11,PER,3.0,3,15.0,Finished,71.0,2023,9,,65.177,126.688,,Red Bull Racing,Austrian Grand Prix,3.0,20.0,65.177,0.7860000000000014,8.666666666666666,5.8,3.5,13.0,0.125,118.0,,,0.7860000000000014,4.6,1,9,18
4,NOR,4.0,4,12.0,Finished,71.0,2023,9,,65.617,65.038,64.658,McLaren,Austrian Grand Prix,4.0,20.0,64.658,0.2669999999999959,13.0,13.0,12.9,5.0,0.375,12.0,,,-0.9470000000000027,0.1999999999999993,1,9,17
14,ALO,5.0,5,10.0,Finished,71.0,2023,9,,65.655,65.181,64.911,Aston Martin,Austrian Grand Prix,5.0,20.0,64.911,0.519999999999996,3.6666666666666665,3.6,7.2,10.0,0.0,114.0,,,0.018000000000000682,-7.200000000000001,1,9,16
55,SAI,6.0,6,8.0,Finished,71.0,2023,9,,65.339,64.975,64.581,Ferrari,Austrian Grand Prix,6.0,20.0,64.581,0.18999999999999773,6.0,5.6,5.9,12.5,0.0,64.0,,,0.14200000000001012,-0.6000000000000005,1,9,15
63,RUS,7.0,7,6.0,Finished,71.0,2023,9,,65.686,65.428,,Mercedes,Austrian Grand Prix,7.0,20.0,65.428,1.036999999999992,9.333333333333334,8.0,6.1,7.5,0.25,60.0,,,0.6089999999999947,3.8,1,9,14
44,HAM,8.0,8,4.0,Finished,71.0,2023,9,,65.673,65.188,64.819,Mercedes,Austrian Grand Prix,8.0,20.0,64.819,0.42799999999999727,3.0,4.2,6.1,3.5,0.0,100.0,,,-0.6089999999999947,-3.8,1,9,13
18,STR,9.0,9,2.0,Finished,71.0,2023,9,,65.71,65.121,64.893,Aston Martin,Austrian Grand Prix,9.0,20.0,64.893,0.5019999999999953,11.666666666666666,10.8,7.2,13.0,0.25,36.0,,,-0.018000000000000682,7.200000000000001,1,9,12
10,GAS,10.0,10,1.0,Finished,71.0,2023,9,,65.515,65.308,65.17,Alpine,Austrian Grand Prix,10.0,20.0,65.17,0.7789999999999964,9.666666666666666,10.2,9.4,12.0,0.125,15.0,,,-0.28300000000000125,1.5999999999999996,1,9,11
23,ALB,11.0,11,0.0,Finished,71.0,2023,9,,65.673,65.387,65.823,Williams,Austrian Grand Prix,11.0,20.0,65.387,0.9959999999999951,12.333333333333334,12.6,15.7,12.0,0.5,7.0,,,-0.5609999999999928,-6.200000000000001,1,9,10
24,ZHO,12.0,12,0.0,Lapped,70.0,2023,9,,65.818,,,Alfa Romeo,Austrian Grand Prix,12.0,20.0,65.818,1.4269999999999925,12.666666666666666,14.8,14.5,14.0,0.5,4.0,,,0.13799999999999102,0.6000000000000014,1,9,9
2,SAR,13.0,13,0.0,Lapped,70.0,2023,9,,65.948,,,Williams,Austrian Grand Prix,13.0,20.0,65.948,1.556999999999988,19.333333333333332,18.8,15.7,,0.75,0.0,,,0.5609999999999928,6.200000000000001,1,9,8
31,OCO,14.0,14,0.0,Lapped,70.0,2023,9,,65.729,65.453,,Alpine,Austrian Grand Prix,14.0,20.0,65.453,1.0619999999999976,6.333333333333333,8.6,9.4,12.5,0.25,29.0,,,0.28300000000000125,-1.5999999999999996,1,9,7
77,BOT,15.0,15,0.0,Lapped,70.0,2023,9,,65.763,65.68,,Alfa Romeo,Austrian Grand Prix,15.0,20.0,65.68,1.2890000000000015,13.333333333333334,14.2,14.5,6.5,0.5,5.0,,,-0.13799999999999102,-0.6000000000000014,1,9,6
81,PIA,16.0,16,0.0,Lapped,70.0,2023,9,,65.683,65.605,,McLaren,Austrian Grand Prix,16.0,20.0,65.605,1.2139999999999986,11.333333333333334,12.8,12.9,,0.5,5.0,,,0.9470000000000027,-0.1999999999999993,1,9,5
21,DEV,17.0,17,0.0,Lapped,70.0,2023,9,,65.974,,,AlphaTauri,Austrian Grand Prix,17.0,20.0,65.974,1.5829999999999984,14.666666666666666,16.4,14.4,,0.75,0.0,,,0.18999999999999773,3.9999999999999982,1,9,4
20,MAG,18.0,18,0.0,Lapped,70.0,2023,9,,65.971,,,Haas F1 Team,Austrian Grand Prix,18.0,20.0,65.971,1.5799999999999983,18.0,15.4,15.6,8.0,0.625,2.0,,,0.8810000000000002,-0.40000000000000036,1,9,3
22,TSU,19.0,19,0.0,Lapped,70.0,2023,9,,65.784,,,AlphaTauri,Austrian Grand Prix,19.0,20.0,65.784,1.3930000000000007,13.666666666666666,12.4,14.4,14.0,0.125,2.0,,,-0.18999999999999773,-3.9999999999999982,1,9,2
27,HUL,20.0,R,0.0,Retired,12.0,2023,9,,65.74,65.362,65.09,Haas F1 Team,Austrian Grand Prix,20.0,20.0,65.09,0.6989999999999981,15.666666666666666,15.8,15.6,,0.625,6.0,,,-0.8810000000000002,0.40000000000000036,1,9,1
1,VER,1.0,1,26.0,Finished,52.0,2023,10,,89.428,87.702,86.72,Red Bull Racing,British Grand Prix,1.0,20.0,86.72,0.0,1.0,1.0,3.6,13.5,0.0,215.0,93.93766666666666,0.4898666666666571,-3.2480000000000047,-5.2,1,10,20
4,NOR,2.0,2,18.0,Finished,52.0,2023,10,,88.917,88.042,86.961,McLaren,British Grand Prix,2.0,20.0,86.961,0.24099999999999966,11.333333333333334,12.0,12.9,5.0,0.3333333333333333,24.0,96.96244444444444,3.5146444444444427,-0.13100000000000023,-1.8000000000000007,1,10,19
44,HAM,3.0,3,15.0,Finished,52.0,2023,10,,89.415,88.545,87.211,Mercedes,British Grand Prix,3.0,20.0,87.211,0.49099999999999966,4.333333333333333,4.6,6.2,2.0,0.0,104.0,99.4739,6.0261,0.055999999999997385,-3.2,1,10,18
81,PIA,4.0,4,12.0,Finished,52.0,2023,10,,89.874,87.845,87.092,McLaren,British Grand Prix,4.0,20.0,87.092,0.3719999999999999,13.333333333333334,13.8,12.9,,0.5555555555555556,5.0,94.74477777777776,1.2969777777777551,0.13100000000000023,1.8000000000000007,1,10,17
63,RUS,5.0,5,10.0,Finished,52.0,2023,10,,89.412,88.782,87.155,Mercedes,British Grand Prix,5.0,20.0,87.155,0.4350000000000023,10.0,7.8,6.2,16.0,0.2222222222222222,66.0,104.808,11.360200000000006,-0.055999999999997385,3.2,1,10,16
11,PER,6.0,6,8.0,Finished,52.0,2023,10,,89.968,,,Red Bull Racing,British Grand Prix,6.0,20.0,89.968,3.2480000000000047,4.333333333333333,6.2,3.6,9.0,0.1111111111111111,133.0,93.4478,0.0,3.2480000000000047,5.2,1,10,15
14,ALO,7.0,7,6.0,Finished,52.0,2023,10,,89.949,88.368,87.659,Aston Martin,British Grand Prix,7.0,20.0,87.659,0.9390000000000072,4.666666666666667,3.8,7.5,6.0,0.0,124.0,98.2696,4.821799999999996,-1.2759999999999962,-7.3999999999999995,1,10,14
23,ALB,8.0,8,4.0,Finished,52.0,2023,10,,89.466,88.067,87.53,Williams,British Grand Prix,8.0,20.0,87.53,0.8100000000000023,11.333333333333334,12.4,15.3,20.0,0.4444444444444444,7.0,97.00315384615384,3.555353846153835,-1.5010000000000048,-5.799999999999999,1,10,13
16,LEC,9.0,9,2.0,Finished,52.0,2023,10,,89.143,88.361,87.136,Ferrari,British Grand Prix,9.0,20.0,87.136,0.4159999999999968,5.666666666666667,6.0,5.9,3.0,0.2222222222222222,65.0,,,-0.012000000000000455,0.20000000000000018,1,10,12
55,SAI,10.0,10,1.0,Finished,52.0,2023,10,,89.865,88.265,87.148,Ferrari,British Grand Prix,10.0,20.0,87.148,0.42799999999999727,5.333333333333333,5.8,5.9,3.5,0.0,72.0,94.621875,1.174075000000002,0.012000000000000455,-0.20000000000000018,1,10,11
2,SAR,11.0,11,0.0,Finished,52.0,2023,10,,89.873,89.031,,Williams,British Grand Prix,11.0,20.0,89.031,2.311000000000007,17.666666666666668,18.2,15.3,,0.7777777777777778,0.0,98.76223076923078,5.314430769230782,1.5010000000000048,5.799999999999999,1,10,10
77,BOT,12.0,12,0.0,Finished,52.0,2023,10,,89.798,,,Alfa Romeo,British Grand Prix,12.0,20.0,89.798,3.078000000000003,14.666666666666666,13.6,13.4,11.5,0.5555555555555556,5.0,100.15342857142856,6.705628571428562,-0.32500000000000284,0.40000000000000036,1,10,9
27,HUL,13.0,13,0.0,Finished,52.0,2023,10,,89.603,88.896,,Haas F1 Team,British Grand Prix,13.0,20.0,88.896,2.176000000000002,16.666666666666668,16.4,16.4,,0.6666666666666666,6.0,96.72,3.272199999999998,-3.4819999999999993,0.0,1,10,8
18,STR,14.0,14,0.0,Finished,52.0,2023,10,,89.448,88.935,,Aston Martin,British Grand Prix,14.0,20.0,88.935,2.2150000000000034,8.0,11.2,7.5,9.5,0.2222222222222222,38.0,94.57728571428572,1.129485714285721,1.2759999999999962,7.3999999999999995,1,10,7
24,ZHO,15.0,15,0.0,Finished,52.0,2023,10,,90.123,,,Alfa Romeo,British Grand Prix,15.0,20.0,90.123,3.403000000000006,12.333333333333334,13.2,13.4,20.0,0.5555555555555556,4.0,101.742125,8.294325,0.32500000000000284,-0.40000000000000036,1,10,6
22,TSU,16.0,16,0.0,Finished,52.0,2023,10,,90.025,,,AlphaTauri,British Grand Prix,16.0,20.0,90.025,3.305000000000007,15.0,14.2,15.0,12.0,0.2222222222222222,2.0,94.6775,1.229699999999994,-0.48799999999999955,-1.6000000000000014,1,10,5
21,DEV,17.0,17,0.0,Finished,52.0,2023,10,,90.513,,,AlphaTauri,British Grand Prix,17.0,20.0,90.513,3.7930000000000064,16.333333333333332,15.8,15.0,,0.7777777777777778,0.0,94.61028571428572,1.1624857142857223,0.48799999999999955,1.6000000000000014,1,10,4
10,GAS,18.0,18,0.0,Retired,46.0,2023,10,,89.533,88.751,87.689,Alpine,British Grand Prix,18.0,20.0,87.689,0.9689999999999941,10.666666666666666,9.4,8.9,15.5,0.1111111111111111,16.0,97.65845454545456,4.21065454545456,-1.2670000000000101,1.0,1,10,3
20,MAG,19.0,R,0.0,Retired,31.0,2023,10,,92.378,,,Haas F1 Team,British Grand Prix,20.0,20.0,92.378,5.658000000000001,17.666666666666668,16.4,16.4,10.0,0.6666666666666666,2.0,103.5388,10.090999999999994,3.4819999999999993,0.0,1,10,1
31,OCO,20.0,R,0.0,Retired,9.0,2023,10,,89.7,88.956,,Alpine,British Grand Prix,20.0,20.0,88.956,2.236000000000004,10.0,8.4,8.9,14.5,0.3333333333333333,29.0,95.62314285714284,2.1753428571428373,1.2670000000000101,-1.0,1,10,1
1,VER,1.0,1,26.0,Finished,70.0,2023,11,,78.318,77.547,76.612,Red Bull Racing,Hungarian Grand Prix,1.0,20.0,76.612,0.0030000000000001137,1.0,1.0,4.0,5.0,0.0,241.0,84.0686,0.7001714285714229,-0.43300000000000693,-6.0,1,11,20
4,NOR,2.0,2,18.0,Finished,70.0,2023,11,,78.697,77.328,76.694,McLaren,Hungarian Grand Prix,2.0,20.0,76.694,0.08500000000000796,6.333333333333333,9.0,9.9,13.5,0.3,42.0,88.1331875,4.764758928571425,-0.21099999999999852,-1.8000000000000007,1,11,19
11,PER,3.0,3,15.0,Finished,70.0,2023,11,,78.36,77.675,77.045,Red Bull Racing,Hungarian Grand Prix,3.0,20.0,77.045,0.43600000000000705,5.0,7.0,4.0,12.5,0.1,141.0,,,0.43300000000000693,6.0,1,11,18
44,HAM,4.0,4,12.0,Finished,70.0,2023,11,,78.577,77.427,76.609,Mercedes,Hungarian Grand Prix,4.0,20.0,76.609,0.0,4.666666666666667,4.0,6.0,2.0,0.0,119.0,84.41546153846154,1.047032967032962,-2.4180000000000064,-4.0,1,11,17
81,PIA,5.0,5,10.0,Finished,70.0,2023,11,,78.464,77.571,76.905,McLaren,Hungarian Grand Prix,5.0,20.0,76.905,0.2960000000000065,10.333333333333334,10.8,9.9,,0.5,17.0,87.2815,3.9130714285714134,0.21099999999999852,1.8000000000000007,1,11,16
63,RUS,6.0,6,8.0,Finished,70.0,2023,11,,79.027,,,Mercedes,Hungarian Grand Prix,6.0,20.0,79.027,2.4180000000000064,10.666666666666666,8.0,6.0,5.5,0.2,76.0,84.82516666666666,1.4567380952380802,2.4180000000000064,4.0,1,11,15
16,LEC,7.0,7,6.0,Finished,70.0,2023,11,,78.44,77.58,76.992,Ferrari,Hungarian Grand Prix,7.0,20.0,76.992,0.3830000000000098,5.0,6.4,6.6,13.0,0.2,67.0,86.83033333333333,3.461904761904748,-0.7109999999999985,-0.39999999999999947,1,11,14
55,SAI,8.0,8,4.0,Finished,70.0,2023,11,,78.393,77.703,,Ferrari,Hungarian Grand Prix,8.0,20.0,77.703,1.0940000000000083,7.0,6.8,6.6,3.5,0.0,73.0,92.6435,9.275071428571422,0.7109999999999985,0.39999999999999947,1,11,13
14,ALO,9.0,9,2.0,Finished,70.0,2023,11,,78.58,77.701,77.035,Aston Martin,Hungarian Grand Prix,9.0,20.0,77.035,0.42600000000000193,4.666666666666667,4.6,8.1,6.0,0.0,130.0,83.98281818181819,0.6143896103896083,-1.1090000000000089,-7.0,1,11,12
18,STR,10.0,10,1.0,Lapped,69.0,2023,11,,78.782,78.144,,Aston Martin,Hungarian Grand Prix,10.0,20.0,78.144,1.5350000000000108,10.666666666666666,11.6,8.1,15.5,0.2,38.0,83.97141666666666,0.6029880952380751,1.1090000000000089,7.0,1,11,11
23,ALB,11.0,11,0.0,Lapped,69.0,2023,11,,78.917,,,Williams,Hungarian Grand Prix,11.0,20.0,78.917,2.308000000000007,8.666666666666666,11.2,13.8,17.0,0.4,11.0,85.42235714285714,2.053928571428557,-0.33100000000000307,-5.199999999999999,1,11,10
77,BOT,12.0,12,0.0,Lapped,69.0,2023,11,,78.775,77.563,77.034,Alfa Romeo,Hungarian Grand Prix,12.0,20.0,77.034,0.42500000000001137,12.333333333333334,13.4,13.2,20.0,0.5,5.0,83.36842857142858,0.0,0.06300000000000239,0.40000000000000036,1,11,9
3,RIC,13.0,13,0.0,Lapped,69.0,2023,11,,78.906,78.002,,AlphaTauri,Hungarian Grand Prix,13.0,20.0,78.002,1.3930000000000007,12.0,12.6,15.4,13.0,0.13636363636363635,34.0,84.22283333333333,0.8544047619047461,-0.9170000000000016,-2.5999999999999996,1,11,8
27,HUL,14.0,14,0.0,Lapped,69.0,2023,11,,78.695,77.652,77.186,Haas F1 Team,Hungarian Grand Prix,14.0,20.0,77.186,0.5770000000000124,16.0,16.0,17.2,,0.6,6.0,88.8568125,5.488383928571423,-2.019999999999996,-2.3999999999999986,1,11,7
22,TSU,15.0,15,0.0,Lapped,69.0,2023,11,,78.919,,,AlphaTauri,Hungarian Grand Prix,15.0,20.0,78.919,2.3100000000000023,16.333333333333332,15.2,15.4,12.5,0.2,2.0,84.15215384615384,0.7837252747252563,0.9170000000000016,2.5999999999999996,1,11,6
24,ZHO,16.0,16,0.0,Lapped,69.0,2023,11,,78.143,77.7,76.971,Alfa Romeo,Hungarian Grand Prix,16.0,20.0,76.971,0.362000000000009,14.333333333333334,13.0,13.2,13.0,0.5,4.0,83.48037500000001,0.11194642857142867,-0.06300000000000239,-0.40000000000000036,1,11,5
20,MAG,17.0,17,0.0,Lapped,69.0,2023,11,,79.206,,,Haas F1 Team,Hungarian Grand Prix,17.0,20.0,79.206,2.5970000000000084,18.333333333333332,18.4,17.2,16.0,0.7,2.0,84.67077777777779,1.3023492063492057,2.019999999999996,2.3999999999999986,1,11,4
2,SAR,18.0,18,0.0,Retired,67.0,2023,11,,79.248,,,Williams,Hungarian Grand Prix,18.0,20.0,79.248,2.63900000000001,14.666666666666666,16.4,13.8,,0.7,0.0,87.13280000000002,3.7643714285714367,0.33100000000000307,5.199999999999999,1,11,3
10,GAS,20.0,R,0.0,Retired,1.0,2023,11,,78.743,78.217,,Alpine,Hungarian Grand Prix,20.0,20.0,78.217,1.608000000000004,13.333333333333334,11.4,11.0,8.5,0.2,16.0,84.42954545454546,1.0611168831168811,0.3760000000000048,0.8000000000000007,1,11,1
31,OCO,19.0,R,0.0,Retired,2.0,2023,11,,78.854,77.841,,Alpine,Hungarian Grand Prix,20.0,20.0,77.841,1.2319999999999993,14.0,10.6,11.0,5.0,0.4,29.0,87.149,3.7805714285714203,-0.3760000000000048,-0.8000000000000007,1,11,1
1,VER,1.0,1,25.0,Finished,44.0,2023,12,,118.515,112.784,106.168,Red Bull Racing,Belgian Grand Prix,1.0,20.0,106.168,0.0,1.0,1.0,2.7,1.0,0.0,267.0,,,-0.8769999999999953,-3.4000000000000004,1,12,20
11,PER,2.0,2,18.0,Finished,44.0,2023,12,,118.899,112.353,107.045,Red Bull Racing,Belgian Grand Prix,2.0,20.0,107.045,0.8769999999999953,4.0,4.4,2.7,10.5,0.09090909090909091,156.0,,,0.8769999999999953,3.4000000000000004,1,12,19
16,LEC,3.0,3,15.0,Finished,44.0,2023,12,,118.3,112.017,106.988,Ferrari,Belgian Grand Prix,3.0,20.0,106.988,0.8199999999999932,6.0,6.6,6.7,7.0,0.18181818181818182,73.0,,,-0.16400000000000148,-0.20000000000000018,1,12,18
44,HAM,4.0,4,13.0,Finished,44.0,2023,12,,118.563,112.345,107.087,Mercedes,Belgian Grand Prix,4.0,20.0,107.087,0.9189999999999969,5.0,4.0,6.1,11.5,0.0,131.0,,,-0.7180000000000035,-4.199999999999999,1,12,17
14,ALO,5.0,5,10.0,Finished,44.0,2023,12,,118.834,112.751,107.843,Aston Martin,Belgian Grand Prix,5.0,20.0,107.843,1.6749999999999972,7.0,6.0,7.8,8.0,0.0,132.0,,,-0.9979999999999905,-3.5999999999999996,1,12,16
63,RUS,6.0,6,8.0,Finished,44.0,2023,12,,119.035,112.605,107.805,Mercedes,Belgian Grand Prix,6.0,20.0,107.805,1.6370000000000005,6.0,8.2,6.1,3.0,0.18181818181818182,84.0,,,0.7180000000000035,4.199999999999999,1,12,15
4,NOR,7.0,7,6.0,Finished,44.0,2023,12,,119.981,112.252,107.669,McLaren,Belgian Grand Prix,7.0,20.0,107.669,1.5009999999999906,2.6666666666666665,7.6,8.7,13.0,0.2727272727272727,60.0,,,0.30400000000000205,-2.200000000000001,1,12,14
31,OCO,8.0,8,4.0,Finished,44.0,2023,12,,119.634,116.372,,Alpine,Belgian Grand Prix,8.0,20.0,116.372,10.203999999999994,18.0,14.0,14.0,7.0,0.45454545454545453,29.0,,,2.7009999999999934,0.0,1,12,13
18,STR,9.0,9,2.0,Finished,44.0,2023,12,,119.663,112.193,108.841,Aston Martin,Belgian Grand Prix,9.0,20.0,108.841,2.6729999999999876,11.0,9.6,7.8,15.5,0.2727272727272727,39.0,,,0.9979999999999905,3.5999999999999996,1,12,12
22,TSU,10.0,10,1.0,Finished,44.0,2023,12,,119.044,113.148,,AlphaTauri,Belgian Grand Prix,10.0,20.0,113.148,6.97999999999999,16.666666666666668,15.2,15.5,14.0,0.2727272727272727,2.0,,,-9.01100000000001,2.1999999999999993,1,12,11
10,GAS,11.0,11,0.0,Finished,44.0,2023,12,,119.511,113.671,,Alpine,Belgian Grand Prix,11.0,20.0,113.671,7.503,16.0,14.0,14.0,7.5,0.2727272727272727,16.0,,,-2.7009999999999934,0.0,1,12,10
77,BOT,12.0,12,0.0,Finished,44.0,2023,12,,119.484,114.694,,Alfa Romeo,Belgian Grand Prix,12.0,20.0,114.694,8.525999999999996,13.0,13.6,13.6,16.0,0.5454545454545454,5.0,,,-6.137999999999991,0.0,1,12,9
24,ZHO,13.0,13,0.0,Finished,44.0,2023,12,,120.832,,,Alfa Romeo,Belgian Grand Prix,13.0,20.0,120.832,14.663999999999987,14.333333333333334,13.6,13.6,14.0,0.5454545454545454,4.0,,,6.137999999999991,0.0,1,12,8
23,ALB,14.0,14,0.0,Finished,44.0,2023,12,,120.314,,,Williams,Belgian Grand Prix,14.0,20.0,120.314,14.145999999999987,10.0,10.6,13.5,10.0,0.45454545454545453,11.0,,,-1.2210000000000036,-5.799999999999999,1,12,7
20,MAG,15.0,15,0.0,Finished,44.0,2023,12,,120.02,114.16,,Haas F1 Team,Belgian Grand Prix,15.0,20.0,114.16,7.99199999999999,18.333333333333332,18.0,16.7,16.0,0.7272727272727273,2.0,,,-9.006,2.5999999999999996,1,12,6
3,RIC,16.0,16,0.0,Finished,44.0,2023,12,,122.159,,,AlphaTauri,Belgian Grand Prix,16.0,20.0,122.159,15.991,14.0,13.0,15.5,9.5,1.0,0.0,,,9.01100000000001,-2.1999999999999993,1,12,5
2,SAR,17.0,17,0.0,Finished,44.0,2023,12,,121.535,,,Williams,Belgian Grand Prix,17.0,20.0,121.535,15.36699999999999,14.0,16.4,13.5,,0.7272727272727273,0.0,,,1.2210000000000036,5.799999999999999,1,12,4
27,HUL,18.0,18,0.0,Finished,44.0,2023,12,,123.166,,,Haas F1 Team,Belgian Grand Prix,18.0,20.0,123.166,16.99799999999999,15.666666666666666,15.4,16.7,,0.6363636363636364,6.0,,,9.006,-2.5999999999999996,1,12,3
81,PIA,20.0,R,0.0,Retired,0.0,2023,12,,118.872,111.534,107.365,McLaren,Belgian Grand Prix,20.0,20.0,107.365,1.1969999999999885,8.333333333333334,9.8,8.7,,0.45454545454545453,27.0,,,-0.30400000000000205,2.200000000000001,1,12,1
55,SAI,19.0,R,0.0,Retired,23.0,2023,12,,118.688,111.711,107.152,Ferrari,Belgian Grand Prix,20.0,20.0,107.152,0.9839999999999947,8.0,6.8,6.7,6.5,0.0,77.0,,,0.16400000000000148,0.20000000000000018,1,12,1
1,VER,1.0,1,25.0,Finished,72.0,2023,13,,80.965,78.856,70.567,Red Bull Racing,Dutch Grand Prix,1.0,20.0,70.567,0.0,1.0,1.0,2.5,1.0,0.0,292.0,83.04674999999999,6.596549999999965,-1.3130000000000024,-3.0,1,13,20
14,ALO,2.0,2,19.0,Finished,72.0,2023,13,,81.84,79.429,71.506,Aston Martin,Dutch Grand Prix,2.0,20.0,71.506,0.9390000000000072,7.0,5.6,7.9,6.0,0.0,142.0,76.742125,0.2919249999999778,-8.614999999999995,-4.6,1,13,19
10,GAS,3.0,3,15.0,Finished,72.0,2023,13,,81.735,80.128,,Alpine,Dutch Grand Prix,3.0,20.0,80.128,9.561000000000007,16.333333333333332,14.2,14.1,7.5,0.25,16.0,80.8178,4.367599999999982,-1.9819999999999993,0.1999999999999993,1,13,18
11,PER,4.0,4,12.0,Finished,72.0,2023,13,,81.972,79.856,71.88,Red Bull Racing,Dutch Grand Prix,4.0,20.0,71.88,1.3130000000000024,3.6666666666666665,4.0,2.5,6.5,0.08333333333333333,174.0,82.13484615384615,5.684646153846131,1.3130000000000024,3.0,1,13,17
55,SAI,5.0,5,10.0,Finished,72.0,2023,13,,81.321,79.929,71.754,Ferrari,Dutch Grand Prix,5.0,20.0,71.754,1.1870000000000118,12.666666666666666,9.8,7.4,7.5,0.08333333333333333,77.0,82.6320909090909,6.181890909090882,-0.9110000000000014,4.800000000000001,1,13,16
44,HAM,6.0,6,8.0,Finished,72.0,2023,13,,81.919,80.151,,Mercedes,Dutch Grand Prix,6.0,20.0,80.151,9.584000000000003,3.6666666666666665,4.4,6.6,3.0,0.0,144.0,77.1035,0.6532999999999731,8.857,-4.4,1,13,15
4,NOR,7.0,7,6.0,Finished,72.0,2023,13,,81.276,79.769,71.104,McLaren,Dutch Grand Prix,7.0,20.0,71.104,0.5370000000000061,3.6666666666666665,5.6,8.4,8.5,0.25,66.0,76.56675000000001,0.1165499999999895,-0.8340000000000032,-5.6,1,13,14
23,ALB,8.0,8,4.0,Finished,72.0,2023,13,,80.939,79.399,71.419,Williams,Dutch Grand Prix,8.0,20.0,71.419,0.8520000000000039,11.0,10.2,13.0,12.0,0.4166666666666667,11.0,77.11169230769231,0.661492307692285,-5.329000000000008,-5.600000000000001,1,13,13
81,PIA,9.0,9,2.0,Finished,72.0,2023,13,,81.231,79.392,71.938,McLaren,Dutch Grand Prix,9.0,20.0,71.938,1.3710000000000093,9.666666666666666,11.2,8.4,,0.5,27.0,,,0.8340000000000032,5.6,1,13,12
31,OCO,10.0,10,1.0,Finished,72.0,2023,13,,82.11,,,Alpine,Dutch Grand Prix,10.0,20.0,82.11,11.543000000000006,16.0,14.0,14.1,9.0,0.4166666666666667,33.0,81.01453333333333,4.564333333333309,1.9819999999999993,-0.1999999999999993,1,13,11
18,STR,11.0,11,0.0,Finished,72.0,2023,13,,81.57,80.121,,Aston Martin,Dutch Grand Prix,11.0,20.0,80.121,9.554000000000002,11.0,10.2,7.9,11.0,0.25,41.0,77.411125,0.9609249999999747,8.614999999999995,4.6,1,13,10
27,HUL,12.0,12,0.0,Finished,72.0,2023,13,,81.891,80.25,,Haas F1 Team,Dutch Grand Prix,12.0,20.0,80.25,9.683000000000007,15.0,16.0,16.7,,0.5833333333333334,6.0,81.02333333333333,4.573133333333303,-1.941999999999993,-1.3999999999999986,1,13,9
40,LAW,13.0,13,0.0,Finished,72.0,2023,13,,83.42,,,AlphaTauri,Dutch Grand Prix,13.0,20.0,83.42,12.853000000000009,,,15.5,,0.0,0.0,,,3.1899999999999977,,1,13,8
77,BOT,14.0,14,0.0,Finished,72.0,2023,13,,82.26,,,Alfa Romeo,Dutch Grand Prix,14.0,20.0,82.26,11.693000000000012,12.0,12.2,13.3,11.5,0.5,5.0,78.16772727272726,1.7175272727272386,0.19300000000001205,-2.200000000000001,1,13,7
22,TSU,15.0,15,0.0,Finished,72.0,2023,13,,81.781,80.23,,AlphaTauri,Dutch Grand Prix,15.0,20.0,80.23,9.663000000000011,13.666666666666666,14.8,15.5,20.0,0.25,3.0,81.99493333333334,5.544733333333312,-3.1899999999999977,,1,13,6
20,MAG,16.0,16,0.0,Finished,72.0,2023,13,,82.192,,,Haas F1 Team,Dutch Grand Prix,16.0,20.0,82.192,11.625,17.333333333333332,17.4,16.7,15.0,0.6666666666666666,2.0,81.11528571428572,4.665085714285695,1.941999999999993,1.3999999999999986,1,13,5
63,RUS,17.0,17,0.0,Finished,72.0,2023,13,,81.345,79.62,71.294,Mercedes,Dutch Grand Prix,17.0,20.0,71.294,0.7270000000000039,5.666666666666667,8.8,6.6,9.5,0.16666666666666666,92.0,76.9595,0.5092999999999819,-8.857,4.4,1,13,4
16,LEC,19.0,R,0.0,Undertray,41.0,2023,13,,82.019,79.6,72.665,Ferrari,Dutch Grand Prix,20.0,20.0,72.665,2.098000000000013,6.333333333333333,5.0,7.4,4.0,0.16666666666666666,88.0,78.07,1.6197999999999695,0.9110000000000014,-4.800000000000001,1,13,1
2,SAR,20.0,R,0.0,Accident,14.0,2023,13,,82.036,80.067,76.748,Williams,Dutch Grand Prix,20.0,20.0,76.748,6.181000000000012,15.333333333333334,15.8,13.0,,0.6666666666666666,0.0,76.45020000000002,0.0,5.329000000000008,5.600000000000001,1,13,1
24,ZHO,18.0,R,0.0,Accident,62.0,2023,13,,82.067,,,Alfa Romeo,Dutch Grand Prix,20.0,20.0,82.067,11.5,14.666666666666666,14.4,13.3,16.0,0.5,4.0,83.72970000000001,7.2794999999999845,-0.19300000000001205,2.200000000000001,1,13,1
1,VER,1.0,1,25.0,Finished,51.0,2023,14,,81.573,80.937,80.307,Red Bull Racing,Italian Grand Prix,1.0,20.0,80.307,0.01300000000000523,1.0,1.0,2.3,10.5,0.0,317.0,,,-0.3810000000000002,-2.6,1,14,20
11,PER,2.0,2,18.0,Finished,51.0,2023,14,,81.911,81.24,80.688,Red Bull Racing,Italian Grand Prix,2.0,20.0,80.688,0.39400000000000546,3.0,3.6,2.3,5.5,0.07692307692307693,186.0,,,0.3810000000000002,2.6,1,14,19
55,SAI,3.0,3,15.0,Finished,51.0,2023,14,,81.965,80.991,80.294,Ferrari,Italian Grand Prix,3.0,20.0,80.294,0.0,11.0,9.8,9.0,5.0,0.07692307692307693,87.0,,,-0.06700000000000728,1.6000000000000014,1,14,18
16,LEC,4.0,4,12.0,Finished,51.0,2023,14,,81.788,80.977,80.361,Ferrari,Italian Grand Prix,4.0,20.0,80.361,0.06700000000000728,10.0,8.2,9.0,3.0,0.23076923076923078,88.0,104.23266666666666,17.528666666666652,0.06700000000000728,-1.6000000000000014,1,14,17
63,RUS,5.0,5,10.0,Finished,51.0,2023,14,,82.148,81.382,80.671,Mercedes,Italian Grand Prix,5.0,20.0,80.671,0.37700000000000955,9.666666666666666,8.2,6.6,6.0,0.15384615384615385,92.0,113.4846,26.780599999999993,-0.1489999999999867,3.1999999999999993,1,14,16
44,HAM,6.0,6,8.0,Finished,51.0,2023,14,,81.977,81.369,80.82,Mercedes,Italian Grand Prix,6.0,20.0,80.82,0.5259999999999962,4.666666666666667,5.0,6.6,12.5,0.0,152.0,86.7406,0.03659999999999286,0.1489999999999867,-3.1999999999999993,1,14,15
23,ALB,7.0,7,6.0,Finished,51.0,2023,14,,81.661,81.272,80.76,Williams,Italian Grand Prix,7.0,20.0,80.76,0.4660000000000082,11.0,10.4,13.1,,0.38461538461538464,15.0,,,-1.1700000000000017,-5.4,1,14,14
4,NOR,8.0,8,4.0,Finished,51.0,2023,14,,81.995,81.581,80.979,McLaren,Italian Grand Prix,8.0,20.0,80.979,0.6850000000000023,5.333333333333333,4.4,7.6,4.5,0.23076923076923078,72.0,,,0.19400000000000261,-6.4,1,14,13
14,ALO,9.0,9,2.0,Finished,51.0,2023,14,,82.043,81.543,81.417,Aston Martin,Italian Grand Prix,9.0,20.0,81.417,1.1230000000000047,5.333333333333333,5.6,8.1,14.0,0.0,161.0,,,-1.4429999999999978,-5.0,1,14,12
77,BOT,10.0,10,1.0,Finished,51.0,2023,14,,82.249,81.94,,Alfa Romeo,Italian Grand Prix,10.0,20.0,81.94,1.6460000000000008,12.666666666666666,13.0,14.1,8.0,0.46153846153846156,5.0,,,-0.45000000000000284,-2.1999999999999993,1,14,11
40,LAW,11.0,11,0.0,Finished,51.0,2023,14,,82.112,81.758,,AlphaTauri,Italian Grand Prix,11.0,20.0,81.758,1.4639999999999986,13.0,13.0,15.1,,0.0,0.0,113.944,27.239999999999995,0.16400000000000148,-2.0,1,14,10
81,PIA,12.0,12,0.0,Finished,51.0,2023,14,,82.106,81.527,80.785,McLaren,Italian Grand Prix,12.0,20.0,80.785,0.49099999999999966,11.333333333333334,10.8,7.6,,0.46153846153846156,29.0,105.956,19.251999999999995,-0.19400000000000261,6.4,1,14,9
2,SAR,13.0,13,0.0,Finished,51.0,2023,14,,81.93,81.944,,Williams,Italian Grand Prix,13.0,20.0,81.93,1.63600000000001,18.333333333333332,15.8,13.1,,0.6923076923076923,0.0,86.70400000000001,0.0,1.1700000000000017,5.4,1,14,8
24,ZHO,14.0,14,0.0,Finished,51.0,2023,14,,82.39,,,Alfa Romeo,Italian Grand Prix,14.0,20.0,82.39,2.0960000000000036,16.333333333333332,15.2,14.1,10.0,0.5384615384615384,4.0,,,0.45000000000000284,2.1999999999999993,1,14,7
10,GAS,15.0,15,0.0,Finished,51.0,2023,14,,82.545,,,Alpine,Italian Grand Prix,15.0,20.0,82.545,2.2510000000000048,11.333333333333334,12.4,13.4,14.0,0.23076923076923078,31.0,107.767,21.062999999999988,-0.0030000000000001137,-2.0,1,14,6
18,STR,16.0,16,0.0,Finished,51.0,2023,14,,82.86,,,Aston Martin,Italian Grand Prix,16.0,20.0,82.86,2.5660000000000025,10.0,10.6,8.1,13.5,0.23076923076923078,41.0,,,1.4429999999999978,5.0,1,14,5
27,HUL,17.0,17,0.0,Lapped,50.0,2023,14,,82.343,81.776,,Haas F1 Team,Italian Grand Prix,17.0,20.0,81.776,1.4819999999999993,14.666666666666666,15.4,16.3,,0.5384615384615384,6.0,,,-0.8160000000000025,-1.799999999999999,1,14,4
20,MAG,18.0,18,0.0,Lapped,50.0,2023,14,,82.592,,,Haas F1 Team,Italian Grand Prix,18.0,20.0,82.592,2.298000000000002,16.0,17.2,16.3,16.0,0.6153846153846154,2.0,,,0.8160000000000025,1.799999999999999,1,14,3
31,OCO,19.0,R,0.0,Retired,39.0,2023,14,,82.548,,,Alpine,Italian Grand Prix,20.0,20.0,82.548,2.254000000000005,12.666666666666666,14.4,13.4,10.5,0.38461538461538464,34.0,116.45166666666668,29.747666666666674,0.0030000000000001137,2.0,1,14,1
22,TSU,20.0,W,0.0,Did not start,0.0,2023,14,,81.852,81.594,,AlphaTauri,Italian Grand Prix,20.0,20.0,81.594,1.2999999999999972,13.333333333333334,15.0,15.1,17.0,0.23076923076923078,3.0,,,-0.16400000000000148,2.0,1,14,1
55,SAI,1.0,1,25.0,Finished,62.0,2023,15,,92.339,91.439,90.984,Ferrari,Singapore Grand Prix,1.0,20.0,90.984,0.0,9.333333333333334,9.2,8.9,3.0,0.07142857142857142,102.0,102.1588,7.175799999999995,-0.07900000000000773,0.5999999999999996,1,15,20
4,NOR,2.0,2,18.0,Finished,62.0,2023,15,,92.483,91.951,91.27,McLaren,Singapore Grand Prix,2.0,20.0,91.27,0.28600000000000136,7.333333333333333,5.2,7.6,4.0,0.21428571428571427,76.0,98.19725,3.2142499999999927,-1.632000000000005,-4.8,1,15,19
44,HAM,3.0,3,16.0,Finished,62.0,2023,15,,92.651,92.019,91.485,Mercedes,Singapore Grand Prix,3.0,20.0,91.485,0.5010000000000048,5.333333333333333,4.6,6.2,9.0,0.0,160.0,103.21966666666668,8.236666666666679,0.42900000000000205,-3.2,1,15,18
16,LEC,4.0,4,12.0,Finished,62.0,2023,15,,92.406,92.012,91.063,Ferrari,Singapore Grand Prix,4.0,20.0,91.063,0.07900000000000773,9.0,8.6,8.9,2.0,0.21428571428571427,100.0,103.46233333333332,8.479333333333315,0.07900000000000773,-0.5999999999999996,1,15,17
1,VER,5.0,5,10.0,Finished,62.0,2023,15,,92.398,92.173,,Red Bull Racing,Singapore Grand Prix,5.0,20.0,92.173,1.1890000000000072,1.0,1.0,2.2,7.0,0.0,342.0,99.19857142857144,4.215571428571437,0.07399999999999807,-2.4,1,15,16
10,GAS,6.0,6,8.0,Finished,62.0,2023,15,,92.452,92.274,,Alpine,Singapore Grand Prix,6.0,20.0,92.274,1.2900000000000063,9.666666666666666,13.4,14.5,10.0,0.21428571428571427,31.0,94.983,0.0,0.6009999999999991,-2.1999999999999993,1,15,15
81,PIA,7.0,7,6.0,Finished,62.0,2023,15,,92.902,,,McLaren,Singapore Grand Prix,7.0,20.0,92.902,1.9180000000000064,13.666666666666666,10.0,7.6,,0.42857142857142855,29.0,102.51099999999998,7.527999999999977,1.632000000000005,4.8,1,15,14
11,PER,8.0,8,4.0,Finished,62.0,2023,15,,92.099,92.31,,Red Bull Racing,Singapore Grand Prix,8.0,20.0,92.099,1.115000000000009,2.6666666666666665,3.4,2.2,1.0,0.07142857142857142,204.0,98.2545,3.271499999999989,-0.07399999999999807,2.4,1,15,13
40,LAW,9.0,9,2.0,Finished,62.0,2023,15,,92.215,92.166,92.268,AlphaTauri,Singapore Grand Prix,9.0,20.0,92.166,1.1820000000000022,12.0,12.0,14.6,,0.0,0.0,103.9763,8.99329999999999,0.17499999999999716,-3.1999999999999993,1,15,12
20,MAG,10.0,10,1.0,Finished,62.0,2023,15,,92.242,91.892,91.575,Haas F1 Team,Singapore Grand Prix,10.0,20.0,91.575,0.5910000000000082,16.333333333333332,17.2,16.0,12.0,0.6428571428571429,2.0,101.90422222222224,6.921222222222241,-0.2330000000000041,2.3999999999999986,1,15,11
23,ALB,11.0,11,0.0,Finished,62.0,2023,15,,92.668,93.719,,Williams,Singapore Grand Prix,11.0,20.0,92.668,1.6840000000000117,9.666666666666666,9.6,12.7,20.0,0.35714285714285715,21.0,,,-0.583999999999989,-6.200000000000001,1,15,10
24,ZHO,12.0,12,0.0,Finished,62.0,2023,15,,93.258,,,Alfa Romeo,Singapore Grand Prix,12.0,20.0,93.258,2.274000000000001,15.666666666666666,15.6,13.8,20.0,0.5,4.0,106.428,11.444999999999993,0.44899999999999807,3.5999999999999996,1,15,9
27,HUL,13.0,13,0.0,Finished,62.0,2023,15,,92.1,91.994,91.808,Haas F1 Team,Singapore Grand Prix,13.0,20.0,91.808,0.8240000000000123,15.666666666666666,14.8,16.0,,0.5714285714285714,6.0,102.08157142857144,7.098571428571432,0.2330000000000041,-2.3999999999999986,1,15,8
2,SAR,14.0,14,0.0,Finished,62.0,2023,15,,93.252,,,Williams,Singapore Grand Prix,14.0,20.0,93.252,2.2680000000000007,16.666666666666668,15.8,12.7,,0.6428571428571429,0.0,100.1224,5.139399999999995,0.583999999999989,6.200000000000001,1,15,7
14,ALO,15.0,15,0.0,Finished,62.0,2023,15,,92.584,91.835,91.615,Aston Martin,Singapore Grand Prix,15.0,20.0,91.615,0.6310000000000002,5.333333333333333,6.4,9.2,20.0,0.0,163.0,102.33344444444444,7.350444444444435,-1.7820000000000107,-5.6,1,15,6
63,RUS,16.0,16,0.0,Retired,61.0,2023,15,,92.331,91.743,91.056,Mercedes,Singapore Grand Prix,16.0,20.0,91.056,0.07200000000000273,9.333333333333334,7.8,6.2,14.0,0.14285714285714285,102.0,100.41557142857144,5.4325714285714355,-0.42900000000000205,3.2,1,15,5
77,BOT,17.0,R,0.0,Retired,51.0,2023,15,,92.809,,,Alfa Romeo,Singapore Grand Prix,20.0,20.0,92.809,1.8250000000000028,12.0,12.0,13.8,11.0,0.42857142857142855,6.0,99.24071428571428,4.257714285714272,-0.44899999999999807,-3.5999999999999996,1,15,1
31,OCO,18.0,R,0.0,Retired,42.0,2023,15,,92.369,92.089,91.673,Alpine,Singapore Grand Prix,20.0,20.0,91.673,0.6890000000000072,12.666666666666666,15.6,14.5,20.0,0.42857142857142855,34.0,102.98888888888888,8.005888888888876,-0.6009999999999991,2.1999999999999993,1,15,1
18,STR,,W,0.0,Withdrew,0.0,2023,15,,93.397,,,Aston Martin,Singapore Grand Prix,20.0,20.0,93.397,2.413000000000011,12.0,12.0,9.2,6.0,0.21428571428571427,41.0,105.34725,10.364249999999998,1.7820000000000107,5.6,1,15,1
22,TSU,19.0,R,0.0,Retired,0.0,2023,15,,91.991,,,AlphaTauri,Singapore Grand Prix,20.0,20.0,91.991,1.007000000000005,15.0,15.2,14.6,20.0,0.2857142857142857,3.0,101.987125,7.004125000000002,-0.17499999999999716,3.1999999999999993,1,15,1
1,VER,1.0,1,26.0,Finished,53.0,2023,16,,89.878,89.964,88.877,Red Bull Racing,Japanese Grand Prix,1.0,20.0,88.877,0.0,2.3333333333333335,1.8,2.8,1.0,0.0,352.0,100.0715,1.761499999999998,-0.7730000000000103,-1.9999999999999998,1,16,20
4,NOR,2.0,2,18.0,Finished,53.0,2023,16,,90.063,90.296,89.493,McLaren,Japanese Grand Prix,2.0,20.0,89.493,0.6159999999999997,5.666666666666667,5.2,7.9,10.0,0.2,94.0,98.393125,0.08312499999999545,0.03499999999999659,-5.3999999999999995,1,16,19
81,PIA,3.0,3,15.0,Finished,53.0,2023,16,,90.439,90.122,89.458,McLaren,Japanese Grand Prix,3.0,20.0,89.458,0.5810000000000031,9.333333333333334,10.6,7.9,,0.4,35.0,98.31,0.0,-0.03499999999999659,5.3999999999999995,1,16,18
16,LEC,4.0,4,12.0,Finished,53.0,2023,16,,90.393,89.94,89.542,Ferrari,Japanese Grand Prix,4.0,20.0,89.542,0.6650000000000063,9.333333333333334,7.6,7.5,3.0,0.2,112.0,98.3465,0.03650000000000375,-0.3079999999999927,0.1999999999999993,1,16,17
44,HAM,5.0,5,10.0,Finished,53.0,2023,16,,90.811,90.04,89.908,Mercedes,Japanese Grand Prix,5.0,20.0,89.908,1.031000000000006,5.0,4.6,7.3,5.0,0.0,176.0,98.69533333333334,0.3853333333333353,-0.31099999999999284,-5.4,1,16,16
55,SAI,6.0,6,8.0,Finished,53.0,2023,16,,90.651,90.067,89.85,Ferrari,Japanese Grand Prix,6.0,20.0,89.85,0.972999999999999,3.0,7.4,7.5,20.0,0.06666666666666667,127.0,99.7327142857143,1.4227142857142923,0.3079999999999927,-0.1999999999999993,1,16,15
63,RUS,7.0,7,6.0,Finished,53.0,2023,16,,90.811,90.268,90.219,Mercedes,Japanese Grand Prix,7.0,20.0,90.219,1.3419999999999987,12.666666666666666,10.0,7.3,8.0,0.2,102.0,98.6972,0.3871999999999929,0.31099999999999284,5.4,1,16,14
14,ALO,8.0,8,4.0,Finished,53.0,2023,16,,90.971,90.465,90.56,Aston Martin,Japanese Grand Prix,8.0,20.0,90.465,1.588000000000008,8.666666666666666,8.0,10.6,7.0,0.0,163.0,99.48071428571428,1.1707142857142827,-0.715999999999994,-5.199999999999999,1,16,13
31,OCO,9.0,9,2.0,Finished,53.0,2023,16,,90.96,90.586,,Alpine,Japanese Grand Prix,9.0,20.0,90.586,1.7090000000000032,16.666666666666668,15.6,13.3,4.0,0.4666666666666667,34.0,99.45483333333334,1.144833333333338,0.07699999999999818,4.6,1,16,12
10,GAS,10.0,10,1.0,Finished,53.0,2023,16,,90.843,90.509,,Alpine,Japanese Grand Prix,10.0,20.0,90.509,1.632000000000005,8.0,11.0,13.3,18.0,0.2,39.0,99.06416666666668,0.7541666666666771,-0.07699999999999818,-4.6,1,16,11
40,LAW,11.0,11,0.0,Lapped,52.0,2023,16,,90.425,90.508,,AlphaTauri,Japanese Grand Prix,11.0,20.0,90.425,1.5480000000000018,11.0,11.0,14.2,,0.0,2.0,98.8596,0.5495999999999981,0.22100000000000364,-5.0,1,16,10
22,TSU,12.0,12,0.0,Lapped,52.0,2023,16,,90.733,90.204,90.303,AlphaTauri,Japanese Grand Prix,12.0,20.0,90.204,1.3269999999999982,18.333333333333332,16.0,14.2,13.0,0.3333333333333333,3.0,99.09685714285712,0.7868571428571158,-0.22100000000000364,5.0,1,16,9
24,ZHO,13.0,13,0.0,Lapped,52.0,2023,16,,91.398,,,Alfa Romeo,Japanese Grand Prix,13.0,20.0,91.398,2.521000000000001,15.333333333333334,15.0,14.3,16.0,0.4666666666666667,4.0,119.26175,20.951750000000004,0.34899999999998954,1.4000000000000004,1,16,8
27,HUL,14.0,14,0.0,Lapped,52.0,2023,16,,91.299,,,Haas F1 Team,Japanese Grand Prix,14.0,20.0,91.299,2.4220000000000113,14.0,14.8,15.0,,0.5333333333333333,6.0,99.39575,1.0857500000000044,0.6340000000000003,-0.3999999999999986,1,16,7
20,MAG,15.0,15,0.0,Lapped,52.0,2023,16,,90.976,90.665,,Haas F1 Team,Japanese Grand Prix,15.0,20.0,90.665,1.788000000000011,14.666666666666666,15.2,15.0,14.0,0.6,3.0,99.91516666666666,1.605166666666662,-0.6340000000000003,0.3999999999999986,1,16,6
23,ALB,16.0,R,0.0,Retired,26.0,2023,16,,90.941,90.537,,Williams,Japanese Grand Prix,20.0,20.0,90.537,1.6600000000000108,8.666666666666666,10.2,13.3,20.0,0.3333333333333333,21.0,99.2422857142857,0.9322857142856975,,-6.199999999999999,1,16,1
77,BOT,20.0,R,0.0,Retired,7.0,2023,16,,91.049,,,Alfa Romeo,Japanese Grand Prix,20.0,20.0,91.049,2.1720000000000113,14.666666666666666,13.6,14.3,15.0,0.4666666666666667,6.0,99.11185714285716,0.801857142857159,-0.34899999999998954,-1.4000000000000004,1,16,1
11,PER,19.0,R,0.0,Retired,15.0,2023,16,,90.652,89.965,89.65,Red Bull Racing,Japanese Grand Prix,20.0,20.0,89.65,0.7730000000000103,4.666666666666667,3.8,2.8,2.0,0.06666666666666667,208.0,98.51,0.20000000000000284,0.7730000000000103,1.9999999999999998,1,16,1
2,SAR,17.0,R,0.0,Retired,22.0,2023,16,,,,,Williams,Japanese Grand Prix,20.0,20.0,,,15.666666666666666,16.4,13.3,,0.6,0.0,99.06933333333332,0.7593333333333163,,6.199999999999999,1,16,1
18,STR,18.0,R,0.0,Retired,20.0,2023,16,,91.181,,,Aston Martin,Japanese Grand Prix,20.0,20.0,91.181,2.304000000000002,15.666666666666666,13.2,10.6,12.0,0.26666666666666666,41.0,98.56266666666666,0.2526666666666557,0.715999999999994,5.199999999999999,1,16,1
1,VER,1.0,1,26.0,Finished,57.0,2023,17,,85.007,84.483,83.778,Red Bull Racing,Qatar Grand Prix,1.0,20.0,83.778,0.0,2.3333333333333335,1.8,4.5,2.0,0.0,378.0,,,-1.6839999999999975,-5.4,1,17,20
81,PIA,2.0,2,18.0,Finished,57.0,2023,17,,85.266,84.724,84.54,McLaren,Qatar Grand Prix,2.0,20.0,84.54,0.7620000000000005,7.333333333333333,10.2,7.7,,0.375,50.0,,,-0.14499999999999602,4.999999999999999,1,17,19
4,NOR,3.0,3,15.0,Finished,57.0,2023,17,,85.131,84.685,,McLaren,Qatar Grand Prix,3.0,20.0,84.685,0.9069999999999965,4.0,5.2,7.7,9.0,0.1875,112.0,,,0.14499999999999602,-4.999999999999999,1,17,18
63,RUS,4.0,4,12.0,Finished,57.0,2023,17,,85.334,84.827,84.219,Mercedes,Qatar Grand Prix,4.0,20.0,84.219,0.4409999999999883,9.333333333333334,10.2,7.5,17.0,0.1875,108.0,,,-0.08600000000001273,5.3999999999999995,1,17,17
16,LEC,5.0,5,10.0,Finished,57.0,2023,17,,85.452,85.079,84.424,Ferrari,Qatar Grand Prix,5.0,20.0,84.424,0.6460000000000008,4.0,7.0,7.0,8.0,0.1875,124.0,,,-0.9039999999999964,0.0,1,17,16
14,ALO,6.0,6,8.0,Finished,57.0,2023,17,,85.223,85.241,84.369,Aston Martin,Qatar Grand Prix,6.0,20.0,84.369,0.590999999999994,10.666666666666666,7.8,11.5,3.0,0.0,167.0,,,-1.975999999999999,-7.3999999999999995,1,17,15
31,OCO,7.0,7,6.0,Finished,57.0,2023,17,,85.711,84.928,84.763,Alpine,Qatar Grand Prix,7.0,20.0,84.763,0.9849999999999994,16.333333333333332,13.4,11.2,5.0,0.4375,36.0,,,0.21000000000000796,4.4,1,17,14
77,BOT,8.0,8,4.0,Finished,57.0,2023,17,,86.038,85.297,85.058,Alfa Romeo,Qatar Grand Prix,8.0,20.0,85.058,1.2800000000000011,16.666666666666668,15.2,14.8,20.0,0.5,6.0,,,-2.3739999999999952,0.7999999999999989,1,17,13
24,ZHO,9.0,9,2.0,Finished,57.0,2023,17,,87.432,,,Alfa Romeo,Qatar Grand Prix,9.0,20.0,87.432,3.6539999999999964,13.0,14.4,14.8,,0.5,4.0,,,2.3739999999999952,-0.7999999999999989,1,17,12
11,PER,10.0,10,1.0,Finished,57.0,2023,17,,85.991,85.462,,Red Bull Racing,Qatar Grand Prix,10.0,20.0,85.462,1.6839999999999975,10.0,7.2,4.5,4.0,0.125,208.0,,,1.6839999999999975,5.4,1,17,11
18,STR,11.0,11,0.0,Finished,57.0,2023,17,,86.345,,,Aston Martin,Qatar Grand Prix,11.0,20.0,86.345,2.566999999999993,18.666666666666668,15.2,11.5,6.0,0.3125,41.0,,,1.975999999999999,7.3999999999999995,1,17,10
10,GAS,12.0,12,0.0,Finished,57.0,2023,17,,85.566,84.918,84.553,Alpine,Qatar Grand Prix,12.0,20.0,84.553,0.7749999999999915,10.333333333333334,9.0,11.2,11.0,0.1875,40.0,,,-0.21000000000000796,-4.4,1,17,9
23,ALB,13.0,13,0.0,Finished,57.0,2023,17,,86.118,85.707,,Williams,Qatar Grand Prix,13.0,20.0,85.707,1.9289999999999878,12.666666666666666,12.0,14.4,,0.375,21.0,,,-0.5030000000000001,-4.800000000000001,1,17,8
20,MAG,14.0,14,0.0,Lapped,56.0,2023,17,,87.046,,,Haas F1 Team,Qatar Grand Prix,14.0,20.0,87.046,3.2680000000000007,14.333333333333334,14.8,14.8,,0.625,3.0,,,1.2630000000000052,0.0,1,17,7
22,TSU,15.0,15,0.0,Lapped,56.0,2023,17,,86.058,85.301,,AlphaTauri,Qatar Grand Prix,15.0,20.0,85.301,1.5229999999999961,17.333333333333332,15.4,13.7,13.0,0.375,3.0,,,-1.3340000000000032,4.4,1,17,6
27,HUL,16.0,16,0.0,Lapped,56.0,2023,17,,85.904,85.783,,Haas F1 Team,Qatar Grand Prix,16.0,20.0,85.783,2.0049999999999955,14.666666666666666,14.8,14.8,,0.5625,6.0,,,-1.2630000000000052,0.0,1,17,5
40,LAW,17.0,17,0.0,Lapped,56.0,2023,17,,86.635,,,AlphaTauri,Qatar Grand Prix,17.0,20.0,86.635,2.8569999999999993,10.333333333333334,11.0,13.7,,0.25,2.0,,,1.3340000000000032,-4.4,1,17,4
44,HAM,19.0,R,0.0,Retired,0.0,2023,17,,86.076,84.381,84.305,Mercedes,Qatar Grand Prix,20.0,20.0,84.305,0.527000000000001,4.666666666666667,4.8,7.5,1.0,0.0,186.0,,,0.08600000000001273,-5.3999999999999995,1,17,1
55,SAI,20.0,W,0.0,Did not start,0.0,2023,17,,85.808,85.328,,Ferrari,Qatar Grand Prix,20.0,20.0,85.328,1.5499999999999972,3.3333333333333335,7.0,7.0,7.0,0.0625,135.0,,,0.9039999999999964,0.0,1,17,1
2,SAR,18.0,R,0.0,Retired,40.0,2023,17,,86.21,,,Williams,Qatar Grand Prix,20.0,20.0,86.21,2.431999999999988,15.666666666666666,16.8,14.4,,0.625,0.0,,,0.5030000000000001,4.800000000000001,1,17,1
1,VER,1.0,1,25.0,Finished,56.0,2023,18,,95.346,95.008,95.081,Red Bull Racing,United States Grand Prix,1.0,20.0,95.008,0.2849999999999966,2.3333333333333335,1.8,5.3,1.0,0.0,404.0,,,-0.16500000000000625,-7.000000000000001,1,18,20
4,NOR,2.0,2,18.0,Finished,56.0,2023,18,,95.11,95.441,94.853,McLaren,United States Grand Prix,2.0,20.0,94.853,0.12999999999999545,2.3333333333333335,4.4,5.5,7.0,0.17647058823529413,127.0,,,-0.6140000000000043,-2.1999999999999993,1,18,19
55,SAI,3.0,3,15.0,Finished,56.0,2023,18,,95.824,95.302,94.945,Ferrari,United States Grand Prix,3.0,20.0,94.945,0.2219999999999942,9.0,7.0,7.2,13.5,0.11764705882352941,135.0,,,0.2219999999999942,-0.40000000000000036,1,18,18
11,PER,4.0,4,12.0,Finished,56.0,2023,18,,95.989,95.679,95.173,Red Bull Racing,United States Grand Prix,4.0,20.0,95.173,0.45000000000000284,12.666666666666666,8.8,5.3,3.5,0.11764705882352941,209.0,,,0.16500000000000625,7.000000000000001,1,18,17
63,RUS,5.0,5,10.0,Finished,56.0,2023,18,,96.165,95.606,95.079,Mercedes,United States Grand Prix,5.0,20.0,95.079,0.35599999999999454,9.0,9.8,8.9,9.5,0.17647058823529413,120.0,,,0.21699999999999875,1.8000000000000007,1,18,16
10,GAS,6.0,6,8.0,Finished,56.0,2023,18,,96.158,95.496,95.089,Alpine,United States Grand Prix,6.0,20.0,95.089,0.36599999999999966,9.333333333333334,9.2,11.2,17.0,0.17647058823529413,40.0,,,-0.06499999999999773,-4.0,1,18,15
18,STR,7.0,7,6.0,Finished,56.0,2023,18,,96.589,,,Aston Martin,United States Grand Prix,7.0,20.0,96.589,1.8659999999999997,17.0,15.6,11.8,16.0,0.29411764705882354,41.0,,,0.32099999999999795,7.6,1,18,14
22,TSU,8.0,8,5.0,Finished,56.0,2023,18,,95.913,95.697,,AlphaTauri,United States Grand Prix,8.0,20.0,95.697,0.9740000000000038,15.666666666666666,16.4,14.3,9.5,0.4117647058823529,3.0,,,-0.277000000000001,3.3999999999999986,1,18,13
23,ALB,9.0,9,2.0,Finished,56.0,2023,18,,96.315,,,Williams,United States Grand Prix,9.0,20.0,96.315,1.5919999999999987,14.666666666666666,11.8,14.6,13.0,0.35294117647058826,21.0,,,-0.5120000000000005,-5.599999999999998,1,18,12
2,SAR,10.0,10,1.0,Finished,56.0,2023,18,,96.827,,,Williams,United States Grand Prix,10.0,20.0,96.827,2.103999999999999,18.0,17.4,14.6,,0.6470588235294118,0.0,,,0.5120000000000005,5.599999999999998,1,18,11
27,HUL,11.0,11,0.0,Finished,56.0,2023,18,,96.235,,,Haas F1 Team,United States Grand Prix,11.0,20.0,96.235,1.5120000000000005,14.333333333333334,14.4,14.5,,0.5882352941176471,6.0,,,0.355000000000004,-0.1999999999999993,1,18,10
77,BOT,12.0,12,0.0,Finished,56.0,2023,18,,96.082,95.858,,Alfa Romeo,United States Grand Prix,12.0,20.0,95.858,1.1350000000000051,16.0,14.4,14.0,13.0,0.47058823529411764,10.0,,,0.1600000000000108,0.8000000000000007,1,18,9
24,ZHO,13.0,13,0.0,Lapped,55.0,2023,18,,96.052,95.698,,Alfa Romeo,United States Grand Prix,13.0,20.0,95.698,0.9749999999999943,11.333333333333334,13.6,14.0,12.0,0.47058823529411764,6.0,,,-0.1600000000000108,-0.8000000000000007,1,18,8
20,MAG,14.0,14,0.0,Lapped,55.0,2023,18,,96.009,95.88,,Haas F1 Team,United States Grand Prix,14.0,20.0,95.88,1.1569999999999965,13.0,14.6,14.5,9.0,0.6470588235294118,3.0,,,-0.355000000000004,0.1999999999999993,1,18,7
3,RIC,15.0,15,0.0,Lapped,55.0,2023,18,,96.213,95.974,,AlphaTauri,United States Grand Prix,15.0,20.0,95.974,1.2510000000000048,12.666666666666666,13.0,14.3,10.5,0.5,0.0,,,0.277000000000001,-3.3999999999999986,1,18,6
44,HAM,19.0,19,0.0,Disqualified,56.0,2023,18,,95.091,95.24,94.862,Mercedes,United States Grand Prix,19.0,20.0,94.862,0.1389999999999958,9.333333333333334,8.0,8.9,2.0,0.058823529411764705,186.0,,,-0.21699999999999875,-1.8000000000000007,1,18,2
14,ALO,16.0,R,0.0,Retired,49.0,2023,18,,96.268,,,Aston Martin,United States Grand Prix,20.0,20.0,96.268,1.5450000000000017,9.666666666666666,8.0,11.8,13.5,0.0,175.0,,,-0.32099999999999795,-7.6,1,18,1
16,LEC,20.0,20,0.0,Disqualified,56.0,2023,18,,96.061,95.004,94.723,Ferrari,United States Grand Prix,20.0,20.0,94.723,0.0,4.333333333333333,7.4,7.2,3.5,0.17647058823529413,134.0,,,-0.2219999999999942,0.40000000000000036,1,18,1
31,OCO,18.0,R,0.0,Retired,6.0,2023,18,,96.131,95.413,95.154,Alpine,United States Grand Prix,20.0,20.0,95.154,0.4309999999999974,12.0,13.2,11.2,15.5,0.4117647058823529,42.0,,,0.06499999999999773,4.0,1,18,1
81,PIA,17.0,R,0.0,Retired,10.0,2023,18,,96.064,95.576,95.467,McLaren,United States Grand Prix,20.0,20.0,95.467,0.7439999999999998,4.0,6.6,5.5,,0.35294117647058826,68.0,,,0.6140000000000043,2.1999999999999993,1,18,1
1,VER,1.0,1,25.0,Finished,71.0,2023,19,,78.099,77.625,77.263,Red Bull Racing,Mexico City Grand Prix,1.0,20.0,77.263,0.09700000000000841,1.0,1.8,5.3,1.0,0.0,429.0,83.65166666666667,0.28529166666666583,-0.1599999999999966,-7.000000000000001,1,19,20
44,HAM,2.0,2,19.0,Finished,71.0,2023,19,,78.677,77.571,77.454,Mercedes,Mexico City Grand Prix,2.0,20.0,77.454,0.2879999999999967,14.666666666666666,10.6,9.0,2.0,0.1111111111111111,186.0,84.10285714285713,0.7364821428571275,-0.2190000000000083,3.1999999999999993,1,19,19
16,LEC,3.0,3,15.0,Finished,71.0,2023,19,,78.401,77.901,77.166,Ferrari,Mexico City Grand Prix,3.0,20.0,77.166,0.0,9.666666666666666,7.4,7.0,5.5,0.2222222222222222,134.0,86.4555,3.0891249999999957,-0.06700000000000728,0.8000000000000007,1,19,18
55,SAI,4.0,4,12.0,Finished,71.0,2023,19,,78.755,78.382,77.233,Ferrari,Mexico City Grand Prix,4.0,20.0,77.233,0.06700000000000728,9.666666666666666,6.6,7.0,5.5,0.1111111111111111,150.0,87.75753846153847,4.3911634615384685,0.06700000000000728,-0.8000000000000007,1,19,17
4,NOR,5.0,5,10.0,Finished,71.0,2023,19,,81.554,,,McLaren,Mexico City Grand Prix,5.0,20.0,81.554,4.388000000000005,2.3333333333333335,3.4,6.1,9.5,0.16666666666666666,145.0,85.22476923076923,1.8583942307692212,3.9309999999999974,-5.4,1,19,16
63,RUS,6.0,6,8.0,Finished,71.0,2023,19,,78.893,77.673,77.674,Mercedes,Mexico City Grand Prix,6.0,20.0,77.673,0.507000000000005,5.333333333333333,7.4,9.0,10.0,0.16666666666666666,130.0,84.057,0.6906249999999972,0.2190000000000083,-3.1999999999999993,1,19,15
3,RIC,7.0,7,6.0,Finished,71.0,2023,19,,78.341,77.706,77.382,AlphaTauri,Mexico City Grand Prix,7.0,20.0,77.382,0.21600000000000819,14.666666666666666,14.6,13.8,9.5,0.6666666666666666,0.0,84.45144444444445,1.0850694444444429,-1.5079999999999956,-0.40000000000000036,1,19,14
81,PIA,8.0,8,4.0,Finished,71.0,2023,19,,78.241,77.874,77.623,McLaren,Mexico City Grand Prix,8.0,20.0,77.623,0.45700000000000784,8.333333333333334,8.8,6.1,,0.3888888888888889,68.0,83.78092307692307,0.4145480769230687,-3.9309999999999974,5.4,1,19,13
23,ALB,9.0,9,2.0,Finished,71.0,2023,19,,78.828,79.147,,Williams,Mexico City Grand Prix,9.0,20.0,78.828,1.6620000000000061,14.0,12.0,13.7,12.0,0.3333333333333333,23.0,83.366375,0.0,,-3.4000000000000004,1,19,12
31,OCO,10.0,10,1.0,Finished,71.0,2023,19,,79.08,,,Alpine,Mexico City Grand Prix,10.0,20.0,79.08,1.9140000000000015,12.0,15.2,12.5,10.5,0.4444444444444444,42.0,84.501125,1.1347499999999968,0.5589999999999975,5.399999999999999,1,19,11
10,GAS,11.0,11,0.0,Finished,71.0,2023,19,,78.945,78.521,,Alpine,Mexico City Grand Prix,11.0,20.0,78.521,1.355000000000004,9.333333333333334,9.8,12.5,7.5,0.16666666666666666,48.0,84.24657142857141,0.8801964285714092,-0.5589999999999975,-5.399999999999999,1,19,10
22,TSU,12.0,12,0.0,Finished,71.0,2023,19,,78.89,,,AlphaTauri,Mexico City Grand Prix,12.0,20.0,78.89,1.7240000000000038,11.666666666666666,15.0,13.8,20.0,0.3888888888888889,8.0,85.5039090909091,2.1375340909090994,1.5079999999999956,0.40000000000000036,1,19,9
27,HUL,13.0,13,0.0,Finished,71.0,2023,19,,78.969,78.524,,Haas F1 Team,Mexico City Grand Prix,13.0,20.0,78.524,1.358000000000004,13.666666666666666,14.2,14.2,,0.5555555555555556,6.0,84.78312500000001,1.4167500000000075,-0.6389999999999958,0.0,1,19,8
24,ZHO,14.0,14,0.0,Finished,71.0,2023,19,,79.016,78.44,78.05,Alfa Romeo,Mexico City Grand Prix,14.0,20.0,78.05,0.8840000000000003,11.666666666666666,12.2,13.1,13.0,0.5,6.0,87.4496,4.083224999999999,0.033999999999991815,-1.8000000000000007,1,19,7
77,BOT,15.0,15,0.0,Finished,71.0,2023,19,,78.429,78.016,78.032,Alfa Romeo,Mexico City Grand Prix,15.0,20.0,78.016,0.8500000000000085,13.333333333333334,14.0,13.1,12.5,0.4444444444444444,10.0,85.81370000000001,2.4473250000000064,-0.033999999999991815,1.8000000000000007,1,19,6
2,SAR,16.0,16,0.0,Retired,70.0,2023,19,,,,,Williams,Mexico City Grand Prix,16.0,20.0,,,16.666666666666668,15.4,13.7,,0.6111111111111112,1.0,84.066,0.6996249999999975,,3.4000000000000004,1,19,5
18,STR,17.0,17,0.0,Collision damage,66.0,2023,19,,79.227,,,Aston Martin,Mexico City Grand Prix,17.0,20.0,79.227,2.061000000000007,12.666666666666666,14.8,13.2,14.5,0.2777777777777778,47.0,95.8355,12.469124999999991,0.4890000000000043,3.200000000000001,1,19,4
14,ALO,18.0,W,0.0,Withdrew,47.0,2023,19,,78.848,78.738,,Aston Martin,Mexico City Grand Prix,20.0,20.0,78.738,1.5720000000000027,11.333333333333334,11.6,13.2,14.0,0.05555555555555555,175.0,84.92941666666667,1.5630416666666633,-0.4890000000000043,-3.200000000000001,1,19,1
20,MAG,19.0,R,0.0,Accident,31.0,2023,19,,79.163,,,Haas F1 Team,Mexico City Grand Prix,20.0,20.0,79.163,1.9969999999999999,14.333333333333334,14.2,14.2,17.0,0.6666666666666666,3.0,85.28928571428571,1.922910714285706,0.6389999999999958,0.0,1,19,1
11,PER,20.0,R,0.0,Collision damage,1.0,2023,19,,78.553,78.124,77.423,Red Bull Racing,Mexico City Grand Prix,20.0,20.0,77.423,0.257000000000005,11.333333333333334,8.8,5.3,3.0,0.1111111111111111,221.0,83.67150000000001,0.30512500000000387,0.1599999999999966,7.000000000000001,1,19,1
1,VER,1.0,1,25.0,Finished,71.0,2023,20,,70.436,70.162,70.727,Red Bull Racing,São Paulo Grand Prix,1.0,20.0,70.162,0.14100000000000534,1.0,1.8,7.1,4.0,0.0,454.0,,,-0.05699999999998795,-10.6,1,20,20
4,NOR,2.0,2,19.0,Finished,71.0,2023,20,,70.623,70.021,71.987,McLaren,São Paulo Grand Prix,2.0,20.0,70.021,0.0,3.3333333333333335,2.8,5.4,15.0,0.15789473684210525,155.0,,,-0.3089999999999975,-5.2,1,20,19
14,ALO,3.0,3,15.0,Finished,71.0,2023,20,,70.557,70.237,71.387,Aston Martin,São Paulo Grand Prix,3.0,20.0,70.237,0.21599999999999397,15.333333333333334,13.8,14.4,7.0,0.10526315789473684,175.0,,,-0.13800000000000523,-1.1999999999999993,1,20,18
11,PER,4.0,4,12.0,Finished,71.0,2023,20,,70.668,70.219,72.321,Red Bull Racing,São Paulo Grand Prix,4.0,20.0,70.219,0.1979999999999933,11.333333333333334,12.4,7.1,5.5,0.15789473684210525,221.0,,,0.05699999999998795,10.6,1,20,17
18,STR,5.0,5,10.0,Finished,71.0,2023,20,,70.551,70.375,71.344,Aston Martin,São Paulo Grand Prix,5.0,20.0,70.375,0.3539999999999992,11.666666666666666,15.0,14.4,15.0,0.3157894736842105,47.0,,,0.13800000000000523,1.1999999999999993,1,20,16
55,SAI,6.0,6,8.0,Finished,71.0,2023,20,,70.624,70.254,71.989,Ferrari,São Paulo Grand Prix,6.0,20.0,70.254,0.2330000000000041,9.0,6.8,7.0,4.5,0.10526315789473684,162.0,,,-0.04899999999999238,-0.40000000000000036,1,20,15
10,GAS,7.0,7,6.0,Finished,71.0,2023,20,,70.793,70.567,,Alpine,São Paulo Grand Prix,7.0,20.0,70.567,0.5459999999999923,9.666666666666666,9.0,11.1,10.5,0.15789473684210525,48.0,,,0.0049999999999954525,-4.199999999999999,1,20,14
44,HAM,8.0,8,4.0,Finished,71.0,2023,20,,70.604,70.266,71.469,Mercedes,São Paulo Grand Prix,8.0,20.0,70.266,0.24500000000000455,13.666666666666666,9.8,8.7,1.5,0.10526315789473684,205.0,,,-0.04999999999999716,2.200000000000001,1,20,13
22,TSU,9.0,9,2.0,Finished,71.0,2023,20,,70.837,,,AlphaTauri,São Paulo Grand Prix,9.0,20.0,70.837,0.8160000000000025,11.666666666666666,13.4,12.6,16.0,0.3684210526315789,8.0,,,-0.006000000000000227,1.4000000000000004,1,20,12
31,OCO,10.0,10,1.0,Lapped,70.0,2023,20,,70.763,70.562,,Alpine,São Paulo Grand Prix,10.0,20.0,70.562,0.5409999999999968,12.333333333333334,13.2,11.1,8.0,0.42105263157894735,43.0,,,-0.0049999999999954525,4.199999999999999,1,20,11
2,SAR,11.0,11,0.0,Lapped,70.0,2023,20,,71.035,,,Williams,São Paulo Grand Prix,11.0,20.0,71.035,1.0139999999999958,15.333333333333334,16.0,14.2,,0.631578947368421,1.0,,,0.4140000000000015,3.5999999999999996,1,20,10
27,HUL,12.0,12,0.0,Lapped,70.0,2023,20,,70.475,70.547,,Haas F1 Team,São Paulo Grand Prix,12.0,20.0,70.475,0.4539999999999935,13.333333333333334,13.4,14.0,,0.5263157894736842,6.0,,,-0.12700000000000955,-1.1999999999999993,1,20,9
3,RIC,13.0,13,0.0,Lapped,70.0,2023,20,,70.843,,,AlphaTauri,São Paulo Grand Prix,13.0,20.0,70.843,0.8220000000000027,12.666666666666666,12.0,12.6,20.0,0.5,6.0,,,0.006000000000000227,-1.4000000000000004,1,20,8
81,PIA,14.0,14,0.0,Lapped,69.0,2023,20,,70.519,70.33,,McLaren,São Paulo Grand Prix,14.0,20.0,70.33,0.3089999999999975,10.0,8.0,5.4,,0.3684210526315789,72.0,,,0.3089999999999975,5.2,1,20,7
23,ALB,19.0,R,0.0,Retired,0.0,2023,20,,70.621,70.84,,Williams,São Paulo Grand Prix,20.0,20.0,70.621,0.5999999999999943,10.333333333333334,12.4,14.2,15.0,0.3157894736842105,25.0,,,-0.4140000000000015,-3.5999999999999996,1,20,1
77,BOT,16.0,R,0.0,Retired,39.0,2023,20,,70.955,,,Alfa Romeo,São Paulo Grand Prix,20.0,20.0,70.955,0.9339999999999975,11.666666666666666,15.0,13.6,6.0,0.42105263157894735,10.0,,,-0.3200000000000074,2.8000000000000007,1,20,1
16,LEC,20.0,W,0.0,Did not start,0.0,2023,20,,70.472,70.303,71.021,Ferrari,São Paulo Grand Prix,20.0,20.0,70.303,0.2819999999999965,9.333333333333334,7.2,7.0,4.5,0.21052631578947367,149.0,,,0.04899999999999238,0.40000000000000036,1,20,1
20,MAG,18.0,R,0.0,Retired,0.0,2023,20,,70.602,70.723,,Haas F1 Team,São Paulo Grand Prix,20.0,20.0,70.602,0.5810000000000031,16.0,14.6,14.0,20.0,0.6842105263157895,3.0,,,0.12700000000000955,1.1999999999999993,1,20,1
63,RUS,15.0,R,0.0,Retired,57.0,2023,20,,70.34,70.316,71.59,Mercedes,São Paulo Grand Prix,20.0,20.0,70.316,0.2950000000000017,5.0,7.6,8.7,7.0,0.15789473684210525,138.0,,,0.04999999999999716,-2.200000000000001,1,20,1
24,ZHO,17.0,R,0.0,Retired,22.0,2023,20,,71.275,,,Alfa Romeo,São Paulo Grand Prix,20.0,20.0,71.275,1.2540000000000049,12.0,12.2,13.6,12.0,0.47368421052631576,6.0,,,0.3200000000000074,-2.8000000000000007,1,20,1
1,VER,1.0,1,25.0,Finished,50.0,2023,21,,94.19,93.572,93.104,Red Bull Racing,Las Vegas Grand Prix,1.0,20.0,93.104,0.3780000000000001,1.0,1.0,6.3,,0.0,479.0,104.10880000000002,3.9769111111111357,-0.7510000000000048,-10.6,1,21,20
16,LEC,2.0,2,18.0,Finished,50.0,2023,21,,93.617,92.775,92.726,Ferrari,Las Vegas Grand Prix,2.0,20.0,92.726,0.0,14.333333333333334,10.4,9.1,,0.25,149.0,100.13188888888888,0.0,-0.04399999999999693,2.6000000000000005,1,21,19
11,PER,3.0,3,15.0,Finished,50.0,2023,21,,94.574,93.855,,Red Bull Racing,Las Vegas Grand Prix,3.0,20.0,93.855,1.1290000000000049,9.333333333333334,11.6,6.3,,0.15,233.0,103.9224,3.7905111111111154,0.7510000000000048,10.6,1,21,18
31,OCO,4.0,4,12.0,Finished,50.0,2023,21,,94.834,,,Alpine,Las Vegas Grand Prix,4.0,20.0,94.834,2.108000000000004,13.333333333333334,11.2,10.2,,0.45,44.0,102.80766666666666,2.675777777777782,1.5949999999999989,2.0,1,21,17
18,STR,5.0,5,10.0,Finished,50.0,2023,21,,94.504,94.199,,Aston Martin,Las Vegas Grand Prix,5.0,20.0,94.199,1.472999999999999,9.666666666666666,12.0,11.7,,0.3,57.0,102.108375,1.9764861111111145,0.6439999999999912,0.5999999999999996,1,21,16
55,SAI,6.0,6,8.0,Finished,50.0,2023,21,,93.851,93.338,92.77,Ferrari,Las Vegas Grand Prix,6.0,20.0,92.77,0.04399999999999693,4.333333333333333,7.8,9.1,,0.1,170.0,104.475125,4.343236111111125,0.04399999999999693,-2.6000000000000005,1,21,15
44,HAM,7.0,7,6.0,Finished,50.0,2023,21,,94.307,93.837,,Mercedes,Las Vegas Grand Prix,7.0,20.0,93.837,1.1110000000000042,9.666666666666666,10.8,9.6,,0.1,209.0,100.80163636363636,0.6697474747474814,0.7250000000000085,2.4000000000000004,1,21,14
63,RUS,8.0,8,4.0,Finished,50.0,2023,21,,94.137,93.351,93.112,Mercedes,Las Vegas Grand Prix,8.0,20.0,93.112,0.3859999999999957,10.333333333333334,8.4,9.6,,0.2,138.0,100.3497142857143,0.21782539682541824,-0.7250000000000085,-2.4000000000000004,1,21,13
14,ALO,9.0,9,2.0,Finished,50.0,2023,21,,94.422,93.617,93.555,Aston Martin,Las Vegas Grand Prix,9.0,20.0,93.555,0.8290000000000077,14.333333333333334,11.4,11.7,,0.1,190.0,102.714625,2.5827361111111173,-0.6439999999999912,-0.5999999999999996,1,21,12
81,PIA,10.0,10,2.0,Finished,50.0,2023,21,,94.85,,,McLaren,Las Vegas Grand Prix,10.0,20.0,94.85,2.1239999999999952,14.0,9.4,6.1,,0.4,72.0,100.8535,0.7216111111111161,0.14699999999999136,6.6000000000000005,1,21,11
10,GAS,11.0,11,0.0,Finished,50.0,2023,21,,94.272,93.494,93.239,Alpine,Las Vegas Grand Prix,11.0,20.0,93.239,0.5130000000000052,8.0,9.2,10.2,,0.15,54.0,102.9255,2.793611111111119,-1.5949999999999989,-2.0,1,21,10
23,ALB,12.0,12,0.0,Finished,50.0,2023,21,,94.634,93.588,93.323,Williams,Las Vegas Grand Prix,12.0,20.0,93.323,0.5969999999999942,12.666666666666666,14.2,14.8,,0.35,25.0,101.16046153846156,1.0285726495726806,-0.19000000000001194,-1.200000000000001,1,21,9
20,MAG,13.0,13,0.0,Finished,50.0,2023,21,,94.337,93.664,93.537,Haas F1 Team,Las Vegas Grand Prix,13.0,20.0,93.537,0.811000000000007,18.0,16.6,14.9,,0.7,3.0,104.5647142857143,4.432825396825422,-0.44199999999999307,3.400000000000002,1,21,8
3,RIC,14.0,14,0.0,Finished,50.0,2023,21,,94.683,94.308,,AlphaTauri,Las Vegas Grand Prix,14.0,20.0,94.308,1.5820000000000078,11.666666666666666,12.8,11.9,,0.6,6.0,103.434,3.3021111111111168,-2.138999999999996,1.6000000000000014,1,21,7
24,ZHO,15.0,15,0.0,Finished,50.0,2023,21,,94.849,,,Alfa Romeo,Las Vegas Grand Prix,15.0,20.0,94.849,2.1230000000000047,15.666666666666666,13.8,14.4,,0.5,6.0,108.50566666666668,8.373777777777804,1.323999999999998,-1.1999999999999993,1,21,6
2,SAR,16.0,16,0.0,Finished,50.0,2023,21,,94.525,93.733,93.513,Williams,Las Vegas Grand Prix,16.0,20.0,93.513,0.7870000000000061,12.333333333333334,15.4,14.8,,0.65,1.0,102.34978571428572,2.217896825396835,0.19000000000001194,1.200000000000001,1,21,5
77,BOT,17.0,17,0.0,Finished,50.0,2023,21,,94.305,93.809,93.525,Alfa Romeo,Las Vegas Grand Prix,17.0,20.0,93.525,0.7990000000000066,15.666666666666666,15.0,14.4,,0.45,10.0,100.5954,0.4635111111111172,-1.323999999999998,1.1999999999999993,1,21,4
22,TSU,18.0,18,0.0,Retired,46.0,2023,21,,96.447,,,AlphaTauri,Las Vegas Grand Prix,18.0,20.0,96.447,3.7210000000000036,9.666666666666666,11.2,11.9,,0.35,10.0,100.98666666666666,0.8547777777777839,2.138999999999996,-1.6000000000000014,1,21,3
27,HUL,19.0,19,0.0,Retired,45.0,2023,21,,94.265,93.979,,Haas F1 Team,Las Vegas Grand Prix,19.0,20.0,93.979,1.2530000000000001,12.0,13.2,14.9,,0.55,6.0,101.69075,1.5588611111111135,0.44199999999999307,-3.400000000000002,1,21,2
4,NOR,20.0,R,0.0,Retired,2.0,2023,21,,94.703,,,McLaren,Las Vegas Grand Prix,20.0,20.0,94.703,1.9770000000000039,3.0,2.8,6.1,,0.15,174.0,102.08583333333333,1.9539444444444456,-0.14699999999999136,-6.6000000000000005,1,21,1
1,VER,1.0,1,26.0,Finished,58.0,2023,22,,84.16,83.74,83.445,Red Bull Racing,Abu Dhabi Grand Prix,1.0,20.0,83.445,0.0,1.0,1.0,4.6,1.0,0.0,504.0,119.436,31.087400000000017,-0.6710000000000065,-7.199999999999999,1,22,20
16,LEC,2.0,2,18.0,Finished,58.0,2023,22,,84.459,83.969,83.584,Ferrari,Abu Dhabi Grand Prix,2.0,20.0,83.584,0.13900000000001,8.333333333333334,10.0,8.9,6.0,0.23809523809523808,167.0,102.71275,14.36415000000001,-1.1539999999999964,2.2,1,22,19
63,RUS,3.0,3,15.0,Finished,58.0,2023,22,,84.337,84.013,83.788,Mercedes,Abu Dhabi Grand Prix,3.0,20.0,83.788,0.3430000000000035,11.333333333333334,8.6,9.9,12.5,0.19047619047619047,142.0,88.34859999999999,0.0,-0.570999999999998,-2.5999999999999996,1,22,18
11,PER,4.0,4,12.0,Finished,58.0,2023,22,,84.209,84.116,84.171,Red Bull Racing,Abu Dhabi Grand Prix,4.0,20.0,84.116,0.6710000000000065,9.0,8.2,4.6,9.0,0.14285714285714285,248.0,107.21925,18.870650000000012,0.6710000000000065,7.199999999999999,1,22,17
4,NOR,5.0,5,10.0,Finished,58.0,2023,22,,84.368,83.92,83.816,McLaren,Abu Dhabi Grand Prix,5.0,20.0,83.816,0.3710000000000093,9.0,6.4,8.6,6.5,0.19047619047619047,174.0,94.29114285714284,5.942542857142854,0.034000000000006025,-4.4,1,22,16
81,PIA,6.0,6,8.0,Finished,58.0,2023,22,,84.487,84.278,83.782,McLaren,Abu Dhabi Grand Prix,6.0,20.0,83.782,0.3370000000000033,10.666666666666666,10.8,8.6,,0.38095238095238093,74.0,91.948,3.599400000000003,-0.034000000000006025,4.4,1,22,15
14,ALO,7.0,7,6.0,Finished,58.0,2023,22,,84.501,84.131,84.084,Aston Martin,Abu Dhabi Grand Prix,7.0,20.0,84.084,0.63900000000001,10.666666666666666,11.6,10.3,14.0,0.09523809523809523,192.0,109.26116666666668,20.91256666666669,-0.32099999999999795,2.5999999999999996,1,22,14
22,TSU,8.0,8,4.0,Finished,58.0,2023,22,,84.286,84.207,83.968,AlphaTauri,Abu Dhabi Grand Prix,8.0,20.0,83.968,0.5230000000000103,13.0,12.4,12.8,7.5,0.38095238095238093,10.0,90.76699999999998,2.4183999999999912,-0.47399999999998954,-0.5999999999999996,1,22,13
44,HAM,9.0,9,2.0,Finished,58.0,2023,22,,84.437,84.359,,Mercedes,Abu Dhabi Grand Prix,9.0,20.0,84.359,0.9140000000000015,5.666666666666667,11.2,9.9,10.0,0.09523809523809523,215.0,103.85825,15.509650000000008,0.570999999999998,2.5999999999999996,1,22,12
18,STR,10.0,10,1.0,Finished,58.0,2023,22,,84.405,84.422,,Aston Martin,Abu Dhabi Grand Prix,10.0,20.0,84.405,0.960000000000008,9.0,9.0,10.3,10.5,0.2857142857142857,67.0,105.34185714285717,16.993257142857175,0.32099999999999795,-2.5999999999999996,1,22,11
3,RIC,11.0,11,0.0,Finished,58.0,2023,22,,84.461,84.442,,AlphaTauri,Abu Dhabi Grand Prix,11.0,20.0,84.442,0.9969999999999999,11.333333333333334,13.0,12.8,10.5,0.5,6.0,91.276,2.9274000000000058,0.47399999999998954,0.5999999999999996,1,22,10
31,OCO,12.0,12,0.0,Finished,58.0,2023,22,,84.565,84.391,,Alpine,Abu Dhabi Grand Prix,12.0,20.0,84.391,0.9460000000000122,8.0,10.2,9.8,8.0,0.42857142857142855,56.0,107.50266666666666,19.154066666666665,0.3130000000000024,0.7999999999999989,1,22,9
10,GAS,13.0,13,0.0,Finished,58.0,2023,22,,84.6,84.078,84.548,Alpine,Abu Dhabi Grand Prix,13.0,20.0,84.078,0.6330000000000098,9.666666666666666,9.4,9.8,9.5,0.14285714285714285,54.0,,,-0.3130000000000024,-0.7999999999999989,1,22,8
23,ALB,14.0,14,0.0,Finished,58.0,2023,22,,84.298,84.439,,Williams,Abu Dhabi Grand Prix,14.0,20.0,84.298,0.8530000000000086,13.666666666666666,12.6,13.6,13.0,0.3333333333333333,25.0,92.822625,4.474025000000012,,-2.0,1,22,7
27,HUL,15.0,15,0.0,Finished,58.0,2023,22,,84.425,84.213,84.108,Haas F1 Team,Abu Dhabi Grand Prix,15.0,20.0,84.108,0.6630000000000109,14.666666666666666,14.2,15.2,,0.5714285714285714,6.0,,,-0.6559999999999917,-2.0,1,22,6
2,SAR,16.0,16,0.0,Finished,58.0,2023,22,,,,,Williams,Abu Dhabi Grand Prix,16.0,20.0,,,14.333333333333334,14.6,13.6,,0.6190476190476191,1.0,96.38988888888888,8.041288888888886,,2.0,1,22,5
24,ZHO,17.0,17,0.0,Finished,58.0,2023,22,,85.159,,,Alfa Romeo,Abu Dhabi Grand Prix,17.0,20.0,85.159,1.7140000000000128,16.333333333333332,14.2,14.3,12.0,0.47619047619047616,6.0,120.354375,32.005775000000014,0.3710000000000093,-0.20000000000000107,1,22,4
55,SAI,18.0,18,0.0,Retired,57.0,2023,22,,84.738,,,Ferrari,Abu Dhabi Grand Prix,18.0,20.0,84.738,1.2930000000000064,5.333333333333333,7.8,8.9,3.5,0.09523809523809523,178.0,,,1.1539999999999964,-2.2,1,22,3
77,BOT,19.0,19,0.0,Lapped,57.0,2023,22,,84.788,,,Alfa Romeo,Abu Dhabi Grand Prix,19.0,20.0,84.788,1.3430000000000035,17.333333333333332,14.4,14.3,10.5,0.42857142857142855,10.0,95.31125,6.962650000000011,-0.3710000000000093,0.20000000000000107,1,22,2
20,MAG,20.0,20,0.0,Lapped,57.0,2023,22,,84.764,,,Haas F1 Team,Abu Dhabi Grand Prix,20.0,20.0,84.764,1.3190000000000026,17.666666666666668,16.2,15.2,17.0,0.6666666666666666,3.0,94.298125,5.949525000000008,0.6559999999999917,2.0,1,22,1
1,VER,1.0,1,26.0,Finished,57.0,2024,1,,90.031,89.374,89.179,Red Bull Racing,Bahrain Grand Prix,1.0,20.0,89.179,0.013999999999995794,1.0,1.0,4.0,7.333333333333333,0.0,530.0,100.84792307692308,3.9306230769230837,-0.3580000000000041,-6.0,1,1,20
11,PER,2.0,2,18.0,Finished,57.0,2024,1,,90.221,89.932,89.537,Red Bull Racing,Bahrain Grand Prix,2.0,20.0,89.537,0.3719999999999999,3.6666666666666665,7.0,4.0,8.333333333333334,0.13636363636363635,260.0,99.68335714285716,2.7660571428571643,0.3580000000000041,6.0,1,1,19
55,SAI,3.0,3,15.0,Finished,57.0,2024,1,,89.909,89.573,89.507,Ferrari,Bahrain Grand Prix,3.0,20.0,89.507,0.34199999999999875,10.0,7.4,8.4,4.666666666666667,0.13636363636363635,178.0,103.18972727272728,6.272427272727285,0.34199999999999875,-2.0,1,1,18
16,LEC,4.0,4,12.0,Finished,57.0,2024,1,,90.243,89.165,89.407,Ferrari,Bahrain Grand Prix,4.0,20.0,89.165,0.0,8.0,9.4,8.4,9.0,0.22727272727272727,185.0,100.77100000000002,3.8537000000000177,-0.34199999999999875,2.0,1,1,17
63,RUS,5.0,5,10.0,Finished,57.0,2024,1,,90.35,89.922,89.485,Mercedes,Bahrain Grand Prix,5.0,20.0,89.485,0.3199999999999932,10.333333333333334,8.4,8.7,8.333333333333334,0.18181818181818182,157.0,97.0776,0.16030000000000655,-0.22499999999999432,-0.5999999999999996,1,1,16
4,NOR,6.0,6,8.0,Finished,57.0,2024,1,,90.143,89.941,89.614,McLaren,Bahrain Grand Prix,6.0,20.0,89.614,0.44899999999999807,9.0,6.8,9.2,12.0,0.18181818181818182,184.0,97.1195,0.20220000000000482,-0.06900000000000261,-4.8,1,1,15
44,HAM,7.0,7,6.0,Finished,57.0,2024,1,,90.451,89.718,89.71,Mercedes,Bahrain Grand Prix,7.0,20.0,89.71,0.5449999999999875,8.0,9.0,8.7,3.0,0.09090909090909091,217.0,99.00141666666666,2.0841166666666595,0.22499999999999432,0.5999999999999996,1,1,14
81,PIA,8.0,8,4.0,Finished,57.0,2024,1,,90.531,90.122,89.683,McLaren,Bahrain Grand Prix,8.0,20.0,89.683,0.5180000000000007,10.0,11.6,9.2,20.0,0.36363636363636365,82.0,96.9173,0.0,0.06900000000000261,4.8,1,1,13
14,ALO,9.0,9,2.0,Finished,57.0,2024,1,,90.179,89.801,89.542,Aston Martin,Bahrain Grand Prix,9.0,20.0,89.542,0.37699999999999534,6.333333333333333,11.8,10.3,10.666666666666666,0.09090909090909091,198.0,100.27277777777778,3.3554777777777787,-0.4230000000000018,3.0,1,1,12
18,STR,10.0,10,1.0,Finished,57.0,2024,1,,89.965,90.2,,Aston Martin,Bahrain Grand Prix,10.0,20.0,89.965,0.7999999999999972,6.666666666666667,8.8,10.3,9.333333333333334,0.2727272727272727,68.0,97.7863,0.8689999999999998,0.4230000000000018,-3.0,1,1,11
24,ZHO,11.0,11,0.0,Lapped,56.0,2024,1,,90.757,,,Kick Sauber,Bahrain Grand Prix,11.0,20.0,90.757,1.5919999999999987,17.333333333333332,15.8,,13.0,0.45454545454545453,6.0,101.34223076923078,4.424930769230784,0.0010000000000047748,-0.8000000000000007,1,1,10
20,MAG,12.0,12,0.0,Lapped,56.0,2024,1,,90.646,90.529,,Haas F1 Team,Bahrain Grand Prix,12.0,20.0,90.529,1.36399999999999,17.666666666666668,17.4,15.7,9.0,0.6818181818181818,3.0,98.03636363636365,1.1190636363636486,0.6779999999999973,3.3999999999999986,1,1,9
3,RIC,13.0,13,0.0,Lapped,56.0,2024,1,,90.562,90.278,,RB,Bahrain Grand Prix,13.0,20.0,90.278,1.1129999999999995,12.666666666666666,12.0,,10.5,0.42857142857142855,6.0,99.80825,2.8909500000000037,0.1490000000000009,1.0,1,1,8
22,TSU,14.0,14,0.0,Lapped,56.0,2024,1,,90.481,90.129,,RB,Bahrain Grand Prix,14.0,20.0,90.129,0.9639999999999986,11.666666666666666,11.0,,9.333333333333334,0.36363636363636365,14.0,100.75241666666666,3.8351166666666643,-0.1490000000000009,-1.0,1,1,7
23,ALB,15.0,15,0.0,Lapped,56.0,2024,1,,90.397,90.221,,Williams,Bahrain Grand Prix,15.0,20.0,90.221,1.0559999999999974,15.333333333333334,12.8,13.3,11.5,0.3181818181818182,25.0,98.278875,1.361575000000002,-0.5489999999999924,-1.0,1,1,6
27,HUL,16.0,16,0.0,Lapped,56.0,2024,1,,90.566,89.851,90.502,Haas F1 Team,Bahrain Grand Prix,16.0,20.0,89.851,0.6859999999999928,15.333333333333334,14.0,15.7,16.0,0.5454545454545454,6.0,101.96845454545456,5.051154545454565,-0.6779999999999973,-3.3999999999999986,1,1,5
31,OCO,17.0,17,0.0,Lapped,56.0,2024,1,,90.793,,,Alpine,Bahrain Grand Prix,17.0,20.0,90.793,1.6280000000000001,8.666666666666666,11.2,10.4,13.333333333333334,0.4090909090909091,56.0,102.0881,5.1708,-0.15499999999998693,1.5999999999999996,1,1,4
10,GAS,18.0,18,0.0,Lapped,56.0,2024,1,,90.948,,,Alpine,Bahrain Grand Prix,18.0,20.0,90.948,1.782999999999987,10.333333333333334,9.6,10.4,15.333333333333334,0.13636363636363635,54.0,100.7621,3.8448000000000064,0.15499999999998693,-1.5999999999999996,1,1,3
77,BOT,19.0,19,0.0,Lapped,56.0,2024,1,,90.756,,,Kick Sauber,Bahrain Grand Prix,19.0,20.0,90.756,1.590999999999994,18.666666666666668,16.6,,5.666666666666667,0.45454545454545453,10.0,100.0230909090909,3.1057909090908993,-0.0010000000000047748,0.8000000000000007,1,1,2
2,SAR,20.0,20,0.0,Lapped,55.0,2024,1,,90.77,,,Williams,Bahrain Grand Prix,20.0,20.0,90.77,1.6049999999999898,14.333333333333334,13.8,13.3,12.0,0.5909090909090909,1.0,97.36525,0.44795000000000584,0.5489999999999924,1.0,1,1,1
1,VER,1.0,1,25.0,Finished,50.0,2024,2,,88.171,88.033,87.472,Red Bull Racing,Saudi Arabian Grand Prix,1.0,20.0,87.472,0.0,1.0,1.0,3.8,1.6666666666666667,0.0,26.0,95.08722222222222,0.6860793650793653,-0.33500000000000796,-5.6,1,2,20
11,PER,2.0,2,18.0,Finished,50.0,2024,2,,88.638,88.467,87.807,Red Bull Racing,Saudi Arabian Grand Prix,2.0,20.0,87.807,0.33500000000000796,3.0,6.6,3.8,8.333333333333334,0.0,18.0,94.50728571428571,0.10614285714285643,0.33500000000000796,5.6,1,2,19
16,LEC,3.0,3,16.0,Finished,50.0,2024,2,,88.318,88.112,87.791,Ferrari,Saudi Arabian Grand Prix,3.0,20.0,87.791,0.3190000000000026,2.6666666666666665,6.2,6.8,5.333333333333333,0.0,12.0,94.40114285714286,0.0,-0.8509999999999991,,1,2,18
81,PIA,4.0,4,12.0,Finished,50.0,2024,2,,88.755,88.343,88.089,McLaren,Saudi Arabian Grand Prix,4.0,20.0,88.089,0.6170000000000044,8.0,9.2,8.4,15.0,0.0,4.0,95.224,0.8228571428571456,-0.043000000000006366,1.5999999999999996,1,2,17
14,ALO,5.0,5,10.0,Finished,50.0,2024,2,,88.706,88.122,87.846,Aston Martin,Saudi Arabian Grand Prix,5.0,20.0,87.846,0.37400000000000944,8.333333333333334,9.6,9.5,12.0,0.0,2.0,97.81916666666666,3.4180238095238025,-0.40399999999999636,0.1999999999999993,1,2,16
63,RUS,6.0,6,8.0,Finished,50.0,2024,2,,88.749,88.448,88.316,Mercedes,Saudi Arabian Grand Prix,6.0,20.0,88.316,0.8440000000000083,5.333333333333333,8.4,7.5,9.666666666666666,0.0,10.0,94.47266666666668,0.07152380952382487,-0.14399999999999125,1.8000000000000007,1,2,15
38,BEA,7.0,7,6.0,Finished,50.0,2024,2,,88.984,88.642,,Ferrari,Saudi Arabian Grand Prix,7.0,20.0,88.642,1.1700000000000017,,,6.8,,0.0,0.0,,,0.8509999999999991,,1,2,14
4,NOR,8.0,8,4.0,Finished,50.0,2024,2,,88.805,88.479,88.132,McLaren,Saudi Arabian Grand Prix,8.0,20.0,88.132,0.6600000000000108,10.333333333333334,7.6,8.4,11.333333333333334,0.0,8.0,94.6528,0.251657142857141,0.043000000000006366,-1.5999999999999996,1,2,13
44,HAM,9.0,9,2.0,Finished,50.0,2024,2,,88.994,88.606,88.46,Mercedes,Saudi Arabian Grand Prix,9.0,20.0,88.46,0.9879999999999995,7.666666666666667,6.6,7.5,5.333333333333333,0.0,6.0,95.62866666666667,1.2275238095238166,0.14399999999999125,-1.8000000000000007,1,2,12
27,HUL,10.0,10,1.0,Finished,50.0,2024,2,,89.055,,,Haas F1 Team,Saudi Arabian Grand Prix,10.0,20.0,89.055,1.5830000000000126,16.666666666666668,15.0,16.0,12.0,1.0,0.0,95.652625,1.2514821428571423,0.0350000000000108,-2.0,1,2,11
23,ALB,11.0,11,0.0,Finished,50.0,2024,2,,89.107,88.98,,Williams,Saudi Arabian Grand Prix,11.0,20.0,88.98,1.5080000000000098,13.666666666666666,14.0,14.9,17.0,1.0,0.0,98.4856153846154,4.084472527472542,-0.5459999999999923,-1.8000000000000007,1,2,10
20,MAG,12.0,12,0.0,Finished,50.0,2024,2,,89.069,89.02,,Haas F1 Team,Saudi Arabian Grand Prix,12.0,20.0,89.02,1.5480000000000018,15.0,17.0,16.0,9.5,1.0,0.0,100.06490909090908,5.663766233766225,-0.0350000000000108,2.0,1,2,9
31,OCO,13.0,13,0.0,Lapped,49.0,2024,2,,89.475,,,Alpine,Saudi Arabian Grand Prix,13.0,20.0,89.475,2.003,11.0,10.6,11.3,6.0,1.0,0.0,100.82133333333331,6.420190476190456,-0.0040000000000048885,-1.4000000000000004,1,2,8
2,SAR,14.0,14,0.0,Lapped,49.0,2024,2,,89.526,,,Williams,Saudi Arabian Grand Prix,14.0,20.0,89.526,2.054000000000002,17.333333333333332,15.8,14.9,16.0,1.0,0.0,97.1202222222222,2.719079365079338,0.5459999999999923,1.8000000000000007,1,2,7
22,TSU,15.0,15,0.0,Lapped,49.0,2024,2,,88.988,88.564,88.547,RB,Saudi Arabian Grand Prix,15.0,20.0,88.547,1.0750000000000028,13.333333333333334,12.2,13.5,15.0,1.0,0.0,98.43958333333336,4.038440476190502,-0.47800000000000864,0.5999999999999996,1,2,6
3,RIC,16.0,16,0.0,Lapped,49.0,2024,2,,89.065,89.025,,RB,Saudi Arabian Grand Prix,16.0,20.0,89.025,1.5530000000000115,12.666666666666666,11.6,13.5,12.5,1.0,0.0,100.2309,5.829757142857147,0.47800000000000864,-0.5999999999999996,1,2,5
77,BOT,17.0,17,0.0,Lapped,49.0,2024,2,,89.179,,,Kick Sauber,Saudi Arabian Grand Prix,17.0,20.0,89.179,1.7070000000000078,18.333333333333332,18.0,15.0,13.666666666666666,1.0,0.0,100.3458181818182,5.9446753246753445,,2.5999999999999996,1,2,4
24,ZHO,18.0,18,0.0,Lapped,49.0,2024,2,,,,,Kick Sauber,Saudi Arabian Grand Prix,18.0,20.0,,,14.333333333333334,15.4,15.0,12.0,1.0,0.0,98.598,4.196857142857141,,-2.5999999999999996,1,2,3
10,GAS,20.0,R,0.0,Retired,1.0,2024,2,,89.479,,,Alpine,Saudi Arabian Grand Prix,20.0,20.0,89.479,2.007000000000005,14.0,12.0,11.3,7.666666666666667,1.0,0.0,100.635,6.233857142857147,0.0040000000000048885,1.4000000000000004,1,2,1
18,STR,19.0,R,0.0,Retired,5.0,2024,2,,88.25,88.578,88.572,Aston Martin,Saudi Arabian Grand Prix,20.0,20.0,88.25,0.7780000000000058,8.333333333333334,9.4,9.5,14.666666666666666,0.0,1.0,95.37425,0.9731071428571454,0.40399999999999636,-0.1999999999999993,1,2,1
55,SAI,1.0,1,25.0,Finished,58.0,2024,3,,76.731,76.189,76.185,Ferrari,Australian Grand Prix,1.0,20.0,76.185,0.269999999999996,9.0,7.4,7.1,16.0,0.0,15.0,83.87666666666667,0.7367916666666616,-0.11899999999999977,1.2000000000000002,1,3,19
16,LEC,2.0,2,19.0,Finished,58.0,2024,3,,76.984,76.304,76.435,Ferrari,Australian Grand Prix,2.0,20.0,76.304,0.3889999999999958,3.0,6.2,7.1,10.5,0.0,28.0,84.1015,0.961624999999998,0.11899999999999977,-1.2000000000000002,1,3,18
4,NOR,3.0,3,15.0,Finished,58.0,2024,3,,77.43,76.75,76.315,McLaren,Australian Grand Prix,3.0,20.0,76.315,0.3999999999999915,6.333333333333333,8.2,8.3,5.5,0.0,12.0,83.139875,0.0,-0.257000000000005,-0.20000000000000107,1,3,17
81,PIA,4.0,4,12.0,Finished,58.0,2024,3,,77.369,76.601,76.572,McLaren,Australian Grand Prix,4.0,20.0,76.572,0.6569999999999965,6.0,8.4,8.3,8.0,0.0,16.0,83.1925,0.05262499999999193,0.257000000000005,0.20000000000000107,1,3,16
11,PER,5.0,5,10.0,Finished,58.0,2024,3,,76.805,76.631,76.274,Red Bull Racing,Australian Grand Prix,5.0,20.0,76.274,0.35899999999999466,2.6666666666666665,3.0,2.0,3.5,0.0,36.0,83.9897,0.8498249999999956,0.35899999999999466,2.0,1,3,15
18,STR,6.0,6,8.0,Finished,58.0,2024,3,,77.376,76.78,77.072,Aston Martin,Australian Grand Prix,6.0,20.0,76.78,0.8649999999999949,13.333333333333334,10.0,8.3,8.0,0.5,1.0,84.96627272727272,1.8263977272727203,0.07000000000000739,3.4000000000000004,1,3,14
22,TSU,7.0,7,6.0,Finished,58.0,2024,3,,77.356,76.791,76.788,RB,Australian Grand Prix,7.0,20.0,76.788,0.8729999999999905,12.333333333333334,12.8,14.5,12.5,1.0,0.0,84.06711111111112,0.9272361111111138,-1.296999999999997,-0.5999999999999996,1,3,13
14,ALO,8.0,8,4.0,Finished,58.0,2024,3,,76.991,76.71,77.552,Aston Martin,Australian Grand Prix,8.0,20.0,76.71,0.7949999999999875,7.0,6.6,8.3,10.0,0.0,12.0,84.49538461538462,1.3555096153846193,-0.07000000000000739,-3.4000000000000004,1,3,12
27,HUL,9.0,9,2.0,Finished,58.0,2024,3,,77.976,,,Haas F1 Team,Australian Grand Prix,9.0,20.0,77.976,2.060999999999993,13.666666666666666,14.4,14.9,7.0,0.5,1.0,84.4541,1.3142249999999933,0.5489999999999924,-1.0,1,3,11
20,MAG,10.0,10,1.0,Lapped,57.0,2024,3,,77.709,77.427,,Haas F1 Team,Australian Grand Prix,10.0,20.0,77.427,1.5120000000000005,14.666666666666666,15.4,14.9,15.5,0.5,0.0,84.82723076923078,1.687355769230777,-0.5489999999999924,1.0,1,3,10
23,ALB,11.0,11,0.0,Lapped,57.0,2024,3,,77.13,77.167,,Williams,Australian Grand Prix,11.0,20.0,77.13,1.2149999999999892,13.333333333333334,14.4,14.9,15.0,0.5,0.0,,,,,1,3,9
3,RIC,12.0,12,0.0,Lapped,57.0,2024,3,,78.085,,,RB,Australian Grand Prix,12.0,20.0,78.085,2.1699999999999875,13.333333333333334,13.4,14.5,6.0,1.0,0.0,84.38528571428571,1.2454107142857112,1.296999999999997,0.5999999999999996,1,3,8
10,GAS,13.0,13,0.0,Lapped,57.0,2024,3,,77.982,,,Alpine,Australian Grand Prix,13.0,20.0,77.982,2.066999999999993,17.0,13.8,12.5,11.0,1.0,0.0,84.047,0.9071249999999935,0.3649999999999949,2.6000000000000014,1,3,7
77,BOT,14.0,14,0.0,Lapped,57.0,2024,3,,77.543,77.34,,Kick Sauber,Australian Grand Prix,14.0,20.0,77.34,1.4249999999999972,18.333333333333332,18.4,16.25,9.5,1.0,0.0,84.79107692307693,1.6512019230769255,-0.847999999999999,2.1999999999999993,1,3,6
24,ZHO,15.0,15,0.0,Lapped,57.0,2024,3,,78.188,,,Kick Sauber,Australian Grand Prix,15.0,20.0,78.188,2.272999999999996,15.333333333333334,16.2,16.25,10.0,1.0,0.0,85.72033333333333,2.5804583333333255,0.847999999999999,-2.1999999999999993,1,3,5
31,OCO,16.0,16,0.0,Lapped,57.0,2024,3,,77.617,77.697,,Alpine,Australian Grand Prix,16.0,20.0,77.617,1.7019999999999982,14.0,11.2,12.5,10.5,1.0,0.0,84.57650000000001,1.4366250000000065,-0.3649999999999949,-2.6000000000000014,1,3,4
63,RUS,17.0,17,0.0,Retired,56.0,2024,3,,77.062,76.901,76.724,Mercedes,Australian Grand Prix,17.0,20.0,76.724,0.8089999999999975,4.666666666666667,8.4,8.2,11.5,0.0,18.0,87.50828571428572,4.368410714285716,-0.23599999999999,0.40000000000000036,1,3,3
44,HAM,18.0,R,0.0,Retired,15.0,2024,3,,77.499,76.96,,Mercedes,Australian Grand Prix,20.0,20.0,76.96,1.0449999999999875,8.333333333333334,8.0,8.2,3.0,0.0,8.0,103.16083333333334,20.02095833333334,0.23599999999999,-0.40000000000000036,1,3,0
1,VER,19.0,R,0.0,Retired,3.0,2024,3,,76.819,76.387,75.915,Red Bull Racing,Australian Grand Prix,20.0,20.0,75.915,0.0,1.0,1.0,2.0,10.5,0.0,51.0,83.77325,0.6333750000000009,-0.35899999999999466,-2.0,1,3,0
1,VER,1.0,1,26.0,Finished,53.0,2024,4,,88.866,88.74,88.197,Red Bull Racing,Japanese Grand Prix,1.0,20.0,88.197,0.0,7.333333333333333,4.8,4.0,1.0,0.3333333333333333,51.0,,,-0.0660000000000025,1.5999999999999996,1,4,20
11,PER,2.0,2,18.0,Finished,53.0,2024,4,,89.303,88.752,88.263,Red Bull Racing,Japanese Grand Prix,2.0,20.0,88.263,0.0660000000000025,3.0,3.2,4.0,11.0,0.0,46.0,,,0.0660000000000025,-1.5999999999999996,1,4,19
55,SAI,3.0,3,15.0,Finished,53.0,2024,4,,89.513,89.099,88.682,Ferrari,Japanese Grand Prix,3.0,20.0,88.682,0.48499999999999943,7.333333333333333,6.8,4.8,13.0,0.0,40.0,,,-0.1039999999999992,4.199999999999999,1,4,18
16,LEC,4.0,4,12.0,Finished,53.0,2024,4,,89.338,89.196,88.786,Ferrari,Japanese Grand Prix,4.0,20.0,88.786,0.5889999999999986,3.0,2.6,4.8,3.5,0.0,47.0,,,0.1039999999999992,-4.199999999999999,1,4,17
4,NOR,5.0,5,10.0,Finished,53.0,2024,4,,89.536,88.94,88.489,McLaren,Japanese Grand Prix,5.0,20.0,88.489,0.2920000000000016,5.666666666666667,8.4,7.4,6.0,0.0,27.0,,,-0.2710000000000008,2.0,1,4,16
14,ALO,6.0,6,8.0,Finished,53.0,2024,4,,89.254,89.082,88.686,Aston Martin,Japanese Grand Prix,6.0,20.0,88.686,0.4890000000000043,7.333333333333333,7.6,8.9,7.5,0.0,16.0,,,-1.3379999999999939,-2.5999999999999996,1,4,15
63,RUS,7.0,7,6.0,Finished,53.0,2024,4,,89.799,89.14,89.008,Mercedes,Japanese Grand Prix,7.0,20.0,89.008,0.8109999999999928,9.333333333333334,7.8,9.1,7.5,0.3333333333333333,18.0,,,0.24199999999999022,-2.6000000000000005,1,4,14
81,PIA,8.0,8,4.0,Finished,53.0,2024,4,,89.425,89.148,88.76,McLaren,Japanese Grand Prix,8.0,20.0,88.76,0.5630000000000024,5.333333333333333,6.4,7.4,3.0,0.0,28.0,101.543,0.0,0.2710000000000008,-2.0,1,4,13
44,HAM,9.0,9,2.0,Finished,53.0,2024,4,,89.661,88.887,88.766,Mercedes,Japanese Grand Prix,9.0,20.0,88.766,0.5690000000000026,12.0,10.4,9.1,5.0,0.3333333333333333,8.0,,,-0.24199999999999022,2.6000000000000005,1,4,12
22,TSU,10.0,10,1.0,Lapped,52.0,2024,4,,89.775,89.417,89.413,RB,Japanese Grand Prix,10.0,20.0,89.413,1.215999999999994,12.0,12.4,12.833333333333334,12.5,0.6666666666666666,6.0,,,-0.0589999999999975,-0.7999999999999989,1,4,11
27,HUL,11.0,11,0.0,Lapped,52.0,2024,4,,89.821,89.494,,Haas F1 Team,Japanese Grand Prix,11.0,20.0,89.494,1.296999999999997,11.666666666666666,13.8,13.6,14.0,0.3333333333333333,3.0,,,-0.6370000000000005,0.40000000000000036,1,4,10
18,STR,12.0,12,0.0,Lapped,52.0,2024,4,,90.024,,,Aston Martin,Japanese Grand Prix,12.0,20.0,90.024,1.8269999999999982,12.0,10.2,8.9,16.0,0.3333333333333333,9.0,,,1.3379999999999939,2.5999999999999996,1,4,9
20,MAG,13.0,13,0.0,Lapped,52.0,2024,4,,90.131,,,Haas F1 Team,Japanese Grand Prix,13.0,20.0,90.131,1.9339999999999975,11.333333333333334,13.4,13.6,14.5,0.6666666666666666,1.0,,,0.6370000000000005,-0.40000000000000036,1,4,8
77,BOT,14.0,14,0.0,Lapped,52.0,2024,4,,89.602,89.593,,Kick Sauber,Japanese Grand Prix,14.0,20.0,89.593,1.3960000000000008,16.666666666666668,17.2,15.666666666666666,17.5,1.0,0.0,,,-0.5499999999999972,2.0,1,4,7
31,OCO,15.0,15,0.0,Lapped,52.0,2024,4,,89.811,89.816,,Alpine,Japanese Grand Prix,15.0,20.0,89.811,1.6140000000000043,15.333333333333334,12.4,13.7,6.5,1.0,0.0,,,-0.3079999999999927,-2.5999999999999996,1,4,6
10,GAS,16.0,16,0.0,Lapped,52.0,2024,4,,90.119,,,Alpine,Japanese Grand Prix,16.0,20.0,90.119,1.921999999999997,17.0,15.0,13.7,14.0,1.0,0.0,,,0.3079999999999927,2.5999999999999996,1,4,5
2,SAR,17.0,17,0.0,Lapped,52.0,2024,4,,90.139,,,Williams,Japanese Grand Prix,17.0,20.0,90.139,1.941999999999993,16.666666666666668,15.4,14.0,20.0,1.0,0.0,,,0.42499999999999716,2.8000000000000007,1,4,4
23,ALB,20.0,R,0.0,Retired,0.0,2024,4,,89.963,89.714,,Williams,Japanese Grand Prix,20.0,20.0,89.714,1.516999999999996,12.333333333333334,12.6,14.0,20.0,0.6666666666666666,0.0,,,-0.42499999999999716,-2.8000000000000007,1,4,1
3,RIC,19.0,R,0.0,Retired,0.0,2024,4,,89.727,89.472,,RB,Japanese Grand Prix,20.0,20.0,89.472,1.2749999999999915,13.666666666666666,13.2,12.833333333333334,11.0,1.0,0.0,,,0.0589999999999975,0.7999999999999989,1,4,1
24,ZHO,18.0,R,0.0,Retired,12.0,2024,4,,90.143,,,Kick Sauber,Japanese Grand Prix,20.0,20.0,90.143,1.945999999999998,14.666666666666666,15.2,15.666666666666666,14.5,1.0,0.0,,,0.5499999999999972,-2.0,1,4,1
1,VER,1.0,1,25.0,Finished,56.0,2024,5,,94.742,93.794,93.66,Red Bull Racing,Chinese Grand Prix,1.0,20.0,93.66,0.0,7.333333333333333,4.8,3.9,,0.25,77.0,,,-0.32200000000000273,1.7999999999999998,1,5,20
4,NOR,2.0,2,18.0,Finished,56.0,2024,5,,94.842,94.46,94.165,McLaren,Chinese Grand Prix,2.0,20.0,94.165,0.5050000000000097,5.333333333333333,5.4,5.7,,0.0,37.0,,,-0.10799999999998988,-0.5999999999999996,1,5,19
11,PER,3.0,3,15.0,Finished,56.0,2024,5,,95.457,94.026,93.982,Red Bull Racing,Chinese Grand Prix,3.0,20.0,93.982,0.32200000000000273,3.0,3.0,3.9,,0.0,64.0,,,0.32200000000000273,-1.7999999999999998,1,5,18
16,LEC,4.0,4,12.0,Finished,56.0,2024,5,,94.797,94.399,94.289,Ferrari,Chinese Grand Prix,4.0,20.0,94.289,0.6290000000000049,3.0,3.0,4.7,,0.0,59.0,,,-0.007999999999995566,-3.2,1,5,17
55,SAI,5.0,5,10.0,Finished,56.0,2024,5,,94.97,94.368,94.297,Ferrari,Chinese Grand Prix,5.0,20.0,94.297,0.6370000000000005,2.3333333333333335,6.2,4.7,,0.0,55.0,,,0.007999999999995566,3.2,1,5,16
63,RUS,6.0,6,8.0,Finished,56.0,2024,5,,95.084,94.609,94.433,Mercedes,Chinese Grand Prix,6.0,20.0,94.433,0.7730000000000103,10.0,7.6,9.2,,0.25,24.0,,,-1.1399999999999864,-3.200000000000001,1,5,15
14,ALO,7.0,7,7.0,Finished,56.0,2024,5,,95.116,94.652,94.148,Aston Martin,Chinese Grand Prix,7.0,20.0,94.148,0.48799999999999955,6.333333333333333,7.0,9.3,,0.0,24.0,,,-0.6899999999999977,-4.6,1,5,14
81,PIA,8.0,8,4.0,Finished,56.0,2024,5,,95.014,94.659,94.273,McLaren,Chinese Grand Prix,8.0,20.0,94.273,0.6129999999999995,5.333333333333333,6.0,5.7,,0.0,32.0,,,0.10799999999998988,0.5999999999999996,1,5,13
44,HAM,9.0,9,2.0,Finished,56.0,2024,5,,95.573,,,Mercedes,Chinese Grand Prix,9.0,20.0,95.573,1.9129999999999967,12.666666666666666,10.8,9.2,,0.25,10.0,,,1.1399999999999864,3.200000000000001,1,5,12
27,HUL,10.0,10,1.0,Finished,56.0,2024,5,,95.068,94.667,94.604,Haas F1 Team,Chinese Grand Prix,10.0,20.0,94.604,0.9440000000000026,10.0,12.2,12.8,,0.5,3.0,,,-0.9120000000000061,-1.200000000000001,1,5,11
31,OCO,11.0,11,0.0,Finished,56.0,2024,5,,95.356,95.223,,Alpine,Chinese Grand Prix,11.0,20.0,95.223,1.5630000000000024,14.666666666666666,14.6,15.3,,1.0,0.0,,,-0.06400000000000716,-1.4000000000000004,1,5,10
23,ALB,12.0,12,0.0,Finished,56.0,2024,5,,95.384,95.241,,Williams,Chinese Grand Prix,12.0,20.0,95.241,1.581000000000003,14.0,14.2,14.9,,0.75,0.0,,,-1.1170000000000044,-2.400000000000002,1,5,9
10,GAS,13.0,13,0.0,Finished,56.0,2024,5,,95.287,95.463,,Alpine,Chinese Grand Prix,13.0,20.0,95.287,1.6270000000000095,16.333333333333332,16.0,15.3,,1.0,0.0,,,0.06400000000000716,1.4000000000000004,1,5,8
24,ZHO,14.0,14,0.0,Finished,56.0,2024,5,,95.505,,,Kick Sauber,Chinese Grand Prix,14.0,20.0,95.505,1.8449999999999989,17.666666666666668,16.2,16.0,,1.0,0.0,,,0.8399999999999892,-0.40000000000000213,1,5,7
18,STR,15.0,15,0.0,Finished,56.0,2024,5,,95.334,94.838,,Aston Martin,Chinese Grand Prix,15.0,20.0,94.838,1.1779999999999973,12.666666666666666,11.6,9.3,,0.5,9.0,,,0.6899999999999977,4.6,1,5,6
20,MAG,16.0,16,0.0,Finished,56.0,2024,5,,95.516,,,Haas F1 Team,Chinese Grand Prix,16.0,20.0,95.516,1.8560000000000088,11.666666666666666,13.4,12.8,,0.75,1.0,,,0.9120000000000061,1.200000000000001,1,5,5
2,SAR,17.0,17,0.0,Finished,56.0,2024,5,,96.358,,,Williams,Chinese Grand Prix,17.0,20.0,96.358,2.6980000000000075,17.0,16.6,14.9,,1.0,0.0,,,1.1170000000000044,2.400000000000002,1,5,4
77,BOT,20.0,R,0.0,Retired,19.0,2024,5,,95.169,94.769,94.665,Kick Sauber,Chinese Grand Prix,20.0,20.0,94.665,1.0050000000000097,15.0,16.6,16.0,,1.0,0.0,,,-0.8399999999999892,0.40000000000000213,1,5,1
3,RIC,18.0,R,0.0,Retired,33.0,2024,5,,95.443,94.934,,RB,Chinese Grand Prix,20.0,20.0,94.934,1.274000000000001,16.0,14.4,13.375,,1.0,0.0,,,-0.8119999999999976,3.5999999999999996,1,5,1
22,TSU,19.0,R,0.0,Retired,26.0,2024,5,,95.746,,,RB,Chinese Grand Prix,20.0,20.0,95.746,2.0859999999999985,10.666666666666666,10.8,13.375,,0.75,7.0,,,0.8119999999999976,-3.5999999999999996,1,5,1
4,NOR,1.0,1,25.0,Finished,57.0,2024,6,,87.913,87.871,87.594,McLaren,Miami Grand Prix,1.0,20.0,87.594,0.35299999999999443,3.3333333333333335,4.8,5.6,18.5,0.0,55.0,,,-0.08100000000000307,-1.6000000000000005,1,6,20
1,VER,2.0,2,18.0,Finished,57.0,2024,6,,87.689,87.566,87.241,Red Bull Racing,Miami Grand Prix,2.0,20.0,87.241,0.0,7.333333333333333,4.8,3.8,1.0,0.2,102.0,,,-0.2189999999999941,2.0,1,6,19
16,LEC,3.0,3,15.0,Finished,57.0,2024,6,,88.081,87.533,87.382,Ferrari,Miami Grand Prix,3.0,20.0,87.382,0.14100000000000534,3.3333333333333335,3.4,3.6,4.5,0.0,71.0,,,-0.07299999999999329,-2.6,1,6,18
11,PER,4.0,4,12.0,Finished,57.0,2024,6,,87.772,87.839,87.46,Red Bull Racing,Miami Grand Prix,4.0,20.0,87.46,0.2189999999999941,3.3333333333333335,2.8,3.8,3.0,0.0,79.0,,,0.2189999999999941,-2.0,1,6,17
55,SAI,5.0,5,10.0,Finished,57.0,2024,6,,87.937,87.941,87.455,Ferrari,Miami Grand Prix,5.0,20.0,87.455,0.21399999999999864,3.0,6.0,3.6,4.0,0.0,65.0,,,0.07299999999999329,2.6,1,6,16
44,HAM,6.0,6,8.0,Finished,57.0,2024,6,,88.167,87.697,88.107,Mercedes,Miami Grand Prix,6.0,20.0,87.697,0.45600000000000307,12.666666666666666,10.8,9.5,6.0,0.2,12.0,,,-0.36999999999999034,2.6000000000000014,1,6,15
22,TSU,7.0,7,6.0,Finished,57.0,2024,6,,88.324,88.167,88.192,RB,Miami Grand Prix,7.0,20.0,88.167,0.9260000000000019,12.333333333333334,13.2,14.7,11.5,0.8,7.0,,,-0.45000000000000284,-3.0,1,6,14
63,RUS,8.0,8,4.0,Finished,57.0,2024,6,,88.159,88.095,88.067,Mercedes,Miami Grand Prix,8.0,20.0,88.067,0.8259999999999934,10.0,8.2,9.5,4.5,0.2,32.0,,,0.36999999999999034,-2.6000000000000014,1,6,13
14,ALO,9.0,9,2.0,Finished,57.0,2024,6,,88.453,88.427,,Aston Martin,Miami Grand Prix,9.0,20.0,88.427,1.186000000000007,7.0,7.0,9.8,7.0,0.0,31.0,,,0.25,-5.6,1,6,12
31,OCO,10.0,10,1.0,Finished,57.0,2024,6,,88.209,88.371,,Alpine,Miami Grand Prix,10.0,20.0,88.209,0.9680000000000035,14.0,14.4,15.2,8.5,0.8,0.0,,,0.2330000000000041,-1.5999999999999996,1,6,11
27,HUL,11.0,11,0.0,Finished,57.0,2024,6,,88.383,88.2,88.146,Haas F1 Team,Miami Grand Prix,11.0,20.0,88.146,0.9050000000000011,10.0,11.2,11.9,15.0,0.4,4.0,,,-0.472999999999999,-1.4000000000000004,1,6,10
10,GAS,12.0,12,0.0,Finished,57.0,2024,6,,87.976,88.324,,Alpine,Miami Grand Prix,12.0,20.0,87.976,0.7349999999999994,14.0,16.0,15.2,14.0,0.8,0.0,,,-0.2330000000000041,1.5999999999999996,1,6,9
81,PIA,13.0,13,0.0,Finished,57.0,2024,6,,88.032,87.721,87.675,McLaren,Miami Grand Prix,13.0,20.0,87.675,0.4339999999999975,6.666666666666667,6.4,5.6,19.0,0.0,36.0,,,0.08100000000000307,1.6000000000000005,1,6,8
24,ZHO,14.0,14,0.0,Finished,57.0,2024,6,,88.824,,,Kick Sauber,Miami Grand Prix,14.0,20.0,88.824,1.5829999999999984,16.333333333333332,15.6,16.2,18.0,0.8,0.0,,,0.3610000000000042,-1.200000000000001,1,6,7
3,RIC,15.0,15,0.0,Finished,57.0,2024,6,,88.617,,,RB,Miami Grand Prix,15.0,20.0,88.617,1.3760000000000048,17.333333333333332,16.2,14.7,13.0,1.0,0.0,,,0.45000000000000284,3.0,1,6,6
77,BOT,16.0,16,0.0,Finished,57.0,2024,6,,88.463,,,Kick Sauber,Miami Grand Prix,16.0,20.0,88.463,1.2219999999999942,16.0,16.8,16.2,10.0,1.0,0.0,,,-0.3610000000000042,1.200000000000001,1,6,5
18,STR,17.0,17,0.0,Finished,57.0,2024,6,,88.177,88.222,,Aston Martin,Miami Grand Prix,17.0,20.0,88.177,0.936000000000007,11.0,12.6,9.8,11.0,0.4,9.0,,,-0.25,5.6,1,6,4
23,ALB,18.0,18,0.0,Finished,57.0,2024,6,,88.343,88.413,,Williams,Miami Grand Prix,18.0,20.0,88.343,1.1020000000000039,14.333333333333334,13.8,14.8,11.5,0.6,0.0,,,-0.14399999999999125,-3.0,1,6,3
20,MAG,19.0,19,0.0,Finished,57.0,2024,6,,88.619,,,Haas F1 Team,Miami Grand Prix,19.0,20.0,88.619,1.3780000000000001,13.0,12.6,11.9,13.0,0.6,1.0,,,0.472999999999999,1.4000000000000004,1,6,2
2,SAR,20.0,R,0.0,Retired,27.0,2024,6,,88.487,,,Williams,Miami Grand Prix,20.0,20.0,88.487,1.2459999999999951,16.0,16.8,14.8,20.0,0.75,0.0,,,0.14399999999999125,3.0,1,6,1
1,VER,1.0,1,25.0,Finished,63.0,2024,7,,75.762,75.176,74.746,Red Bull Racing,Emilia Romagna Grand Prix,1.0,20.0,74.746,0.0,1.3333333333333333,5.0,4.1,1.0,0.16666666666666666,120.0,91.168,10.331285714285727,-0.960000000000008,1.7999999999999998,1,7,20
4,NOR,2.0,2,18.0,Finished,63.0,2024,7,,75.915,75.371,74.837,McLaren,Emilia Romagna Grand Prix,2.0,20.0,74.837,0.09100000000000819,2.6666666666666665,3.8,5.6,3.0,0.0,80.0,80.83671428571428,0.0,0.017000000000010118,-3.6000000000000005,1,7,19
16,LEC,3.0,3,15.0,Finished,63.0,2024,7,,75.823,75.328,74.97,Ferrari,Emilia Romagna Grand Prix,3.0,20.0,74.97,0.22400000000000375,3.6666666666666665,3.2,3.7,5.0,0.0,86.0,86.68508333333334,5.848369047619059,-0.26300000000000523,-0.19999999999999973,1,7,18
81,PIA,4.0,4,12.0,Finished,63.0,2024,7,,75.94,75.407,74.82,McLaren,Emilia Romagna Grand Prix,4.0,20.0,74.82,0.07399999999999807,9.666666666666666,7.4,5.6,,0.0,36.0,81.1415,0.304785714285714,-0.017000000000010118,3.6000000000000005,1,7,17
55,SAI,5.0,5,10.0,Finished,63.0,2024,7,,76.015,75.512,75.233,Ferrari,Emilia Romagna Grand Prix,5.0,20.0,75.233,0.487000000000009,4.333333333333333,3.4,3.7,12.5,0.0,75.0,86.87954545454545,6.042831168831171,0.26300000000000523,0.19999999999999973,1,7,16
44,HAM,6.0,6,8.0,Finished,63.0,2024,7,,76.604,75.677,75.504,Mercedes,Emilia Romagna Grand Prix,6.0,20.0,75.504,0.7580000000000098,8.0,10.6,9.7,7.5,0.16666666666666666,20.0,81.215,0.3782857142857239,0.27000000000001023,1.799999999999999,1,7,15
63,RUS,7.0,7,7.0,Finished,63.0,2024,7,,76.107,75.671,75.234,Mercedes,Emilia Romagna Grand Prix,7.0,20.0,75.234,0.48799999999999955,7.0,8.8,9.7,12.0,0.16666666666666666,36.0,88.6366,7.799885714285722,-0.27000000000001023,-1.799999999999999,1,7,14
11,PER,8.0,8,4.0,Finished,63.0,2024,7,,76.404,75.706,,Red Bull Racing,Emilia Romagna Grand Prix,8.0,20.0,75.706,0.960000000000008,3.0,3.2,4.1,6.5,0.0,91.0,89.93575,9.09903571428572,0.960000000000008,-1.7999999999999998,1,7,13
18,STR,9.0,9,2.0,Finished,63.0,2024,7,,76.458,75.992,,Aston Martin,Emilia Romagna Grand Prix,9.0,20.0,75.992,1.2460000000000093,14.666666666666666,14.0,10.5,9.0,0.3333333333333333,9.0,86.32124999999999,5.4845357142857125,-0.9249999999999972,7.0,1,7,12
22,TSU,10.0,10,1.0,Lapped,62.0,2024,7,,75.894,75.358,75.465,RB,Emilia Romagna Grand Prix,10.0,20.0,75.358,0.612000000000009,12.333333333333334,11.8,14.2,9.5,0.6666666666666666,13.0,85.8092142857143,4.972500000000025,-0.3160000000000025,-4.800000000000001,1,7,11
27,HUL,11.0,11,0.0,Lapped,62.0,2024,7,,75.841,75.569,75.98,Haas F1 Team,Emilia Romagna Grand Prix,11.0,20.0,75.569,0.8230000000000075,10.666666666666666,10.2,12.1,,0.3333333333333333,4.0,82.02437499999999,1.1876607142857125,-1.2849999999999966,-3.8000000000000007,1,7,10
20,MAG,12.0,12,0.0,Lapped,62.0,2024,7,,76.854,,,Haas F1 Team,Emilia Romagna Grand Prix,12.0,20.0,76.854,2.108000000000004,16.0,14.0,12.1,9.0,0.5,1.0,84.79849999999999,3.9617857142857105,1.2849999999999966,3.8000000000000007,1,7,9
3,RIC,13.0,13,0.0,Lapped,62.0,2024,7,,76.06,75.691,75.674,RB,Emilia Romagna Grand Prix,13.0,20.0,75.674,0.9280000000000115,18.333333333333332,16.6,14.2,12.0,0.8333333333333334,0.0,84.83242857142857,3.9957142857142856,0.3160000000000025,4.800000000000001,1,7,8
31,OCO,14.0,14,0.0,Lapped,62.0,2024,7,,76.361,75.906,,Alpine,Emilia Romagna Grand Prix,14.0,20.0,75.906,1.1600000000000108,12.0,13.0,13.9,11.5,0.6666666666666666,1.0,87.38941666666666,6.5527023809523826,-0.10899999999999466,-1.8000000000000007,1,7,7
24,ZHO,15.0,15,0.0,Lapped,62.0,2024,7,,76.834,,,Kick Sauber,Emilia Romagna Grand Prix,15.0,20.0,76.834,2.088000000000008,16.0,16.2,16.2,15.0,0.6666666666666666,0.0,85.20844444444444,4.371730158730159,0.2079999999999984,0.0,1,7,6
10,GAS,16.0,16,0.0,Lapped,62.0,2024,7,,76.015,76.381,,Alpine,Emilia Romagna Grand Prix,16.0,20.0,76.015,1.2690000000000055,13.666666666666666,14.8,13.9,9.5,0.6666666666666666,0.0,81.95242857142857,1.11571428571429,0.10899999999999466,1.8000000000000007,1,7,5
2,SAR,17.0,17,0.0,Lapped,62.0,2024,7,,,,,Williams,Emilia Romagna Grand Prix,17.0,20.0,,,18.0,17.6,15.1,,0.8,0.0,85.65690909090908,4.820194805194802,,3.200000000000001,1,7,4
77,BOT,18.0,18,0.0,Lapped,62.0,2024,7,,76.626,,,Kick Sauber,Emilia Romagna Grand Prix,18.0,20.0,76.626,1.8800000000000097,16.666666666666668,16.2,16.2,12.5,0.8333333333333334,0.0,84.24381818181818,3.407103896103905,-0.2079999999999984,0.0,1,7,3
14,ALO,19.0,19,0.0,Lapped,62.0,2024,7,,76.917,,,Aston Martin,Emilia Romagna Grand Prix,19.0,20.0,76.917,2.1710000000000065,7.333333333333333,7.0,10.5,15.0,0.0,33.0,84.23939999999999,3.4026857142857097,0.9249999999999972,-7.0,1,7,2
23,ALB,20.0,R,0.0,Retired,51.0,2024,7,,76.524,76.2,,Williams,Emilia Romagna Grand Prix,20.0,20.0,76.2,1.4540000000000077,16.666666666666668,14.4,15.1,11.0,0.5,0.0,88.67022222222221,7.833507936507928,,-3.200000000000001,1,7,1
16,LEC,1.0,1,25.0,Finished,78.0,2024,8,,,,,Ferrari,Monaco Grand Prix,1.0,20.0,,,3.3333333333333335,3.2,3.5,10.0,0.0,101.0,78.65388888888889,3.0915555555555443,,-0.5999999999999996,1,8,20
81,PIA,2.0,2,18.0,Finished,78.0,2024,8,,,,,McLaren,Monaco Grand Prix,2.0,20.0,,,8.333333333333334,7.4,5.0,10.0,0.0,48.0,77.45583333333333,1.8934999999999889,,4.800000000000001,1,8,19
55,SAI,3.0,3,15.0,Finished,78.0,2024,8,,,,,Ferrari,Monaco Grand Prix,3.0,20.0,,,5.0,3.8,3.5,4.0,0.0,85.0,77.973375,2.4110416666666623,,0.5999999999999996,1,8,18
4,NOR,4.0,4,12.0,Finished,78.0,2024,8,,,,,McLaren,Monaco Grand Prix,4.0,20.0,,,1.6666666666666667,2.6,5.0,6.0,0.0,98.0,77.23163636363637,1.669303030303027,,-4.800000000000001,1,8,17
63,RUS,5.0,5,10.0,Finished,78.0,2024,8,,,,,Mercedes,Monaco Grand Prix,5.0,20.0,,,7.0,9.0,9.5,8.0,0.14285714285714285,43.0,78.048,2.48566666666666,,-1.0,1,8,16
1,VER,6.0,6,8.0,Finished,78.0,2024,8,,,,,Red Bull Racing,Monaco Grand Prix,6.0,20.0,,,1.3333333333333333,5.0,4.7,1.6666666666666667,0.14285714285714285,145.0,75.56233333333334,0.0,,0.5999999999999996,1,8,15
44,HAM,7.0,7,7.0,Finished,78.0,2024,8,,,,,Mercedes,Monaco Grand Prix,7.0,20.0,,,7.0,10.0,9.5,6.333333333333333,0.14285714285714285,28.0,77.11522222222223,1.5528888888888872,,1.0,1,8,14
22,TSU,8.0,8,4.0,Lapped,77.0,2024,8,,,,,RB,Monaco Grand Prix,8.0,20.0,,,12.333333333333334,10.8,13.4,16.0,0.7142857142857143,14.0,76.39822222222222,0.8358888888888742,,-5.199999999999999,1,8,13
23,ALB,9.0,9,2.0,Lapped,77.0,2024,8,,,,,Williams,Monaco Grand Prix,9.0,20.0,,,16.666666666666668,16.2,16.3,17.0,0.5714285714285714,0.0,76.62783333333333,1.065499999999986,,-0.8000000000000007,1,8,12
10,GAS,10.0,10,1.0,Lapped,77.0,2024,8,,,,,Alpine,Monaco Grand Prix,10.0,20.0,,,13.666666666666666,14.0,13.6,8.0,0.7142857142857143,0.0,77.13414285714286,1.5718095238095202,,0.8000000000000007,1,8,11
14,ALO,11.0,11,0.0,Lapped,76.0,2024,8,,,,,Aston Martin,Monaco Grand Prix,11.0,20.0,,,11.666666666666666,9.8,10.8,7.333333333333333,0.14285714285714285,33.0,77.23210000000002,1.6697666666666748,,-2.0,1,8,10
3,RIC,12.0,12,0.0,Lapped,76.0,2024,8,,,,,RB,Monaco Grand Prix,12.0,20.0,,,16.0,16.0,13.4,12.5,0.8571428571428571,0.0,77.80619999999999,2.243866666666648,,5.199999999999999,1,8,9
77,BOT,13.0,13,0.0,Lapped,76.0,2024,8,,,,,Kick Sauber,Monaco Grand Prix,13.0,20.0,,,18.0,16.4,16.0,13.333333333333334,0.8571428571428571,0.0,76.6664,1.1040666666666539,,0.7999999999999989,1,8,8
18,STR,14.0,14,0.0,Lapped,76.0,2024,8,,,,,Aston Martin,Monaco Grand Prix,14.0,20.0,,,13.666666666666666,11.8,10.8,14.0,0.2857142857142857,11.0,86.41888888888889,10.856555555555545,,2.0,1,8,7
2,SAR,15.0,15,0.0,Lapped,76.0,2024,8,,,,,Williams,Monaco Grand Prix,15.0,20.0,,,18.0,17.0,16.3,18.0,0.8333333333333334,0.0,77.26060000000001,1.6982666666666688,,0.8000000000000007,1,8,6
24,ZHO,16.0,16,0.0,Lapped,76.0,2024,8,,,,,Kick Sauber,Monaco Grand Prix,16.0,20.0,,,14.333333333333334,15.6,16.0,14.5,0.7142857142857143,0.0,76.8486,1.2862666666666627,,-0.7999999999999989,1,8,5
27,HUL,19.0,R,0.0,Retired,0.0,2024,8,,,,,Haas F1 Team,Monaco Grand Prix,20.0,20.0,,,10.666666666666666,10.4,12.2,17.0,0.42857142857142855,4.0,76.55900000000001,0.9966666666666697,,-3.5999999999999996,1,8,1
20,MAG,20.0,R,0.0,Retired,0.0,2024,8,,,,,Haas F1 Team,Monaco Grand Prix,20.0,20.0,,,15.666666666666666,14.0,12.2,19.5,0.5714285714285714,1.0,77.29314285714285,1.730809523809512,,3.5999999999999996,1,8,1
31,OCO,17.0,R,0.0,Retired,0.0,2024,8,,,,,Alpine,Monaco Grand Prix,20.0,20.0,,,11.666666666666666,13.2,13.6,8.0,0.7142857142857143,1.0,77.14,1.5776666666666586,,-0.8000000000000007,1,8,1
11,PER,18.0,R,0.0,Retired,0.0,2024,8,,,,,Red Bull Racing,Monaco Grand Prix,20.0,20.0,,,5.0,4.4,4.7,7.0,0.0,95.0,76.979375,1.4170416666666625,,-0.5999999999999996,1,8,1
1,VER,1.0,1,25.0,Finished,70.0,2024,9,,72.36,72.549,72.0,Red Bull Racing,Canadian Grand Prix,1.0,20.0,72.0,0.25799999999999557,3.0,2.2,4.8,1.0,0.125,153.0,,,-1.3259999999999934,-5.2,1,9,20
4,NOR,2.0,2,18.0,Finished,70.0,2024,9,,72.959,72.201,72.021,McLaren,Canadian Grand Prix,2.0,20.0,72.021,0.27899999999999636,2.3333333333333335,2.8,4.9,14.0,0.0,110.0,92.41,12.984666666666655,-0.08199999999999363,-4.2,1,9,19
63,RUS,3.0,3,15.0,Finished,70.0,2024,9,,73.013,71.742,72.0,Mercedes,Canadian Grand Prix,3.0,20.0,71.742,0.0,6.666666666666667,6.6,7.0,12.0,0.125,53.0,81.0276,1.6022666666666652,-0.23699999999999477,-0.8000000000000007,1,9,18
44,HAM,4.0,4,13.0,Finished,70.0,2024,9,,72.851,71.979,72.28,Mercedes,Canadian Grand Prix,4.0,20.0,71.979,0.23699999999999477,6.333333333333333,7.4,7.0,3.0,0.125,35.0,83.86609090909091,4.440757575757573,0.23699999999999477,0.8000000000000007,1,9,17
81,PIA,5.0,5,10.0,Finished,70.0,2024,9,,72.907,72.462,72.103,McLaren,Canadian Grand Prix,5.0,20.0,72.103,0.36099999999999,6.333333333333333,7.0,4.9,11.0,0.0,66.0,91.307875,11.882541666666654,0.08199999999999363,4.2,1,9,16
14,ALO,6.0,6,8.0,Finished,70.0,2024,9,,73.117,72.635,72.228,Aston Martin,Canadian Grand Prix,6.0,20.0,72.228,0.48599999999999,13.0,10.4,11.9,5.5,0.25,33.0,83.0739090909091,3.648575757575756,-0.4310000000000116,-3.0,1,9,15
18,STR,7.0,7,6.0,Finished,70.0,2024,9,,73.088,72.659,72.701,Aston Martin,Canadian Grand Prix,7.0,20.0,72.659,0.9170000000000016,13.333333333333334,13.4,11.9,9.5,0.375,11.0,82.88433333333333,3.458999999999989,0.4310000000000116,3.0,1,9,14
3,RIC,8.0,8,4.0,Finished,70.0,2024,9,,73.24,72.572,72.178,RB,Canadian Grand Prix,8.0,20.0,72.178,0.43599999999999284,13.333333333333334,16.0,13.5,11.0,0.875,0.0,81.5685,2.1431666666666587,-0.125,5.0,1,9,13
10,GAS,9.0,9,2.0,Finished,70.0,2024,9,,73.289,72.94,,Alpine,Canadian Grand Prix,9.0,20.0,72.94,1.1979999999999933,12.666666666666666,13.4,13.7,13.0,0.75,1.0,88.7405,9.315166666666656,-0.49500000000000455,-0.5999999999999996,1,9,12
31,OCO,10.0,10,1.0,Finished,70.0,2024,9,,73.435,,,Alpine,Canadian Grand Prix,10.0,20.0,73.435,1.6929999999999978,14.666666666666666,14.0,13.7,7.0,0.75,1.0,82.91941666666666,3.4940833333333217,0.49500000000000455,0.5999999999999996,1,9,11
27,HUL,11.0,11,0.0,Finished,70.0,2024,9,,73.978,,,Haas F1 Team,Canadian Grand Prix,11.0,20.0,73.978,2.23599999999999,14.0,12.6,14.3,15.0,0.5,4.0,85.44575,6.020416666666662,1.0619999999999976,-3.4000000000000004,1,9,10
20,MAG,12.0,12,0.0,Finished,70.0,2024,9,,73.217,72.916,,Haas F1 Team,Canadian Grand Prix,12.0,20.0,72.916,1.1739999999999924,17.0,16.0,14.3,17.0,0.625,1.0,82.99488888888888,3.5695555555555387,-1.0619999999999976,3.4000000000000004,1,9,9
77,BOT,13.0,13,0.0,Finished,70.0,2024,9,,73.366,,,Kick Sauber,Canadian Grand Prix,13.0,20.0,73.366,1.6239999999999952,15.666666666666666,16.2,16.0,8.5,0.875,0.0,83.3162,3.8908666666666534,-0.9260000000000019,0.3999999999999986,1,9,8
22,TSU,14.0,14,0.0,Finished,70.0,2024,9,,72.748,72.303,72.414,RB,Canadian Grand Prix,14.0,20.0,72.303,0.5609999999999928,8.333333333333334,11.0,13.5,17.0,0.75,18.0,82.75325000000001,3.327916666666667,0.125,-5.0,1,9,7
24,ZHO,15.0,15,0.0,Lapped,69.0,2024,9,,74.292,,,Kick Sauber,Canadian Grand Prix,15.0,20.0,74.292,2.549999999999997,15.0,15.8,16.0,12.0,0.75,0.0,82.30499999999999,2.879666666666651,0.9260000000000019,-0.3999999999999986,1,9,6
23,ALB,17.0,R,0.0,Retired,52.0,2024,9,,72.896,72.485,72.796,Williams,Canadian Grand Prix,20.0,20.0,72.485,0.742999999999995,15.666666666666666,15.8,16.5,10.0,0.625,2.0,83.767375,4.34204166666666,-0.2510000000000048,-1.3999999999999986,1,9,1
16,LEC,19.0,R,0.0,Retired,40.0,2024,9,,73.107,72.691,,Ferrari,Canadian Grand Prix,20.0,20.0,72.691,0.9489999999999981,2.3333333333333335,3.0,3.6,4.5,0.0,126.0,85.57839999999999,6.153066666666646,-0.03699999999999193,-1.2000000000000002,1,9,1
11,PER,18.0,R,0.0,Retired,51.0,2024,9,,73.326,,,Red Bull Racing,Canadian Grand Prix,20.0,20.0,73.326,1.583999999999989,10.666666666666666,7.4,4.8,13.0,0.125,95.0,79.42533333333334,0.0,1.3259999999999934,5.2,1,9,1
55,SAI,16.0,R,0.0,Retired,52.0,2024,9,,73.038,72.728,,Ferrari,Canadian Grand Prix,20.0,20.0,72.728,0.98599999999999,4.333333333333333,4.2,3.6,3.5,0.0,100.0,85.214,5.788666666666657,0.03699999999999193,1.2000000000000002,1,9,1
2,SAR,20.0,R,0.0,Retired,23.0,2024,9,,73.063,72.736,,Williams,Canadian Grand Prix,20.0,20.0,72.736,0.9939999999999998,17.333333333333332,17.2,16.5,20.0,0.8571428571428571,0.0,82.32722222222223,2.901888888888891,0.2510000000000048,1.3999999999999986,1,9,1
1,VER,1.0,1,25.0,Finished,66.0,2024,10,,72.306,71.653,71.403,Red Bull Racing,Spanish Grand Prix,1.0,20.0,71.403,0.020000000000010232,2.6666666666666665,2.2,6.6,1.3333333333333333,0.1111111111111111,178.0,80.62455555555556,0.4619555555555621,-0.6509999999999962,-8.8,1,10,20
4,NOR,2.0,2,19.0,Finished,66.0,2024,10,,72.386,71.872,71.383,McLaren,Spanish Grand Prix,2.0,20.0,71.383,0.0,2.6666666666666665,2.2,4.3,11.0,0.0,128.0,80.16925,0.006650000000007594,-0.6280000000000001,-4.2,1,10,19
44,HAM,3.0,3,15.0,Finished,66.0,2024,10,,72.143,71.792,71.701,Mercedes,Spanish Grand Prix,3.0,20.0,71.701,0.31799999999999784,5.666666666666667,6.4,6.1,2.6666666666666665,0.1111111111111111,48.0,85.59599999999999,5.433399999999992,-0.0020000000000095497,0.6000000000000005,1,10,18
63,RUS,4.0,4,12.0,Finished,66.0,2024,10,,72.456,71.812,71.703,Mercedes,Spanish Grand Prix,4.0,20.0,71.703,0.3200000000000074,5.0,5.8,6.1,6.666666666666667,0.1111111111111111,68.0,81.26633333333334,1.103733333333338,0.0020000000000095497,-0.6000000000000005,1,10,17
16,LEC,5.0,5,10.0,Finished,66.0,2024,10,,72.257,72.038,71.731,Ferrari,Spanish Grand Prix,5.0,20.0,71.731,0.347999999999999,8.0,6.2,6.9,11.666666666666666,0.1111111111111111,126.0,88.053,7.8904,-0.005000000000009663,-1.3999999999999995,1,10,16
55,SAI,6.0,6,8.0,Finished,66.0,2024,10,,72.403,71.874,71.736,Ferrari,Spanish Grand Prix,6.0,20.0,71.736,0.35300000000000864,9.333333333333334,7.6,6.9,5.333333333333333,0.125,100.0,81.1279090909091,0.965309090909102,0.005000000000009663,1.3999999999999995,1,10,15
81,PIA,7.0,7,6.0,Finished,66.0,2024,10,,72.46,72.011,,McLaren,Spanish Grand Prix,7.0,20.0,72.011,0.6280000000000001,3.6666666666666665,6.4,4.3,13.0,0.0,76.0,80.1626,0.0,0.6280000000000001,4.2,1,10,14
11,PER,8.0,8,4.0,Finished,66.0,2024,10,,72.477,72.054,72.061,Red Bull Racing,Spanish Grand Prix,8.0,20.0,72.054,0.6710000000000065,16.0,11.0,6.6,3.6666666666666665,0.2222222222222222,95.0,87.17288888888889,7.010288888888894,0.6509999999999962,8.8,1,10,13
10,GAS,9.0,9,2.0,Finished,66.0,2024,10,,72.651,72.079,71.857,Alpine,Spanish Grand Prix,9.0,20.0,71.857,0.47400000000000375,11.666666666666666,12.0,12.5,11.0,0.6666666666666666,3.0,83.43911111111112,3.2765111111111196,-0.25199999999999534,-1.0,1,10,12
31,OCO,10.0,10,1.0,Finished,66.0,2024,10,,72.691,72.109,72.125,Alpine,Spanish Grand Prix,10.0,20.0,72.109,0.7259999999999991,14.666666666666666,13.0,12.5,8.0,0.6666666666666666,2.0,86.60536363636362,6.4427636363636225,0.25199999999999534,1.0,1,10,11
27,HUL,11.0,11,0.0,Finished,66.0,2024,10,,72.708,72.31,,Haas F1 Team,Spanish Grand Prix,11.0,20.0,72.31,0.9270000000000067,14.0,12.6,14.2,15.0,0.4444444444444444,4.0,81.3660909090909,1.2034909090909025,-0.6269999999999953,-3.200000000000001,1,10,10
14,ALO,12.0,12,0.0,Lapped,65.0,2024,10,,72.505,72.128,,Aston Martin,Spanish Grand Prix,12.0,20.0,72.128,0.7450000000000045,12.0,10.4,11.4,11.0,0.2222222222222222,41.0,81.83477777777777,1.672177777777776,-0.24399999999999977,-2.0,1,10,9
24,ZHO,13.0,13,0.0,Lapped,65.0,2024,10,,72.88,72.738,,Kick Sauber,Spanish Grand Prix,13.0,20.0,72.738,1.355000000000004,15.333333333333334,14.8,15.4,14.5,0.7777777777777778,0.0,94.37766666666666,14.215066666666658,0.5109999999999957,-1.1999999999999993,1,10,8
18,STR,14.0,14,0.0,Lapped,65.0,2024,10,,72.881,72.372,,Aston Martin,Spanish Grand Prix,14.0,20.0,72.372,0.9890000000000043,10.0,12.4,11.4,10.666666666666666,0.3333333333333333,17.0,86.23870000000001,6.076100000000011,0.24399999999999977,2.0,1,10,7
3,RIC,15.0,15,0.0,Lapped,65.0,2024,10,,73.075,,,RB,Spanish Grand Prix,15.0,20.0,73.075,1.6920000000000073,11.0,13.6,12.7,9.0,0.7777777777777778,4.0,81.4313,1.2686999999999955,0.09000000000000341,1.799999999999999,1,10,6
77,BOT,16.0,16,0.0,Lapped,65.0,2024,10,,72.758,72.227,,Kick Sauber,Spanish Grand Prix,16.0,20.0,72.227,0.8440000000000083,14.666666666666666,16.0,15.4,9.333333333333334,0.7777777777777778,0.0,83.14307142857142,2.98047142857142,-0.5109999999999957,1.1999999999999993,1,10,5
20,MAG,17.0,17,0.0,Lapped,65.0,2024,10,,72.937,,,Haas F1 Team,Spanish Grand Prix,17.0,20.0,72.937,1.554000000000002,14.666666666666666,15.8,14.2,17.5,0.5555555555555556,1.0,84.96128571428571,4.7986857142857104,0.6269999999999953,3.200000000000001,1,10,4
23,ALB,18.0,18,0.0,Lapped,65.0,2024,10,,73.153,,,Williams,Spanish Grand Prix,18.0,20.0,73.153,1.7700000000000102,16.333333333333332,15.8,16.8,17.0,0.6666666666666666,2.0,85.33235714285713,5.1697571428571365,-0.35599999999999454,-2.0,1,10,3
22,TSU,19.0,19,0.0,Lapped,65.0,2024,10,,72.985,,,RB,Spanish Grand Prix,19.0,20.0,72.985,1.6020000000000039,10.666666666666666,11.8,12.7,14.0,0.6666666666666666,18.0,82.09326666666666,1.9306666666666672,-0.09000000000000341,-1.799999999999999,1,10,2
2,SAR,20.0,20,0.0,Lapped,64.0,2024,10,,73.509,,,Williams,Spanish Grand Prix,20.0,20.0,73.509,2.1260000000000048,17.333333333333332,17.8,16.8,20.0,0.875,0.0,81.54606666666665,1.3834666666666493,0.35599999999999454,2.0,1,10,1
63,RUS,1.0,1,25.0,Finished,71.0,2024,11,,65.585,65.016,64.84,Mercedes,Austrian Grand Prix,1.0,20.0,64.84,0.5260000000000105,4.0,5.4,5.3,7.333333333333333,0.1,80.0,,,-0.06300000000000239,0.20000000000000018,1,11,20
81,PIA,2.0,2,18.0,Finished,71.0,2024,11,,65.311,65.07,65.048,McLaren,Austrian Grand Prix,2.0,20.0,65.048,0.7340000000000089,4.666666666666667,6.2,4.2,16.0,0.0,82.0,,,0.3299999999999983,4.0,1,11,19
55,SAI,3.0,3,15.0,Finished,71.0,2024,11,,65.263,65.016,64.851,Ferrari,Austrian Grand Prix,3.0,20.0,64.851,0.5370000000000061,9.666666666666666,7.8,7.1,10.333333333333334,0.1111111111111111,108.0,,,-0.19299999999999784,1.3999999999999995,1,11,18
44,HAM,4.0,4,12.0,Finished,71.0,2024,11,,65.541,65.053,64.903,Mercedes,Austrian Grand Prix,4.0,20.0,64.903,0.5890000000000128,4.666666666666667,5.2,5.3,5.0,0.1,63.0,,,0.06300000000000239,-0.20000000000000018,1,11,17
1,VER,5.0,5,10.0,Finished,71.0,2024,11,,65.336,64.469,64.314,Red Bull Racing,Austrian Grand Prix,5.0,20.0,64.314,0.0,2.6666666666666665,2.2,7.1,1.3333333333333333,0.1,203.0,,,-0.8300000000000125,-9.8,1,11,16
27,HUL,6.0,6,8.0,Finished,71.0,2024,11,,65.596,65.262,65.385,Haas F1 Team,Austrian Grand Prix,6.0,20.0,65.262,0.9480000000000075,14.0,12.8,14.4,20.0,0.4,4.0,,,-0.08499999999999375,-3.1999999999999993,1,11,15
11,PER,7.0,7,6.0,Finished,71.0,2024,11,,65.587,65.144,65.202,Red Bull Racing,Austrian Grand Prix,7.0,20.0,65.144,0.8300000000000125,16.0,12.0,7.1,9.666666666666666,0.2,99.0,,,0.8300000000000125,9.8,1,11,14
20,MAG,8.0,8,4.0,Finished,71.0,2024,11,,65.508,65.347,,Haas F1 Team,Austrian Grand Prix,8.0,20.0,65.347,1.0330000000000013,16.333333333333332,16.0,14.4,13.0,0.6,1.0,,,0.08499999999999375,3.1999999999999993,1,11,13
3,RIC,9.0,9,2.0,Finished,71.0,2024,11,,65.569,65.289,,RB,Austrian Grand Prix,9.0,20.0,65.289,0.9750000000000085,11.666666666666666,12.6,12.1,8.0,0.8,4.0,,,-0.12300000000000466,1.0,1,11,12
10,GAS,10.0,10,1.0,Finished,71.0,2024,11,,65.598,65.359,,Alpine,Austrian Grand Prix,10.0,20.0,65.359,1.0450000000000017,9.333333333333334,11.2,12.0,11.333333333333334,0.6,5.0,,,0.08499999999999375,-1.6000000000000014,1,11,11
16,LEC,11.0,11,0.0,Finished,71.0,2024,11,,65.509,65.104,65.044,Ferrari,Austrian Grand Prix,11.0,20.0,65.044,0.730000000000004,8.666666666666666,6.4,7.1,3.6666666666666665,0.1,136.0,,,0.19299999999999784,-1.3999999999999995,1,11,10
31,OCO,12.0,12,0.0,Finished,71.0,2024,11,,65.574,65.274,65.883,Alpine,Austrian Grand Prix,12.0,20.0,65.274,0.960000000000008,13.333333333333334,12.8,12.0,13.0,0.6,3.0,,,-0.08499999999999375,1.6000000000000014,1,11,9
18,STR,13.0,13,0.0,Lapped,70.0,2024,11,,65.819,,,Aston Martin,Austrian Grand Prix,13.0,20.0,65.819,1.5050000000000097,11.666666666666666,12.2,11.8,11.666666666666666,0.4,17.0,,,0.18000000000000682,0.7999999999999989,1,11,8
22,TSU,14.0,14,0.0,Lapped,70.0,2024,11,,65.563,65.412,,RB,Austrian Grand Prix,14.0,20.0,65.412,1.0980000000000132,13.666666666666666,11.6,12.1,15.666666666666666,0.7,18.0,,,0.12300000000000466,-1.0,1,11,7
23,ALB,15.0,15,0.0,Lapped,70.0,2024,11,,65.736,,,Williams,Austrian Grand Prix,15.0,20.0,65.736,1.4220000000000113,15.666666666666666,17.0,17.7,11.5,0.7,2.0,,,-0.11999999999999034,-1.3999999999999986,1,11,6
77,BOT,16.0,16,0.0,Lapped,70.0,2024,11,,65.847,,,Kick Sauber,Austrian Grand Prix,16.0,20.0,65.847,1.5330000000000013,14.0,15.2,14.9,9.333333333333334,0.8,0.0,,,-0.21400000000001285,0.5999999999999996,1,11,5
24,ZHO,17.0,17,0.0,Lapped,70.0,2024,11,,66.061,,,Kick Sauber,Austrian Grand Prix,17.0,20.0,66.061,1.747000000000014,14.666666666666666,14.6,14.9,13.0,0.8,0.0,,,0.21400000000001285,-0.5999999999999996,1,11,4
14,ALO,18.0,18,0.0,Lapped,70.0,2024,11,,65.656,65.639,,Aston Martin,Austrian Grand Prix,18.0,20.0,65.639,1.3250000000000028,9.666666666666666,11.4,11.8,8.333333333333334,0.3,41.0,,,-0.18000000000000682,-0.7999999999999989,1,11,3
2,SAR,19.0,19,0.0,Lapped,69.0,2024,11,,65.856,,,Williams,Austrian Grand Prix,19.0,20.0,65.856,1.5420000000000016,18.333333333333332,18.4,17.7,13.0,0.8888888888888888,0.0,,,0.11999999999999034,1.3999999999999986,1,11,2
4,NOR,20.0,20,0.0,Lapped,64.0,2024,11,,65.45,65.103,64.718,McLaren,Austrian Grand Prix,20.0,20.0,64.718,0.4040000000000106,2.6666666666666665,2.2,4.2,4.666666666666667,0.0,147.0,,,-0.3299999999999983,-4.0,1,11,1
23,ALB,,,,,,2024,12,,91.135,86.933,86.64,Williams,British Grand Prix,,20.0,86.64,0.820999999999998,17.666666666666668,16.4,17.3,14.0,0.7272727272727273,2.0,93.2579090909091,0.9352424242424178,-0.5349999999999966,-1.8000000000000007,1,12,0
14,ALO,,,,,,2024,12,,91.264,86.73,86.917,Aston Martin,British Grand Prix,,20.0,86.73,0.9110000000000014,12.0,13.2,12.3,6.333333333333333,0.36363636363636365,41.0,93.34990000000002,1.027233333333342,0.14500000000001023,1.799999999999999,1,12,0
77,BOT,,,,,,2024,12,,92.431,,,Kick Sauber,British Grand Prix,,20.0,92.431,6.611999999999995,15.0,15.2,15.2,11.666666666666666,0.8181818181818182,0.0,110.225,17.902333333333317,4.563999999999993,0.0,1,12,0
10,GAS,,,,,,2024,12,,99.804,,,Alpine,British Grand Prix,,20.0,99.804,13.985,9.333333333333334,10.8,12.0,16.333333333333332,0.5454545454545454,6.0,93.272,0.9493333333333283,5.247,-2.3999999999999986,1,12,0
44,HAM,,,,,,2024,12,,89.547,86.77,85.99,Mercedes,British Grand Prix,,20.0,85.99,0.17099999999999227,3.6666666666666665,4.8,4.4,2.3333333333333335,0.09090909090909091,75.0,92.92342857142856,0.6007619047618817,0.17099999999999227,0.7999999999999998,1,12,0
27,HUL,,,,,,2024,12,,91.929,86.847,86.338,Haas F1 Team,British Grand Prix,,20.0,86.338,0.5189999999999912,9.333333333333334,11.8,12.8,13.0,0.36363636363636365,12.0,93.3855,1.062833333333316,-6.567000000000007,-2.0,1,12,0
16,LEC,,,,,,2024,12,,90.496,87.097,,Ferrari,British Grand Prix,,20.0,87.097,1.2779999999999916,12.0,8.0,7.7,5.0,0.09090909090909091,136.0,92.63325,0.31058333333332655,0.5879999999999939,0.5999999999999996,1,12,0
20,MAG,,,,,,2024,12,,92.905,,,Haas F1 Team,British Grand Prix,,20.0,92.905,7.0859999999999985,12.333333333333334,13.8,12.8,15.0,0.5454545454545454,5.0,118.54966666666668,26.227000000000004,6.567000000000007,2.0,1,12,0
4,NOR,,,,,,2024,12,,91.596,86.559,86.03,McLaren,British Grand Prix,,20.0,86.03,0.21099999999999852,8.0,6.0,5.0,4.0,0.09090909090909091,147.0,92.4319,0.10923333333332153,-0.20699999999999363,2.0,1,12,0
31,OCO,,,,,,2024,12,,94.557,,,Alpine,British Grand Prix,,20.0,94.557,8.738,10.666666666666666,13.2,12.0,16.333333333333332,0.5454545454545454,3.0,97.25933333333332,4.936666666666639,-5.247,2.3999999999999986,1,12,0
11,PER,,,,,,2024,12,,98.348,,,Red Bull Racing,British Grand Prix,,20.0,98.348,12.528999999999996,11.666666666666666,12.6,7.7,8.0,0.18181818181818182,105.0,93.2805,0.9578333333333262,12.144999999999996,9.8,1,12,0
81,PIA,,,,,,2024,12,,90.895,86.733,86.237,McLaren,British Grand Prix,,20.0,86.237,0.41799999999999216,4.666666666666667,4.0,5.0,4.0,0.0,100.0,92.32266666666668,0.0,0.20699999999999363,-2.0,1,12,0
3,RIC,,,,,,2024,12,,91.291,87.949,,RB,British Grand Prix,,20.0,87.949,2.1299999999999955,10.666666666666666,11.4,12.2,9.0,0.7272727272727273,6.0,93.93266666666663,1.6099999999999568,0.6799999999999926,-1.5999999999999996,1,12,0
63,RUS,,,,,,2024,12,,90.106,86.723,85.819,Mercedes,British Grand Prix,,20.0,85.819,0.0,2.6666666666666665,4.0,4.4,12.333333333333334,0.09090909090909091,105.0,92.50728571428571,0.18461904761903725,-0.17099999999999227,-0.7999999999999998,1,12,0
55,SAI,,,,,,2024,12,,90.557,86.843,86.509,Ferrari,British Grand Prix,,20.0,86.509,0.6899999999999977,9.666666666666666,7.4,7.7,5.666666666666667,0.1,123.0,94.52533333333334,2.2026666666666586,-0.5879999999999939,-0.5999999999999996,1,12,0
2,SAR,,,,,,2024,12,,91.608,87.175,,Williams,British Grand Prix,,20.0,87.175,1.3559999999999945,19.666666666666668,18.2,17.3,11.0,0.9,0.0,93.475875,1.1532083333333247,0.5349999999999966,1.8000000000000007,1,12,0
18,STR,,,,,,2024,12,,91.41,86.938,86.585,Aston Martin,British Grand Prix,,20.0,86.585,0.7659999999999911,11.333333333333334,11.4,12.3,11.0,0.45454545454545453,17.0,93.4206,1.0979333333333159,-0.14500000000001023,-1.799999999999999,1,12,0
22,TSU,,,,,,2024,12,,90.994,87.269,,RB,British Grand Prix,,20.0,87.269,1.4500000000000028,15.666666666666666,13.0,12.2,13.333333333333334,0.7272727272727273,18.0,93.7184,1.3957333333333253,-0.6799999999999926,1.5999999999999996,1,12,0
1,VER,,,,,,2024,12,,91.342,86.796,86.203,Red Bull Racing,British Grand Prix,,20.0,86.203,0.38400000000000034,2.3333333333333335,2.8,7.7,9.333333333333334,0.09090909090909091,213.0,92.77169999999998,0.4490333333333041,-12.144999999999996,-9.8,1,12,0
24,ZHO,,,,,,2024,12,,91.19,87.867,,Kick Sauber,British Grand Prix,,20.0,87.867,2.048000000000002,15.0,15.2,15.2,17.5,0.8181818181818182,0.0,94.1112,1.7885333333333193,-4.563999999999993,0.0,1,12,0
23,ALB,,,,,,2024,13,,77.28,76.429,,Williams,Hungarian Grand Prix,,20.0,76.429,1.2019999999999982,16.5,15.5,17.0,14.0,0.75,0.0,88.87989999999999,4.673185714285708,-0.11400000000000432,-3.0,1,13,0
14,ALO,,,,,,2024,13,,77.624,76.117,76.043,Aston Martin,Hungarian Grand Prix,,20.0,76.043,0.8160000000000025,15.0,11.75,11.875,7.0,0.4166666666666667,0.0,90.92755555555556,6.720841269841273,-0.031999999999996476,-0.25,1,13,0
77,BOT,,,,,,2024,13,,77.487,76.384,,Kick Sauber,Hungarian Grand Prix,,20.0,76.384,1.1569999999999965,16.0,14.5,14.875,17.333333333333332,0.8333333333333334,0.0,94.66633333333334,10.459619047619057,-1.6530000000000058,-0.75,1,13,0
10,GAS,,,,,,2024,13,,78.166,,,Alpine,Hungarian Grand Prix,,20.0,78.166,2.938999999999993,9.5,9.5,11.25,12.333333333333334,0.5833333333333334,0.0,90.20616666666668,5.999452380952391,0.11699999999999022,-3.5,1,13,0
44,HAM,,,,,,2024,13,,77.087,76.307,75.854,Mercedes,Hungarian Grand Prix,,20.0,75.854,0.6269999999999953,3.5,4.5,3.875,2.6666666666666665,0.16666666666666666,0.0,90.809,6.602285714285713,-2.1140000000000043,1.25,1,13,0
27,HUL,,,,,,2024,13,,77.362,76.317,,Haas F1 Team,Hungarian Grand Prix,,20.0,76.317,1.0899999999999892,8.5,12.0,13.125,14.0,0.4166666666666667,0.0,93.95042857142856,9.743714285714276,-0.23100000000000875,-2.25,1,13,0
16,LEC,,,,,,2024,13,,77.437,75.891,75.905,Ferrari,Hungarian Grand Prix,,20.0,75.891,0.6640000000000015,8.0,9.25,8.625,11.0,0.16666666666666666,0.0,,,0.1950000000000074,1.25,1,13,0
20,MAG,,,,,,2024,13,,77.851,76.548,,Haas F1 Team,Hungarian Grand Prix,,20.0,76.548,1.320999999999998,12.5,14.25,13.125,16.5,0.5833333333333334,0.0,88.03869999999999,3.8319857142857074,0.23100000000000875,2.25,1,13,0
4,NOR,,,,,,2024,13,,77.755,75.54,75.227,McLaren,Hungarian Grand Prix,,20.0,75.227,0.0,11.0,7.0,5.5,9.666666666666666,0.16666666666666666,0.0,84.20671428571428,0.0,-0.02199999999999136,3.0,1,13,0
31,OCO,,,,,,2024,13,,78.049,,,Alpine,Hungarian Grand Prix,,20.0,78.049,2.8220000000000027,11.0,13.0,11.25,10.0,0.5833333333333334,0.0,94.87185714285714,10.665142857142854,-0.11699999999999022,3.5,1,13,0
11,PER,,,,,,2024,13,,77.886,,,Red Bull Racing,Hungarian Grand Prix,,20.0,77.886,2.658999999999992,7.5,13.75,8.5,9.333333333333334,0.25,0.0,93.33685714285716,9.130142857142872,2.6129999999999995,10.5,1,13,0
81,PIA,,,,,,2024,13,,77.504,75.785,75.249,McLaren,Hungarian Grand Prix,,20.0,75.249,0.02199999999999136,4.5,4.0,5.5,5.0,0.08333333333333333,0.0,98.599,14.39228571428572,0.02199999999999136,-3.0,1,13,0
3,RIC,,,,,,2024,13,,77.05,76.202,76.447,RB,Hungarian Grand Prix,,20.0,76.202,0.9749999999999943,12.0,11.0,12.375,13.0,0.75,0.0,90.904,6.697285714285712,0.08100000000000307,-2.75,1,13,0
63,RUS,,,,,,2024,13,,77.968,,,Mercedes,Hungarian Grand Prix,,20.0,77.968,2.7409999999999997,2.5,3.25,3.875,5.666666666666667,0.16666666666666666,0.0,85.8225,1.615785714285721,2.1140000000000043,-1.25,1,13,0
55,SAI,,,,,,2024,13,,77.244,75.885,75.696,Ferrari,Hungarian Grand Prix,,20.0,75.696,0.4689999999999941,4.5,8.0,8.625,5.0,0.18181818181818182,0.0,90.04054545454545,5.833831168831168,-0.1950000000000074,-1.25,1,13,0
2,SAR,,,,,,2024,13,,77.77,76.543,,Williams,Hungarian Grand Prix,,20.0,76.543,1.3160000000000025,19.5,18.5,17.0,18.0,0.9090909090909091,0.0,89.42033333333333,5.213619047619048,0.11400000000000432,3.0,1,13,0
18,STR,,,,,,2024,13,,77.405,76.075,76.244,Aston Martin,Hungarian Grand Prix,,20.0,76.075,0.847999999999999,13.5,12.0,11.875,13.666666666666666,0.5,0.0,91.338625,7.131910714285709,0.031999999999996476,0.25,1,13,0
22,TSU,,,,,,2024,13,,77.436,76.121,76.477,RB,Hungarian Grand Prix,,20.0,76.121,0.8939999999999912,16.5,13.75,12.375,13.333333333333334,0.75,0.0,,,-0.08100000000000307,2.75,1,13,0
1,VER,,,,,,2024,13,,77.087,75.77,75.273,Red Bull Racing,Hungarian Grand Prix,,20.0,75.273,0.04599999999999227,3.0,3.25,8.5,3.6666666666666665,0.16666666666666666,0.0,88.43025,4.223535714285717,-2.6129999999999995,-10.5,1,13,0
24,ZHO,,,,,,2024,13,,78.037,,,Kick Sauber,Hungarian Grand Prix,,20.0,78.037,2.8100000000000023,15.0,15.25,14.875,14.5,0.8333333333333334,0.0,91.49409090909091,7.28737662337663,1.6530000000000058,0.75,1,13,0
44,HAM,1.0,1,25.0,Finished,44.0,2024,14,,115.692,114.037,113.835,Mercedes,Belgian Grand Prix,1.0,20.0,113.835,0.6759999999999877,4.0,3.6666666666666665,3.1666666666666665,9.0,0.23076923076923078,0.0,110.7222857142857,3.1480357142856974,-0.2600000000000051,1.0,1,14,20
81,PIA,2.0,2,18.0,Finished,44.0,2024,14,,114.835,114.136,114.027,McLaren,Belgian Grand Prix,2.0,20.0,114.027,0.867999999999995,2.0,4.666666666666667,6.333333333333333,20.0,0.15384615384615385,0.0,107.57425,0.0,0.04600000000000648,-3.333333333333333,1,14,19
16,LEC,3.0,3,15.0,Finished,44.0,2024,14,,115.349,114.193,113.754,Ferrari,Belgian Grand Prix,3.0,20.0,113.754,0.5949999999999989,11.0,12.0,10.833333333333334,5.666666666666667,0.23076923076923078,0.0,110.802,3.2277500000000003,-0.3579999999999899,2.333333333333334,1,14,18
1,VER,4.0,4,12.0,Finished,44.0,2024,14,,114.938,113.837,113.159,Red Bull Racing,Belgian Grand Prix,4.0,20.0,113.159,0.0,5.0,2.3333333333333335,7.0,1.0,0.23076923076923078,0.0,109.73028571428571,2.156035714285707,-0.6059999999999945,-9.333333333333332,1,14,17
4,NOR,5.0,5,10.0,Finished,44.0,2024,14,,115.582,114.358,113.981,McLaren,Belgian Grand Prix,5.0,20.0,113.981,0.8219999999999885,20.0,8.0,6.333333333333333,11.0,0.23076923076923078,0.0,109.6265,2.0522499999999866,-0.04600000000000648,3.333333333333333,1,14,16
55,SAI,6.0,6,8.0,Finished,44.0,2024,14,,115.169,114.112,114.477,Ferrari,Belgian Grand Prix,6.0,20.0,114.112,0.9529999999999887,3.0,9.666666666666666,10.833333333333334,11.0,0.25,0.0,109.937625,2.3633749999999907,0.3579999999999899,-2.333333333333334,1,14,15
11,PER,7.0,7,7.0,Finished,44.0,2024,14,,115.139,114.47,113.765,Red Bull Racing,Belgian Grand Prix,7.0,20.0,113.765,0.6059999999999945,7.0,11.666666666666666,7.0,7.666666666666667,0.3076923076923077,0.0,110.35863636363638,2.784386363636372,0.6059999999999945,9.333333333333332,1,14,14
14,ALO,8.0,8,4.0,Finished,44.0,2024,14,,115.489,114.258,114.765,Aston Martin,Belgian Grand Prix,8.0,20.0,114.258,1.0989999999999895,18.0,12.0,11.666666666666666,7.0,0.46153846153846156,0.0,111.09933333333332,3.5250833333333134,-1.4579999999999984,0.6666666666666661,1,14,13
31,OCO,9.0,9,2.0,Finished,44.0,2024,14,,115.417,114.46,114.81,Alpine,Belgian Grand Prix,9.0,20.0,114.46,1.3009999999999877,12.0,10.666666666666666,10.0,7.333333333333333,0.6153846153846154,0.0,110.367875,2.7936249999999916,-0.17500000000001137,1.3333333333333321,1,14,12
3,RIC,10.0,10,1.0,Finished,44.0,2024,14,,115.451,114.682,,RB,Belgian Grand Prix,10.0,20.0,114.682,1.5229999999999961,9.0,10.666666666666666,13.166666666666666,11.666666666666666,0.7692307692307693,0.0,110.168,2.59375,-1.9110000000000014,-5.0,1,14,11
18,STR,11.0,11,0.0,Finished,44.0,2024,14,,116.072,115.716,,Aston Martin,Belgian Grand Prix,11.0,20.0,115.716,2.556999999999988,13.0,11.333333333333334,11.666666666666666,13.333333333333334,0.5384615384615384,0.0,111.07757142857145,3.5033214285714394,1.4579999999999984,-0.6666666666666661,1,14,10
23,ALB,12.0,12,0.0,Finished,44.0,2024,14,,115.722,114.473,,Williams,Belgian Grand Prix,12.0,20.0,114.473,1.313999999999993,15.0,17.666666666666668,18.666666666666668,12.0,0.7692307692307693,0.0,110.4718888888889,2.897638888888892,-2.757000000000005,-2.0,1,14,9
10,GAS,13.0,13,0.0,Finished,44.0,2024,14,,114.911,114.635,,Alpine,Belgian Grand Prix,13.0,20.0,114.635,1.475999999999999,10.0,9.333333333333334,10.0,8.666666666666666,0.6153846153846154,0.0,110.685,3.110749999999996,0.17500000000001137,-1.3333333333333321,1,14,8
20,MAG,14.0,14,0.0,Finished,44.0,2024,14,,116.5,,,Haas F1 Team,Belgian Grand Prix,14.0,20.0,116.5,3.340999999999994,8.0,12.333333333333334,10.833333333333334,15.5,0.6153846153846154,0.0,111.25657142857142,3.682321428571413,0.19199999999999307,3.0,1,14,7
77,BOT,15.0,15,0.0,Finished,44.0,2024,14,,115.531,114.764,,Kick Sauber,Belgian Grand Prix,15.0,20.0,114.764,1.6049999999999898,16.0,15.0,15.0,14.666666666666666,0.8461538461538461,0.0,114.30255555555556,6.728305555555551,-3.01100000000001,0.0,1,14,6
22,TSU,16.0,16,0.0,Finished,44.0,2024,14,,116.593,,,RB,Belgian Grand Prix,16.0,20.0,116.593,3.4339999999999975,14.0,15.666666666666666,13.166666666666666,12.666666666666666,0.7692307692307693,0.0,111.92277777777778,4.348527777777775,1.9110000000000014,5.0,1,14,5
2,SAR,17.0,17,0.0,Finished,44.0,2024,14,,117.23,,,Williams,Belgian Grand Prix,17.0,20.0,117.23,4.070999999999998,19.0,19.666666666666668,18.666666666666668,17.0,0.9166666666666666,0.0,110.66825,3.093999999999994,2.757000000000005,2.0,1,14,4
27,HUL,18.0,18,0.0,Finished,44.0,2024,14,,116.308,,,Haas F1 Team,Belgian Grand Prix,18.0,20.0,116.308,3.149000000000001,6.0,9.333333333333334,10.833333333333334,18.0,0.46153846153846156,0.0,114.49977777777778,6.9255277777777735,-0.19199999999999307,-3.0,1,14,3
63,RUS,20.0,20,0.0,Disqualified,44.0,2024,14,,115.353,114.095,114.184,Mercedes,Belgian Grand Prix,20.0,20.0,114.095,0.9359999999999928,1.0,2.6666666666666665,3.1666666666666665,4.0,0.23076923076923078,0.0,110.7107,3.1364499999999964,0.2600000000000051,-1.0,1,14,1
24,ZHO,19.0,R,0.0,Retired,5.0,2024,14,,117.775,,,Kick Sauber,Belgian Grand Prix,20.0,20.0,117.775,4.616,17.0,15.0,15.0,13.5,0.8461538461538461,0.0,114.224,6.649749999999997,3.01100000000001,0.0,1,14,1
4,NOR,1.0,1,26.0,Finished,72.0,2024,15,,71.377,70.496,69.673,McLaren,Dutch Grand Prix,1.0,20.0,69.673,0.0,5.0,9.0,6.333333333333333,8.0,0.21428571428571427,157.0,75.52922222222222,0.0,-0.4989999999999952,5.333333333333334,1,15,20
1,VER,2.0,2,18.0,Finished,72.0,2024,15,,71.393,70.811,70.029,Red Bull Racing,Dutch Grand Prix,2.0,20.0,70.029,0.35599999999999454,4.0,3.3333333333333335,5.333333333333333,1.0,0.21428571428571427,225.0,76.51575,0.9865277777777806,-0.38700000000000045,-3.9999999999999996,1,15,19
16,LEC,3.0,3,15.0,Finished,72.0,2024,15,,71.37,70.689,70.582,Ferrari,Dutch Grand Prix,3.0,20.0,70.582,0.9089999999999918,3.0,6.333333333333333,5.666666666666667,9.333333333333334,0.21428571428571427,151.0,82.0717142857143,6.542492063492077,-0.33200000000000784,1.333333333333333,1,15,18
81,PIA,4.0,4,12.0,Finished,72.0,2024,15,,71.541,70.505,70.172,McLaren,Dutch Grand Prix,4.0,20.0,70.172,0.4989999999999952,2.0,3.6666666666666665,6.333333333333333,9.0,0.14285714285714285,118.0,76.12377777777778,0.5945555555555586,0.4989999999999952,-5.333333333333334,1,15,17
55,SAI,5.0,5,10.0,Finished,72.0,2024,15,,71.327,70.914,,Ferrari,Dutch Grand Prix,5.0,20.0,70.914,1.2409999999999997,6.0,5.0,5.666666666666667,6.666666666666667,0.23076923076923078,131.0,,,0.33200000000000784,-1.333333333333333,1,15,16
11,PER,6.0,6,8.0,Finished,72.0,2024,15,,71.006,70.678,70.416,Red Bull Racing,Dutch Grand Prix,6.0,20.0,70.416,0.742999999999995,7.0,7.333333333333333,5.333333333333333,5.666666666666667,0.2857142857142857,112.0,81.06241666666666,5.533194444444447,0.38700000000000045,3.9999999999999996,1,15,15
63,RUS,7.0,7,6.0,Finished,72.0,2024,15,,71.049,70.552,70.244,Mercedes,Dutch Grand Prix,7.0,20.0,70.244,0.570999999999998,20.0,8.333333333333334,5.5,12.0,0.2857142857142857,105.0,78.68227272727272,3.1530505050505013,-0.7039999999999935,5.666666666666668,1,15,14
44,HAM,8.0,8,4.0,Finished,72.0,2024,15,,71.375,70.948,,Mercedes,Dutch Grand Prix,8.0,20.0,70.948,1.2749999999999915,1.0,2.6666666666666665,5.5,4.0,0.21428571428571427,100.0,76.83425,1.3050277777777808,0.7039999999999935,-5.666666666666668,1,15,13
10,GAS,9.0,9,2.0,Lapped,71.0,2024,15,,71.718,70.815,70.977,Alpine,Dutch Grand Prix,9.0,20.0,70.815,1.141999999999996,13.0,10.666666666666666,10.5,6.0,0.5714285714285714,6.0,81.10485714285717,5.575634920634954,-1.1800000000000068,0.33333333333333215,1,15,12
14,ALO,10.0,10,1.0,Lapped,71.0,2024,15,,71.493,70.845,70.633,Aston Martin,Dutch Grand Prix,10.0,20.0,70.633,0.9599999999999937,8.0,12.666666666666666,12.666666666666666,4.666666666666667,0.42857142857142855,45.0,76.96937499999999,1.4401527777777687,-0.028000000000005798,0.0,1,15,11
27,HUL,11.0,11,0.0,Lapped,71.0,2024,15,,71.832,71.215,,Haas F1 Team,Dutch Grand Prix,11.0,20.0,71.215,1.5420000000000016,18.0,11.666666666666666,12.333333333333334,12.0,0.42857142857142855,12.0,,,-0.0799999999999983,-1.333333333333334,1,15,10
3,RIC,12.0,12,0.0,Lapped,71.0,2024,15,,71.943,,,RB,Dutch Grand Prix,12.0,20.0,71.943,2.269999999999996,10.0,11.333333333333334,13.833333333333334,14.0,0.7142857142857143,7.0,77.17641666666667,1.6471944444444517,0.9879999999999995,-4.999999999999998,1,15,9
18,STR,13.0,13,0.0,Lapped,71.0,2024,15,,71.518,70.661,70.857,Aston Martin,Dutch Grand Prix,13.0,20.0,70.661,0.9879999999999995,11.0,12.666666666666666,12.666666666666666,11.0,0.5,17.0,77.14977777777779,1.620555555555569,0.028000000000005798,0.0,1,15,8
23,ALB,14.0,14,0.0,Lapped,71.0,2024,15,,,70.768,70.653,Williams,Dutch Grand Prix,14.0,20.0,70.653,0.980000000000004,12.0,15.0,16.833333333333332,10.0,0.7142857142857143,2.0,79.41906666666667,3.8898444444444493,,-3.666666666666668,1,15,7
31,OCO,15.0,15,0.0,Lapped,71.0,2024,15,,71.995,,,Alpine,Dutch Grand Prix,15.0,20.0,71.995,2.3220000000000027,9.0,10.333333333333334,10.5,9.333333333333334,0.5714285714285714,5.0,77.44307142857143,1.9138492063492123,1.1800000000000068,-0.33333333333333215,1,15,6
2,SAR,16.0,16,0.0,Lapped,71.0,2024,15,,,,,Williams,Dutch Grand Prix,16.0,20.0,,,17.0,18.666666666666668,16.833333333333332,20.0,0.8461538461538461,0.0,80.79592307692307,5.266700854700858,,3.666666666666668,1,15,5
22,TSU,17.0,17,0.0,Lapped,71.0,2024,15,,71.603,70.955,,RB,Dutch Grand Prix,17.0,20.0,70.955,1.2819999999999965,16.0,16.333333333333332,13.833333333333334,18.333333333333332,0.7142857142857143,18.0,79.32023076923075,3.7910085470085306,-0.9879999999999995,4.999999999999998,1,15,4
20,MAG,18.0,18,0.0,Lapped,71.0,2024,15,,71.63,71.295,,Haas F1 Team,Dutch Grand Prix,18.0,20.0,71.295,1.6219999999999999,14.0,13.0,12.333333333333334,15.5,0.5714285714285714,5.0,81.98039999999999,6.451177777777772,0.0799999999999983,1.333333333333334,1,15,3
77,BOT,19.0,19,0.0,Lapped,70.0,2024,15,,72.168,,,Kick Sauber,Dutch Grand Prix,19.0,20.0,72.168,2.4950000000000045,15.0,15.666666666666666,16.166666666666668,12.333333333333334,0.7857142857142857,0.0,79.76125,4.2320277777777875,-1.0929999999999893,-1.0000000000000018,1,15,2
24,ZHO,20.0,20,0.0,Lapped,70.0,2024,15,,73.261,,,Kick Sauber,Dutch Grand Prix,20.0,20.0,73.261,3.587999999999994,20.0,16.666666666666668,16.166666666666668,18.0,0.8571428571428571,0.0,83.28192857142858,7.752706349206363,1.0929999999999893,1.0000000000000018,1,15,1
16,LEC,1.0,1,25.0,Finished,53.0,2024,16,,80.074,80.007,79.461,Ferrari,Italian Grand Prix,1.0,20.0,79.461,0.13400000000000034,3.0,5.666666666666667,5.166666666666667,3.3333333333333335,0.2,166.0,89.96981818181818,5.1384181818181816,-0.006000000000000227,1.0,1,16,20
81,PIA,2.0,2,18.0,Finished,53.0,2024,16,,80.076,79.808,79.436,McLaren,Italian Grand Prix,2.0,20.0,79.436,0.10900000000000887,3.0,2.6666666666666665,5.666666666666667,12.0,0.13333333333333333,130.0,85.45633333333333,0.6249333333333311,0.10900000000000887,-6.0,1,16,19
4,NOR,3.0,3,16.0,Finished,53.0,2024,16,,79.911,79.727,79.327,McLaren,Italian Grand Prix,3.0,20.0,79.327,0.0,3.0,8.666666666666666,5.666666666666667,5.666666666666667,0.2,183.0,90.03309090909092,5.201690909090914,-0.10900000000000887,6.0,1,16,18
55,SAI,4.0,4,12.0,Finished,53.0,2024,16,,80.149,79.799,79.467,Ferrari,Italian Grand Prix,4.0,20.0,79.467,0.14000000000000057,5.5,4.666666666666667,5.166666666666667,4.333333333333333,0.21428571428571427,141.0,86.06171428571429,1.230314285714286,0.006000000000000227,-1.0,1,16,17
44,HAM,5.0,5,10.0,Finished,53.0,2024,16,,80.477,79.641,79.513,Mercedes,Italian Grand Prix,5.0,20.0,79.513,0.18600000000000705,4.5,4.333333333333333,6.833333333333333,10.333333333333334,0.2,104.0,91.45954545454546,6.628145454545461,0.0730000000000075,-5.000000000000001,1,16,16
1,VER,6.0,6,8.0,Finished,53.0,2024,16,,80.226,79.662,80.022,Red Bull Racing,Italian Grand Prix,6.0,20.0,79.662,0.33500000000000796,3.0,3.6666666666666665,5.166666666666667,7.333333333333333,0.2,243.0,89.50008333333334,4.668683333333334,-0.3999999999999915,-3.0000000000000004,1,16,15
63,RUS,7.0,7,6.0,Finished,53.0,2024,16,,80.169,79.877,79.44,Mercedes,Italian Grand Prix,7.0,20.0,79.44,0.11299999999999955,13.5,9.333333333333334,6.833333333333333,5.666666666666667,0.26666666666666666,111.0,84.8314,0.0,-0.0730000000000075,5.000000000000001,1,16,14
11,PER,8.0,8,4.0,Finished,53.0,2024,16,,80.598,80.216,80.062,Red Bull Racing,Italian Grand Prix,8.0,20.0,80.062,0.7349999999999994,6.5,6.666666666666667,5.166666666666667,4.333333333333333,0.26666666666666666,120.0,92.3724,7.540999999999997,0.3999999999999915,3.0000000000000004,1,16,13
23,ALB,9.0,9,2.0,Finished,53.0,2024,16,,80.542,80.314,80.299,Williams,Italian Grand Prix,9.0,20.0,80.299,0.9720000000000084,13.0,13.666666666666666,15.5,7.0,0.7333333333333333,2.0,88.58836363636362,3.756963636363622,-0.7620000000000005,,1,16,12
20,MAG,10.0,10,1.0,Finished,53.0,2024,16,,80.856,80.698,,Haas F1 Team,Italian Grand Prix,10.0,20.0,80.698,1.3709999999999951,16.0,13.333333333333334,12.5,17.0,0.6,5.0,,,0.35899999999999466,1.6666666666666679,1,16,11
14,ALO,11.0,11,0.0,Finished,53.0,2024,16,,80.617,80.421,,Aston Martin,Italian Grand Prix,11.0,20.0,80.421,1.0940000000000083,9.0,12.0,12.166666666666666,12.333333333333334,0.4666666666666667,46.0,86.25999999999999,1.4285999999999888,-0.5919999999999987,-0.3333333333333339,1,16,10
43,COL,12.0,12,0.0,Finished,53.0,2024,16,,81.061,,,Williams,Italian Grand Prix,12.0,20.0,81.061,1.7340000000000089,,,15.5,,0.0,0.0,94.519,9.687600000000003,0.7620000000000005,,1,16,9
3,RIC,13.0,13,0.0,Finished,53.0,2024,16,,80.901,80.479,,RB,Italian Grand Prix,13.0,20.0,80.479,1.152000000000001,11.0,10.333333333333334,13.0,10.5,0.7333333333333333,7.0,86.71400000000001,1.8826000000000107,-0.465999999999994,-5.333333333333332,1,16,8
31,OCO,14.0,14,0.0,Lapped,52.0,2024,16,,80.764,80.766,,Alpine,Italian Grand Prix,14.0,20.0,80.764,1.4369999999999976,12.0,12.0,11.333333333333334,13.666666666666666,0.6,5.0,,,0.02599999999999625,1.333333333333334,1,16,7
10,GAS,15.0,15,0.0,Lapped,52.0,2024,16,,80.748,80.738,,Alpine,Italian Grand Prix,15.0,20.0,80.738,1.4110000000000014,11.0,10.666666666666666,11.333333333333334,14.333333333333334,0.6,8.0,94.29033333333332,9.45893333333332,-0.02599999999999625,-1.333333333333334,1,16,6
77,BOT,16.0,16,0.0,Lapped,52.0,2024,16,,81.101,,,Kick Sauber,Italian Grand Prix,16.0,20.0,81.101,1.774000000000001,17.0,16.666666666666668,17.833333333333332,8.666666666666666,0.8,0.0,89.1049,4.2734999999999985,-0.3439999999999941,-2.333333333333332,1,16,5
27,HUL,17.0,17,0.0,Lapped,52.0,2024,16,,80.781,80.411,80.339,Haas F1 Team,Italian Grand Prix,17.0,20.0,80.339,1.0120000000000005,14.5,11.666666666666666,12.5,17.0,0.4666666666666667,12.0,86.046,1.2146000000000043,-0.35899999999999466,-1.6666666666666679,1,16,4
24,ZHO,18.0,18,0.0,Lapped,52.0,2024,16,,81.445,,,Kick Sauber,Italian Grand Prix,18.0,20.0,81.445,2.117999999999995,20.0,19.0,17.833333333333332,12.0,0.8666666666666667,0.0,92.53018181818182,7.698781818181814,0.3439999999999941,2.333333333333332,1,16,3
18,STR,19.0,19,0.0,Lapped,52.0,2024,16,,81.013,,,Aston Martin,Italian Grand Prix,19.0,20.0,81.013,1.686000000000007,12.0,12.333333333333334,12.166666666666666,14.333333333333334,0.5333333333333333,17.0,86.20616666666666,1.374766666666659,0.5919999999999987,0.3333333333333339,1,16,2
22,TSU,20.0,R,0.0,Retired,7.0,2024,16,,80.945,,,RB,Italian Grand Prix,20.0,20.0,80.945,1.617999999999995,16.5,15.666666666666666,13.0,18.0,0.7333333333333333,18.0,97.55675,12.725349999999992,0.465999999999994,5.333333333333332,1,16,1
81,PIA,1.0,1,25.0,Finished,51.0,2024,17,,103.033,102.598,101.686,McLaren,Azerbaijan Grand Prix,1.0,20.0,101.686,0.32100000000001216,2.6666666666666665,2.6666666666666665,2.8333333333333335,11.0,0.125,148.0,109.60875,2.95208333333332,-1.9229999999999876,-0.3333333333333335,1,17,20
16,LEC,2.0,2,18.0,Finished,51.0,2024,17,,102.775,102.056,101.365,Ferrari,Azerbaijan Grand Prix,2.0,20.0,101.365,0.0,2.3333333333333335,2.3333333333333335,3.6666666666666665,9.0,0.1875,191.0,108.21933333333334,1.562666666666658,-0.44000000000001194,-2.6666666666666665,1,17,19
63,RUS,3.0,3,15.0,Finished,51.0,2024,17,,103.139,102.329,101.874,Mercedes,Azerbaijan Grand Prix,3.0,20.0,101.874,0.5090000000000003,11.333333333333334,11.333333333333334,8.0,10.333333333333334,0.25,117.0,108.66033333333333,2.0036666666666463,-0.41500000000000625,6.666666666666667,1,17,18
4,NOR,4.0,4,13.0,Finished,51.0,2024,17,,103.609,,,McLaren,Azerbaijan Grand Prix,4.0,20.0,103.609,2.2439999999999998,3.0,3.0,2.8333333333333335,7.666666666666667,0.1875,199.0,109.5672,2.910533333333319,1.9229999999999876,0.3333333333333335,1,17,17
1,VER,5.0,5,10.0,Finished,51.0,2024,17,,103.097,102.042,102.023,Red Bull Racing,Azerbaijan Grand Prix,5.0,20.0,102.023,0.6580000000000013,4.0,4.0,5.5,7.666666666666667,0.1875,251.0,111.22925,4.572583333333313,0.20999999999999375,-3.0,1,17,16
14,ALO,6.0,6,8.0,Finished,51.0,2024,17,,103.472,102.426,102.369,Aston Martin,Azerbaijan Grand Prix,6.0,20.0,102.369,1.0040000000000049,9.666666666666666,9.666666666666666,12.0,5.666666666666667,0.4375,46.0,111.6038,4.947133333333326,-1.0010000000000048,-4.666666666666668,1,17,15
23,ALB,7.0,7,6.0,Finished,51.0,2024,17,,102.899,102.84,102.859,Williams,Azerbaijan Grand Prix,7.0,20.0,102.84,1.4750000000000085,11.666666666666666,11.666666666666666,13.333333333333334,12.0,0.6875,4.0,110.994,4.337333333333319,0.36700000000000443,-0.3333333333333339,1,17,14
43,COL,8.0,8,4.0,Finished,51.0,2024,17,,103.138,102.473,102.53,Williams,Azerbaijan Grand Prix,8.0,20.0,102.473,1.108000000000004,12.0,12.0,13.333333333333334,,0.0,0.0,111.027625,4.37095833333332,-0.36700000000000443,0.3333333333333339,1,17,13
44,HAM,9.0,9,2.0,Finished,51.0,2024,17,,103.089,102.765,102.289,Mercedes,Azerbaijan Grand Prix,9.0,20.0,102.289,0.9240000000000066,4.666666666666667,4.666666666666667,8.0,8.333333333333334,0.1875,114.0,108.94025,2.2835833333333255,0.41500000000000625,-6.666666666666667,1,17,12
50,BEA,10.0,10,1.0,Finished,51.0,2024,17,,103.471,102.968,,Haas F1 Team,Azerbaijan Grand Prix,10.0,20.0,102.968,1.6030000000000086,7.0,7.0,14.666666666666666,,0.0,6.0,114.2637,7.6070333333333195,-0.13299999999999557,-8.333333333333334,1,17,11
27,HUL,11.0,11,0.0,Finished,51.0,2024,17,,103.101,103.191,,Haas F1 Team,Azerbaijan Grand Prix,11.0,20.0,103.101,1.7360000000000042,15.333333333333334,15.333333333333334,14.666666666666666,17.0,0.5,12.0,113.6611111111111,7.004444444444417,0.13299999999999557,8.333333333333334,1,17,10
10,GAS,12.0,12,0.0,Finished,51.0,2024,17,,,103.179,,Alpine,Azerbaijan Grand Prix,12.0,20.0,103.179,1.8140000000000072,12.333333333333334,12.333333333333334,12.5,7.333333333333333,0.625,8.0,110.33966666666667,3.6829999999999927,-1.3250000000000028,-0.33333333333333215,1,17,9
3,RIC,13.0,13,0.0,Finished,51.0,2024,17,,103.547,,,RB,Azerbaijan Grand Prix,13.0,20.0,103.547,2.182000000000002,11.666666666666666,11.666666666666666,14.666666666666666,8.5,0.6875,7.0,111.84244444444444,5.1857777777777585,0.5120000000000005,-6.000000000000002,1,17,8
24,ZHO,14.0,14,0.0,Finished,51.0,2024,17,,104.246,,,Kick Sauber,Azerbaijan Grand Prix,14.0,20.0,104.246,2.8810000000000002,19.333333333333332,19.333333333333332,18.0,20.0,0.875,0.0,112.8315,6.174833333333325,0.6280000000000001,2.6666666666666643,1,17,7
31,OCO,15.0,15,0.0,Lapped,50.0,2024,17,,104.504,,,Alpine,Azerbaijan Grand Prix,15.0,20.0,104.504,3.13900000000001,12.666666666666666,12.666666666666666,12.5,15.0,0.625,5.0,111.7228,5.066133333333326,1.3250000000000028,0.33333333333333215,1,17,6
77,BOT,16.0,16,0.0,Lapped,50.0,2024,17,,103.618,,,Kick Sauber,Azerbaijan Grand Prix,16.0,20.0,103.618,2.253,16.666666666666668,16.666666666666668,18.0,13.666666666666666,0.8125,0.0,113.39933333333336,6.742666666666679,-0.6280000000000001,-2.6666666666666643,1,17,5
11,PER,17.0,17,0.0,Retired,49.0,2024,17,,103.213,102.263,101.813,Red Bull Racing,Azerbaijan Grand Prix,17.0,20.0,101.813,0.4480000000000075,7.0,7.0,5.5,1.3333333333333333,0.25,124.0,109.570125,2.913458333333324,-0.20999999999999375,3.0,1,17,4
55,SAI,18.0,18,0.0,Retired,49.0,2024,17,,103.357,102.503,101.805,Ferrari,Azerbaijan Grand Prix,18.0,20.0,101.805,0.44000000000001194,5.0,5.0,3.6666666666666665,11.0,0.2,153.0,114.77625,8.119583333333324,0.44000000000001194,2.6666666666666665,1,17,3
18,STR,19.0,19,0.0,Retired,45.0,2024,17,,103.37,103.404,,Aston Martin,Azerbaijan Grand Prix,19.0,20.0,103.37,2.0050000000000097,14.333333333333334,14.333333333333334,12.0,14.333333333333334,0.5625,17.0,106.65666666666668,0.0,1.0010000000000048,4.666666666666668,1,17,2
22,TSU,20.0,R,0.0,Retired,14.0,2024,17,,103.337,103.035,,RB,Azerbaijan Grand Prix,20.0,20.0,103.035,1.6700000000000017,17.666666666666668,17.666666666666668,14.666666666666666,10.0,0.75,18.0,111.1458888888889,4.4892222222222244,-0.5120000000000005,6.000000000000002,1,17,1
4,NOR,1.0,1,25.0,Finished,62.0,2024,18,,90.002,90.007,89.525,McLaren,Singapore Grand Prix,1.0,20.0,89.525,0.0,2.6666666666666665,3.25,2.75,3.0,0.17647058823529413,212.0,97.6212857142857,3.997952380952384,-0.11499999999999488,1.0,1,18,20
1,VER,2.0,2,18.0,Finished,62.0,2024,18,,90.157,89.68,89.728,Red Bull Racing,Singapore Grand Prix,2.0,20.0,89.68,0.15500000000000114,4.333333333333333,4.25,6.875,6.0,0.17647058823529413,261.0,104.53025,10.906916666666675,-0.8989999999999867,-5.25,1,18,19
81,PIA,3.0,3,15.0,Finished,62.0,2024,18,,90.258,89.64,89.953,McLaren,Singapore Grand Prix,3.0,20.0,89.64,0.11499999999999488,2.3333333333333335,2.25,2.75,7.0,0.11764705882352941,173.0,107.53666666666668,13.913333333333355,0.11499999999999488,-1.0,1,18,18
63,RUS,4.0,4,12.0,Finished,62.0,2024,18,,90.811,90.153,89.867,Mercedes,Singapore Grand Prix,4.0,20.0,89.867,0.34199999999999875,5.666666666666667,9.25,7.5,15.0,0.23529411764705882,132.0,100.7885,7.1651666666666785,0.02600000000001046,3.5,1,18,17
16,LEC,5.0,5,10.0,Finished,62.0,2024,18,,90.786,89.747,,Ferrari,Singapore Grand Prix,5.0,20.0,89.747,0.2219999999999942,2.0,2.25,5.25,3.0,0.17647058823529413,209.0,102.8022,9.178866666666678,-0.3610000000000042,-6.0,1,18,16
44,HAM,6.0,6,8.0,Finished,62.0,2024,18,,90.393,89.929,89.841,Mercedes,Singapore Grand Prix,6.0,20.0,89.841,0.3159999999999883,7.333333333333333,5.75,7.5,6.0,0.17647058823529413,116.0,100.192,6.568666666666672,-0.02600000000001046,-3.5,1,18,15
55,SAI,7.0,7,6.0,Finished,62.0,2024,18,,90.67,90.108,,Ferrari,Singapore Grand Prix,7.0,20.0,90.108,0.5829999999999984,9.0,8.25,5.25,2.0,0.25,153.0,99.77157142857142,6.148238095238099,0.3610000000000042,6.0,1,18,14
14,ALO,8.0,8,4.0,Lapped,61.0,2024,18,,90.684,90.45,90.214,Aston Martin,Singapore Grand Prix,8.0,20.0,90.214,0.688999999999993,9.0,8.75,12.125,17.5,0.4117647058823529,54.0,100.59042857142856,6.96709523809524,-0.8799999999999955,-6.75,1,18,13
27,HUL,9.0,9,2.0,Lapped,61.0,2024,18,,90.724,90.15,90.115,Haas F1 Team,Singapore Grand Prix,9.0,20.0,90.115,0.5899999999999892,13.0,14.25,13.625,13.0,0.47058823529411764,12.0,103.50572727272728,9.882393939393964,-0.5380000000000109,0.25,1,18,12
11,PER,10.0,10,1.0,Lapped,61.0,2024,18,,90.624,90.579,,Red Bull Racing,Singapore Grand Prix,10.0,20.0,90.579,1.0539999999999878,10.333333333333334,9.5,6.875,4.5,0.29411764705882354,124.0,99.86342857142856,6.240095238095236,0.8989999999999867,5.25,1,18,11
43,COL,11.0,11,0.0,Lapped,61.0,2024,18,,90.704,90.481,,Williams,Singapore Grand Prix,11.0,20.0,90.481,0.9559999999999889,10.0,10.0,11.875,,0.0,4.0,103.5133,9.88996666666668,0.006999999999990791,-0.5,1,18,10
22,TSU,12.0,12,0.0,Lapped,61.0,2024,18,,90.716,90.289,90.354,RB,Singapore Grand Prix,12.0,20.0,90.289,0.7639999999999958,19.0,18.25,15.125,20.0,0.7647058823529411,18.0,99.9863,6.362966666666679,-0.7959999999999923,6.25,1,18,9
31,OCO,13.0,13,0.0,Lapped,61.0,2024,18,,90.958,90.769,,Alpine,Singapore Grand Prix,13.0,20.0,90.769,1.2439999999999998,14.666666666666666,13.25,12.75,20.0,0.6470588235294118,5.0,101.4008,7.777466666666683,-0.5429999999999922,1.0,1,18,8
18,STR,14.0,14,0.0,Lapped,61.0,2024,18,,91.094,,,Aston Martin,Singapore Grand Prix,14.0,20.0,91.094,1.5689999999999884,17.0,15.5,12.125,13.0,0.5882352941176471,17.0,93.62333333333332,0.0,0.8799999999999955,6.75,1,18,7
24,ZHO,15.0,15,0.0,Lapped,61.0,2024,18,,92.054,,,Kick Sauber,Singapore Grand Prix,15.0,20.0,92.054,2.5289999999999964,17.333333333333332,18.0,17.25,16.0,0.8235294117647058,0.0,99.989875,6.366541666666677,0.4819999999999993,1.5,1,18,6
77,BOT,16.0,16,0.0,Lapped,61.0,2024,18,,91.572,,,Kick Sauber,Singapore Grand Prix,16.0,20.0,91.572,2.046999999999997,17.0,16.5,17.25,15.5,0.8235294117647058,0.0,101.96311111111112,8.339777777777797,-0.4819999999999993,-1.5,1,18,5
10,GAS,17.0,17,0.0,Lapped,61.0,2024,18,,91.312,,,Alpine,Singapore Grand Prix,17.0,20.0,91.312,1.786999999999992,12.0,12.25,12.75,8.0,0.5882352941176471,8.0,98.8247,5.2013666666666865,0.5429999999999922,-1.0,1,18,4
3,RIC,18.0,18,0.0,Lapped,61.0,2024,18,,91.085,,,RB,Singapore Grand Prix,18.0,20.0,91.085,1.559999999999988,12.666666666666666,12.0,15.125,5.0,0.6470588235294118,7.0,104.99116666666669,11.367833333333365,0.7959999999999923,-6.25,1,18,3
20,MAG,19.0,19,0.0,Retired,57.0,2024,18,,90.829,90.653,,Haas F1 Team,Singapore Grand Prix,19.0,20.0,90.653,1.1280000000000001,14.0,14.0,13.625,11.0,0.5625,6.0,99.92444444444445,6.301111111111126,0.5380000000000109,-0.25,1,18,2
23,ALB,20.0,R,0.0,Retired,15.0,2024,18,,90.679,90.474,,Williams,Singapore Grand Prix,20.0,20.0,90.474,0.9489999999999981,10.0,10.5,11.875,15.5,0.6470588235294118,10.0,98.41314285714286,4.789809523809538,-0.006999999999990791,0.5,1,18,1
16,LEC,1.0,1,25.0,Finished,56.0,2024,19,,93.241,92.962,92.74,Ferrari,United States Grand Prix,1.0,20.0,92.74,0.4099999999999966,2.6666666666666665,2.8,5.4,9.0,0.16666666666666666,219.0,,,0.08799999999999386,-5.2,1,19,20
55,SAI,2.0,2,18.0,Finished,56.0,2024,19,,93.556,92.836,92.652,Ferrari,United States Grand Prix,2.0,20.0,92.652,0.32200000000000273,9.666666666666666,8.0,5.4,10.0,0.23529411764705882,159.0,,,-0.08799999999999386,5.2,1,19,19
1,VER,3.0,3,15.0,Finished,56.0,2024,19,,93.046,92.584,92.361,Red Bull Racing,United States Grand Prix,3.0,20.0,92.361,0.03100000000000591,4.333333333333333,3.8,6.7,1.0,0.16666666666666666,279.0,,,-0.6589999999999918,-5.8,1,19,18
4,NOR,4.0,4,12.0,Finished,56.0,2024,19,,93.616,92.851,92.33,McLaren,United States Grand Prix,4.0,20.0,92.33,0.0,2.6666666666666665,2.8,2.6,5.333333333333333,0.16666666666666666,237.0,,,-0.6200000000000045,0.3999999999999999,1,19,17
81,PIA,5.0,5,10.0,Finished,56.0,2024,19,,93.864,93.057,92.95,McLaren,United States Grand Prix,5.0,20.0,92.95,0.6200000000000045,2.0,2.4,2.6,20.0,0.1111111111111111,188.0,,,0.6200000000000045,-0.3999999999999999,1,19,16
63,RUS,6.0,6,8.0,Finished,56.0,2024,19,,93.536,93.142,92.974,Mercedes,United States Grand Prix,6.0,20.0,92.974,0.6440000000000055,4.666666666666667,8.2,7.0,8.0,0.2222222222222222,144.0,,,-1.1799999999999926,2.3999999999999995,1,19,15
11,PER,7.0,7,6.0,Finished,56.0,2024,19,,93.611,93.02,,Red Bull Racing,United States Grand Prix,7.0,20.0,93.02,0.6899999999999977,11.666666666666666,9.6,6.7,3.6666666666666665,0.3333333333333333,125.0,,,0.6589999999999918,5.8,1,19,14
27,HUL,8.0,8,4.0,Finished,56.0,2024,19,,93.601,93.544,,Haas F1 Team,United States Grand Prix,8.0,20.0,93.544,1.2139999999999986,12.333333333333334,13.2,13.7,11.0,0.5,14.0,,,0.06999999999999318,-2.0500000000000007,1,19,13
30,LAW,9.0,9,2.0,Finished,56.0,2024,19,,93.339,,,RB,United States Grand Prix,9.0,20.0,93.339,1.0090000000000003,12.333333333333334,12.2,15.1,,0.4,2.0,,,-0.1670000000000016,-4.800000000000001,1,19,12
43,COL,10.0,10,1.0,Finished,56.0,2024,19,,94.062,,,Williams,United States Grand Prix,10.0,20.0,94.062,1.7319999999999993,10.333333333333334,10.333333333333334,12.6,,0.3333333333333333,4.0,,,0.01099999999999568,-2.0666666666666664,1,19,11
20,MAG,11.0,11,0.0,Finished,56.0,2024,19,,93.564,93.474,93.481,Haas F1 Team,United States Grand Prix,11.0,20.0,93.474,1.1440000000000055,15.666666666666666,15.25,13.7,11.5,0.5882352941176471,6.0,,,-0.06999999999999318,2.0500000000000007,1,19,10
10,GAS,12.0,12,0.0,Finished,56.0,2024,19,,93.55,93.162,93.018,Alpine,United States Grand Prix,12.0,20.0,93.018,0.6880000000000024,14.666666666666666,13.2,13.2,13.333333333333334,0.6111111111111112,8.0,,,-0.5789999999999935,0.0,1,19,9
14,ALO,13.0,13,0.0,Lapped,55.0,2024,19,,93.973,93.429,93.309,Aston Martin,United States Grand Prix,13.0,20.0,93.309,0.9789999999999992,8.333333333333334,8.6,11.9,15.666666666666666,0.4444444444444444,58.0,,,-0.45000000000000284,-6.6,1,19,8
22,TSU,14.0,14,0.0,Lapped,55.0,2024,19,,93.795,93.506,,RB,United States Grand Prix,14.0,20.0,93.506,1.176000000000002,17.333333333333332,17.0,15.1,9.0,0.7777777777777778,18.0,,,0.1670000000000016,4.800000000000001,1,19,7
18,STR,15.0,15,0.0,Lapped,55.0,2024,19,,94.033,93.759,,Aston Martin,United States Grand Prix,15.0,20.0,93.759,1.429000000000002,17.333333333333332,15.2,11.9,13.0,0.6111111111111112,17.0,,,0.45000000000000284,6.6,1,19,6
23,ALB,16.0,16,0.0,Lapped,55.0,2024,19,,94.051,,,Williams,United States Grand Prix,16.0,20.0,94.051,1.7210000000000036,12.0,12.4,12.6,11.0,0.6666666666666666,10.0,,,-0.01099999999999568,2.0666666666666664,1,19,5
77,BOT,17.0,17,0.0,Lapped,55.0,2024,19,,94.152,,,Kick Sauber,United States Grand Prix,17.0,20.0,94.152,1.8220000000000027,16.0,16.4,16.9,12.666666666666666,0.8333333333333334,0.0,,,-0.0759999999999934,-1.0,1,19,4
31,OCO,18.0,18,0.0,Lapped,55.0,2024,19,,93.986,93.597,,Alpine,United States Grand Prix,18.0,20.0,93.597,1.266999999999996,14.0,13.2,13.2,17.0,0.6666666666666666,5.0,,,0.5789999999999935,0.0,1,19,3
24,ZHO,19.0,19,0.0,Lapped,55.0,2024,19,,94.228,,,Kick Sauber,United States Grand Prix,19.0,20.0,94.228,1.8979999999999961,15.666666666666666,17.4,16.9,12.5,0.8333333333333334,0.0,,,0.0759999999999934,1.0,1,19,2
44,HAM,20.0,R,0.0,Retired,1.0,2024,19,,94.154,,,Mercedes,United States Grand Prix,20.0,20.0,94.154,1.823999999999998,6.666666666666667,5.8,7.0,7.666666666666667,0.16666666666666666,124.0,,,1.1799999999999926,-2.3999999999999995,1,19,1
55,SAI,1.0,1,25.0,Finished,71.0,2024,20,,76.778,76.515,75.946,Ferrari,Mexico City Grand Prix,1.0,20.0,75.946,0.0,9.0,7.2,4.8,5.0,0.2222222222222222,177.0,81.97888888888889,0.3235555555555578,-0.3190000000000026,4.800000000000001,1,20,20
4,NOR,2.0,2,18.0,Finished,71.0,2024,20,,76.505,76.301,76.26,McLaren,Mexico City Grand Prix,2.0,20.0,76.26,0.31400000000000716,3.0,2.6,2.8,8.0,0.15789473684210525,249.0,81.76414285714286,0.10880952380952635,-1.336999999999989,-0.3999999999999999,1,20,19
16,LEC,3.0,3,16.0,Finished,71.0,2024,20,,76.972,76.641,76.265,Ferrari,Mexico City Grand Prix,3.0,20.0,76.265,0.3190000000000026,2.6666666666666665,2.4,4.8,4.666666666666667,0.15789473684210525,244.0,81.65533333333333,0.0,0.3190000000000026,-4.800000000000001,1,20,18
44,HAM,4.0,4,12.0,Finished,71.0,2024,20,,77.306,76.973,76.651,Mercedes,Mexico City Grand Prix,4.0,20.0,76.651,0.7049999999999983,11.666666666666666,9.6,7.5,2.0,0.21052631578947367,124.0,81.95314285714286,0.2978095238095335,0.2950000000000017,4.199999999999999,1,20,17
63,RUS,5.0,5,10.0,Finished,71.0,2024,20,,77.194,76.937,76.356,Mercedes,Mexico City Grand Prix,5.0,20.0,76.356,0.4099999999999966,4.333333333333333,5.4,7.5,8.666666666666666,0.21052631578947367,152.0,,,-0.2950000000000017,-4.199999999999999,1,20,16
1,VER,6.0,6,8.0,Finished,71.0,2024,20,,76.803,76.514,76.171,Red Bull Racing,Mexico City Grand Prix,6.0,20.0,76.171,0.22500000000000853,3.3333333333333335,3.6,6.6,1.0,0.15789473684210525,294.0,,,-1.4399999999999977,-6.0,1,20,15
20,MAG,7.0,7,6.0,Finished,71.0,2024,20,,77.125,77.003,76.886,Haas F1 Team,Mexico City Grand Prix,7.0,20.0,76.886,0.9399999999999977,13.333333333333334,14.4,12.4,18.5,0.5555555555555556,6.0,83.199,1.5436666666666667,-0.10900000000000887,3.200000000000001,1,20,14
81,PIA,8.0,8,4.0,Finished,71.0,2024,20,,77.597,,,McLaren,Mexico City Grand Prix,8.0,20.0,77.597,1.6509999999999962,3.0,3.0,2.8,8.0,0.10526315789473684,198.0,81.70657142857144,0.051238095238105075,1.336999999999989,0.3999999999999999,1,20,13
27,HUL,9.0,9,2.0,Lapped,70.0,2024,20,,77.186,76.995,77.365,Haas F1 Team,Mexico City Grand Prix,9.0,20.0,76.995,1.0490000000000066,9.333333333333334,11.2,12.4,13.0,0.47368421052631576,18.0,82.66477777777779,1.0094444444444548,0.10900000000000887,-3.200000000000001,1,20,12
10,GAS,10.0,10,1.0,Lapped,70.0,2024,20,,77.149,77.048,76.892,Alpine,Mexico City Grand Prix,10.0,20.0,76.892,0.945999999999998,13.666666666666666,13.0,14.0,8.666666666666666,0.5789473684210527,8.0,82.46842857142859,0.8130952380952579,-0.7250000000000085,-2.0,1,20,11
18,STR,11.0,11,0.0,Lapped,70.0,2024,20,,77.407,77.294,,Aston Martin,Mexico City Grand Prix,11.0,20.0,77.294,1.347999999999999,16.0,16.0,12.8,15.333333333333334,0.631578947368421,17.0,82.86933333333333,1.2139999999999986,0.12599999999999056,6.4,1,20,10
43,COL,12.0,12,0.0,Lapped,70.0,2024,20,,77.558,,,Williams,Mexico City Grand Prix,12.0,20.0,77.558,1.612000000000009,9.666666666666666,10.25,12.3,,0.25,5.0,82.83428571428571,1.1789523809523814,0.5700000000000074,-2.9499999999999993,1,20,9
31,OCO,13.0,13,0.0,Lapped,70.0,2024,20,,77.617,,,Alpine,Mexico City Grand Prix,13.0,20.0,77.617,1.6710000000000065,15.333333333333334,15.0,14.0,10.333333333333334,0.6842105263157895,5.0,82.44628571428572,0.7909523809523904,0.7250000000000085,2.0,1,20,8
77,BOT,14.0,14,0.0,Lapped,70.0,2024,20,,77.393,77.817,,Kick Sauber,Mexico City Grand Prix,14.0,20.0,77.393,1.4470000000000027,16.333333333333332,16.8,17.0,13.333333333333334,0.8421052631578947,0.0,82.83085714285714,1.1755238095238099,-0.679000000000002,-0.3999999999999986,1,20,7
24,ZHO,15.0,15,0.0,Lapped,70.0,2024,20,,78.072,,,Kick Sauber,Mexico City Grand Prix,15.0,20.0,78.072,2.1260000000000048,16.0,17.2,17.0,13.5,0.8421052631578947,0.0,83.35842857142858,1.7030952380952442,0.679000000000002,0.3999999999999986,1,20,6
30,LAW,16.0,16,0.0,Lapped,70.0,2024,20,,77.38,77.162,,RB,Mexico City Grand Prix,16.0,20.0,77.162,1.2160000000000082,12.333333333333334,11.4,14.8,,0.0,2.0,82.64385714285713,0.988523809523798,0.03300000000000125,-5.200000000000001,1,20,5
11,PER,17.0,17,0.0,Lapped,70.0,2024,20,,77.611,,,Red Bull Racing,Mexico City Grand Prix,17.0,20.0,77.611,1.6650000000000063,11.333333333333334,9.6,6.6,8.666666666666666,0.3157894736842105,131.0,82.64025000000001,0.9849166666666775,1.4399999999999977,6.0,1,20,4
23,ALB,19.0,R,0.0,Retired,0.0,2024,20,,77.189,76.988,77.065,Williams,Mexico City Grand Prix,20.0,20.0,76.988,1.0420000000000016,14.333333333333334,13.2,12.3,10.5,0.6842105263157895,10.0,,,-0.5700000000000074,2.9499999999999993,1,20,1
14,ALO,18.0,R,0.0,Retired,15.0,2024,20,,77.307,77.168,,Aston Martin,Mexico City Grand Prix,20.0,20.0,77.168,1.2220000000000084,9.0,9.6,12.8,16.0,0.47368421052631576,58.0,83.29483333333333,1.6394999999999982,-0.12599999999999056,-6.4,1,20,1
22,TSU,20.0,R,0.0,Retired,0.0,2024,20,,77.182,77.129,,RB,Mexico City Grand Prix,20.0,20.0,77.129,1.183000000000007,15.333333333333334,16.6,14.8,17.333333333333332,0.7894736842105263,18.0,82.36957142857143,0.7142380952381018,-0.03300000000000125,5.200000000000001,1,20,1
1,VER,1.0,1,26.0,Finished,69.0,2024,21,,88.522,87.771,,Red Bull Racing,São Paulo Grand Prix,1.0,20.0,87.771,4.366,3.6666666666666665,4.4,8.1,3.0,0.15,302.0,,,-0.38700000000000045,-7.4,1,21,20
31,OCO,2.0,2,18.0,Finished,69.0,2024,21,,89.171,86.206,84.475,Alpine,São Paulo Grand Prix,2.0,20.0,84.475,1.0699999999999932,14.666666666666666,14.6,13.9,8.666666666666666,0.7,5.0,,,-4.945000000000007,1.4000000000000004,1,21,19
10,GAS,3.0,3,15.0,Finished,69.0,2024,21,,89.42,89.614,,Alpine,São Paulo Grand Prix,3.0,20.0,89.42,6.015000000000001,13.0,13.2,13.9,9.333333333333334,0.6,9.0,,,4.945000000000007,-1.4000000000000004,1,21,18
63,RUS,4.0,4,12.0,Finished,69.0,2024,21,,89.121,86.307,83.578,Mercedes,São Paulo Grand Prix,4.0,20.0,83.578,0.17300000000000182,5.0,5.0,6.9,11.333333333333334,0.2,162.0,,,-7.572000000000003,-3.8000000000000007,1,21,17
16,LEC,5.0,5,10.0,Finished,69.0,2024,21,,89.839,86.097,84.525,Ferrari,São Paulo Grand Prix,5.0,20.0,84.525,1.1200000000000045,3.0,2.4,4.4,9.666666666666666,0.15,260.0,,,-4.881,-4.0,1,21,16
4,NOR,6.0,6,8.0,Finished,69.0,2024,21,,90.944,84.844,83.405,McLaren,São Paulo Grand Prix,6.0,20.0,83.405,0.0,2.3333333333333335,2.8,3.3,10.666666666666666,0.15,267.0,,,-1.281000000000006,-1.0,1,21,15
22,TSU,7.0,7,6.0,Finished,69.0,2024,21,,89.172,86.464,84.111,RB,São Paulo Grand Prix,7.0,20.0,84.111,0.7060000000000031,15.333333333333334,17.2,15.5,13.666666666666666,0.8,18.0,,,-0.37299999999999045,4.799999999999999,1,21,14
81,PIA,8.0,8,4.0,Finished,69.0,2024,21,,90.114,84.686,84.686,McLaren,São Paulo Grand Prix,8.0,20.0,84.686,1.281000000000006,5.333333333333333,3.8,3.3,14.0,0.1,202.0,,,1.281000000000006,1.0,1,21,13
30,LAW,9.0,9,2.0,Finished,69.0,2024,21,,90.758,85.654,84.484,RB,São Paulo Grand Prix,9.0,20.0,84.484,1.0789999999999935,14.0,12.4,15.5,,0.5,2.0,,,0.37299999999999045,-4.799999999999999,1,21,12
44,HAM,10.0,10,1.0,Finished,69.0,2024,21,,91.15,,,Mercedes,São Paulo Grand Prix,10.0,20.0,91.15,7.7450000000000045,10.0,8.8,6.9,3.6666666666666665,0.2,136.0,,,7.572000000000003,3.8000000000000007,1,21,11
11,PER,11.0,11,0.0,Finished,69.0,2024,21,,90.035,88.158,,Red Bull Racing,São Paulo Grand Prix,11.0,20.0,88.158,4.753,11.333333333333334,11.8,8.1,5.0,0.35,131.0,,,0.38700000000000045,7.4,1,21,10
50,BEA,12.0,12,0.0,Finished,69.0,2024,21,,91.229,,,Haas F1 Team,São Paulo Grand Prix,12.0,20.0,91.229,7.823999999999998,8.5,8.5,11.1,,0.0,7.0,,,-0.39400000000000546,-2.3000000000000007,1,21,9
77,BOT,13.0,13,0.0,Finished,69.0,2024,21,,90.633,86.472,,Kick Sauber,São Paulo Grand Prix,13.0,20.0,86.472,3.066999999999993,15.666666666666666,15.8,16.0,10.666666666666666,0.85,0.0,,,-5.791000000000011,-0.3999999999999986,1,21,8
14,ALO,14.0,14,0.0,Finished,69.0,2024,21,,90.207,88.998,88.998,Aston Martin,São Paulo Grand Prix,14.0,20.0,88.998,5.5930000000000035,13.666666666666666,11.6,13.6,5.666666666666667,0.5,58.0,,,2.6640000000000015,-4.0,1,21,7
24,ZHO,15.0,15,0.0,Finished,69.0,2024,21,,92.263,,,Kick Sauber,São Paulo Grand Prix,15.0,20.0,92.263,8.858000000000004,16.333333333333332,16.2,16.0,16.0,0.85,0.0,,,5.791000000000011,0.3999999999999986,1,21,6
23,ALB,18.0,W,0.0,Did not start,0.0,2024,21,,89.072,84.657,84.657,Williams,São Paulo Grand Prix,20.0,20.0,84.657,1.2519999999999953,18.666666666666668,14.4,12.5,17.5,0.7,10.0,,,-6.6129999999999995,3.8000000000000007,1,21,1
43,COL,17.0,R,0.0,Retired,30.0,2024,21,,91.27,,,Williams,São Paulo Grand Prix,20.0,20.0,91.27,7.864999999999995,11.0,10.6,12.5,,0.4,5.0,,,6.6129999999999995,-3.8000000000000007,1,21,1
27,HUL,20.0,D,0.0,Disqualified,0.0,2024,21,,91.623,,,Haas F1 Team,São Paulo Grand Prix,20.0,20.0,91.623,8.218000000000004,8.666666666666666,10.8,11.1,12.0,0.5,20.0,,,0.39400000000000546,2.3000000000000007,1,21,1
55,SAI,16.0,R,0.0,Retired,38.0,2024,21,,90.303,89.406,,Ferrari,São Paulo Grand Prix,20.0,20.0,89.406,6.001000000000005,3.3333333333333335,6.4,4.4,5.0,0.21052631578947367,202.0,,,4.881,4.0,1,21,1
18,STR,19.0,W,0.0,Did not start,0.0,2024,21,,90.58,86.334,,Aston Martin,São Paulo Grand Prix,20.0,20.0,86.334,2.929000000000002,13.333333333333334,15.6,13.6,11.666666666666666,0.65,17.0,,,-2.6640000000000015,4.0,1,21,1
23,ALB,,,,,,2024,22,,94.425,,,Williams,Las Vegas Grand Prix,,20.0,94.425,2.1129999999999995,18.666666666666668,16.6,14.4,12.0,0.7142857142857143,10.0,,,0.679000000000002,4.400000000000002,1,22,0
14,ALO,,,,,,2024,22,,94.258,,,Aston Martin,Las Vegas Grand Prix,,20.0,94.258,1.945999999999998,15.666666666666666,12.2,14.0,9.0,0.47619047619047616,58.0,103.51366666666668,4.9066666666666805,-0.2259999999999991,-3.6000000000000014,1,22,0
77,BOT,,,,,,2024,22,,94.43,,,Kick Sauber,Las Vegas Grand Prix,,20.0,94.43,2.118000000000009,14.666666666666666,15.2,15.4,17.0,0.8095238095238095,0.0,105.341,6.733999999999995,0.8640000000000043,-0.40000000000000036,1,22,0
43,COL,,,,,,2024,22,,93.746,93.749,,Williams,Las Vegas Grand Prix,,20.0,93.746,1.4339999999999975,14.0,12.2,14.4,,0.5,5.0,102.51857142857143,3.9115714285714347,-0.679000000000002,-4.400000000000002,1,22,0
10,GAS,,,,,,2024,22,,93.691,92.879,92.664,Alpine,Las Vegas Grand Prix,,20.0,92.664,0.35200000000000387,8.333333333333334,10.8,11.5,11.0,0.5714285714285714,24.0,104.0203,5.413300000000007,-0.5570000000000022,-1.3999999999999986,1,22,0
44,HAM,,,,,,2024,22,,93.225,92.567,108.106,Mercedes,Las Vegas Grand Prix,,20.0,92.567,0.25499999999999545,11.333333333333334,9.8,7.1,7.0,0.19047619047619047,137.0,103.0155,4.408500000000004,0.25499999999999545,5.4,1,22,0
27,HUL,,,,,,2024,22,,93.92,93.114,93.062,Haas F1 Team,Las Vegas Grand Prix,,20.0,93.062,0.75,12.333333333333334,11.4,11.6,19.0,0.5238095238095238,20.0,102.92588888888888,4.318888888888878,-0.23499999999999943,-1.5999999999999996,1,22,0
30,LAW,,,,,,2024,22,,94.087,94.257,,RB,Las Vegas Grand Prix,,20.0,94.087,1.7750000000000057,11.333333333333334,12.4,13.8,,0.3333333333333333,4.0,106.536,7.929000000000002,1.058000000000007,-2.1999999999999993,1,22,0
16,LEC,,,,,,2024,22,,93.446,93.016,92.783,Ferrari,Las Vegas Grand Prix,,20.0,92.783,0.47100000000000364,3.0,3.2,6.4,2.0,0.14285714285714285,270.0,100.61133333333332,2.004333333333321,0.37300000000000466,-6.3999999999999995,1,22,0
20,MAG,,,,,,2024,22,,93.991,93.297,,Haas F1 Team,Las Vegas Grand Prix,,20.0,93.297,0.9849999999999994,12.333333333333334,13.0,11.6,13.0,0.5263157894736842,12.0,107.0065,8.399500000000003,0.23499999999999943,1.5999999999999996,1,22,0
4,NOR,,,,,,2024,22,,93.592,93.099,93.008,McLaren,Las Vegas Grand Prix,,20.0,93.008,0.695999999999998,4.0,3.4,4.2,20.0,0.14285714285714285,275.0,101.54116666666664,2.9341666666666413,-0.016000000000005343,-1.6,1,22,0
31,OCO,,,,,,2024,22,,93.968,93.221,,Alpine,Las Vegas Grand Prix,,20.0,93.221,0.909000000000006,11.0,12.2,11.5,4.0,0.6666666666666666,23.0,100.180375,1.5733749999999986,0.5570000000000022,1.3999999999999986,1,22,0
11,PER,,,,,,2024,22,,94.155,,,Red Bull Racing,Las Vegas Grand Prix,,20.0,94.155,1.8430000000000035,11.666666666666666,12.4,7.9,3.0,0.3333333333333333,131.0,99.051,0.4440000000000026,1.358000000000004,9.0,1,22,0
81,PIA,,,,,,2024,22,,93.45,93.024,93.033,McLaren,Las Vegas Grand Prix,,20.0,93.024,0.7120000000000033,7.0,5.0,4.2,10.0,0.09523809523809523,206.0,98.607,0.0,0.016000000000005343,1.6,1,22,0
63,RUS,,,,,,2024,22,,93.186,92.779,92.312,Mercedes,Las Vegas Grand Prix,,20.0,92.312,0.0,5.0,4.4,7.1,8.0,0.19047619047619047,174.0,99.188,0.5810000000000031,-0.25499999999999545,-5.4,1,22,0
55,SAI,,,,,,2024,22,,93.484,92.711,92.41,Ferrari,Las Vegas Grand Prix,,20.0,92.41,0.09799999999999898,7.666666666666667,9.6,6.4,6.0,0.25,202.0,102.6782222222222,4.071222222222204,-0.37300000000000466,6.3999999999999995,1,22,0
18,STR,,,,,,2024,22,,94.484,,,Aston Martin,Las Vegas Grand Prix,,20.0,94.484,2.171999999999997,15.333333333333334,15.8,14.0,5.0,0.6666666666666666,17.0,101.819,3.2120000000000033,0.2259999999999991,3.6000000000000014,1,22,0
22,TSU,,,,,,2024,22,,93.789,93.089,93.029,RB,Las Vegas Grand Prix,,20.0,93.029,0.7169999999999987,13.666666666666666,14.6,13.8,18.0,0.7619047619047619,24.0,103.5825,4.975499999999997,-1.058000000000007,2.1999999999999993,1,22,0
1,VER,,,,,,2024,22,,93.299,93.085,92.797,Red Bull Racing,Las Vegas Grand Prix,,20.0,92.797,0.48499999999999943,3.3333333333333335,3.4,7.9,1.0,0.14285714285714285,328.0,105.11977777777776,6.512777777777757,-1.358000000000004,-9.0,1,22,0
24,ZHO,,,,,,2024,22,,94.079,93.566,,Kick Sauber,Las Vegas Grand Prix,,20.0,93.566,1.2540000000000049,16.333333333333332,15.6,15.4,15.0,0.8095238095238095,0.0,103.75744444444446,5.15044444444446,-0.8640000000000043,0.40000000000000036,1,22,0
1,VER,1.0,1,25.0,Finished,57.0,2024,23,,81.579,80.687,80.52,Red Bull Racing,Qatar Grand Prix,1.0,20.0,80.52,0.0,3.5,3.0,7.125,1.5,0.18181818181818182,0.0,,,-0.9050000000000011,-8.25,1,23,20
16,LEC,2.0,2,18.0,Finished,57.0,2024,23,,81.278,81.0,80.852,Ferrari,Qatar Grand Prix,2.0,20.0,80.852,0.33200000000000784,4.0,3.5,5.5,6.5,0.18181818181818182,0.0,,,-0.18899999999999295,-4.0,1,23,19
81,PIA,3.0,3,15.0,Finished,57.0,2024,23,,81.821,81.121,80.829,McLaren,Qatar Grand Prix,3.0,20.0,80.829,0.3089999999999975,8.0,6.0,4.625,2.0,0.13636363636363635,0.0,,,0.05699999999998795,2.75,1,23,18
63,RUS,4.0,4,12.0,Finished,57.0,2024,23,,81.241,81.069,80.575,Mercedes,Qatar Grand Prix,4.0,20.0,80.575,0.05500000000000682,4.5,4.75,7.375,10.5,0.22727272727272727,0.0,,,-0.43599999999999284,-5.25,1,23,17
10,GAS,5.0,5,10.0,Finished,57.0,2024,23,,81.843,81.437,,Alpine,Qatar Grand Prix,5.0,20.0,81.437,0.9170000000000016,6.5,10.5,11.0,11.5,0.5909090909090909,0.0,,,-1.277000000000001,-1.0,1,23,16
55,SAI,6.0,6,8.0,Finished,57.0,2024,23,,81.447,81.199,81.041,Ferrari,Qatar Grand Prix,6.0,20.0,81.041,0.5210000000000008,10.5,7.5,5.5,13.5,0.2857142857142857,0.0,,,0.18899999999999295,4.0,1,23,15
14,ALO,7.0,7,6.0,Finished,57.0,2024,23,,81.608,81.208,81.251,Aston Martin,Qatar Grand Prix,7.0,20.0,81.208,0.6880000000000024,17.0,13.75,14.375,4.5,0.5,0.0,,,-0.703000000000003,-1.25,1,23,14
24,ZHO,8.0,8,4.0,Finished,57.0,2024,23,,82.103,81.501,,Kick Sauber,Qatar Grand Prix,8.0,20.0,81.501,0.9810000000000088,15.0,16.0,15.5,9.0,0.8181818181818182,0.0,,,-0.22999999999998977,1.0,1,23,13
20,MAG,9.0,9,2.0,Finished,57.0,2024,23,,81.891,81.387,81.5,Haas F1 Team,Qatar Grand Prix,9.0,20.0,81.387,0.8670000000000044,9.0,11.75,11.875,14.0,0.55,0.0,,,-1.0549999999999926,0.25,1,23,12
4,NOR,10.0,10,2.0,Finished,57.0,2024,23,,81.578,80.983,80.772,McLaren,Qatar Grand Prix,10.0,20.0,80.772,0.25200000000000955,4.0,3.25,4.625,6.0,0.18181818181818182,0.0,,,-0.05699999999998795,-2.75,1,23,11
77,BOT,11.0,11,0.0,Finished,57.0,2024,23,,81.927,81.731,,Kick Sauber,Qatar Grand Prix,11.0,20.0,81.731,1.2109999999999985,13.5,15.0,15.5,14.0,0.8181818181818182,0.0,,,0.22999999999998977,-1.0,1,23,10
44,HAM,12.0,12,0.0,Finished,57.0,2024,23,,81.637,81.095,81.011,Mercedes,Qatar Grand Prix,12.0,20.0,81.011,0.49099999999999966,7.0,10.0,7.375,10.5,0.22727272727272727,0.0,,,0.43599999999999284,5.25,1,23,9
22,TSU,13.0,13,0.0,Finished,57.0,2024,23,,82.364,81.771,,RB,Qatar Grand Prix,13.0,20.0,81.771,1.2510000000000048,13.5,13.25,13.125,14.0,0.7727272727272727,0.0,,,-0.6400000000000006,0.5,1,23,8
30,LAW,14.0,14,0.0,Finished,57.0,2024,23,,82.411,,,RB,Qatar Grand Prix,14.0,20.0,82.411,1.8910000000000053,12.5,12.75,13.125,17.0,0.5,0.0,,,0.6400000000000006,-0.5,1,23,7
23,ALB,15.0,15,0.0,Lapped,56.0,2024,23,,82.39,,,Williams,Qatar Grand Prix,15.0,20.0,82.39,1.8700000000000045,20.0,19.0,16.125,13.0,0.7272727272727273,0.0,,,-0.20399999999999352,5.75,1,23,6
43,COL,19.0,R,0.0,Retired,0.0,2024,23,,82.594,,,Williams,Qatar Grand Prix,20.0,20.0,82.594,2.073999999999998,16.0,13.25,16.125,,0.5714285714285714,0.0,,,0.20399999999999352,-5.75,1,23,1
27,HUL,16.0,R,0.0,Retired,39.0,2024,23,,82.442,,,Haas F1 Team,Qatar Grand Prix,20.0,20.0,82.442,1.921999999999997,14.5,11.5,11.875,16.0,0.5454545454545454,0.0,,,1.0549999999999926,-0.25,1,23,1
31,OCO,20.0,R,0.0,Retired,0.0,2024,23,,82.714,,,Alpine,Qatar Grand Prix,20.0,20.0,82.714,2.1940000000000026,7.5,11.5,11.0,6.0,0.6818181818181818,0.0,,,1.277000000000001,1.0,1,23,1
11,PER,17.0,R,0.0,Retired,38.0,2024,23,,81.675,81.425,81.425,Red Bull Racing,Qatar Grand Prix,20.0,20.0,81.425,0.9050000000000011,14.0,11.25,7.125,7.0,0.36363636363636365,0.0,,,0.9050000000000011,8.25,1,23,1
18,STR,18.0,R,0.0,Retired,8.0,2024,23,,82.011,81.911,,Aston Martin,Qatar Grand Prix,20.0,20.0,81.911,1.3910000000000053,15.5,15.0,14.375,8.5,0.6818181818181818,0.0,,,0.703000000000003,1.25,1,23,1
23,ALB,,,,,,2024,24,,83.821,,,Williams,Abu Dhabi Grand Prix,,20.0,83.821,1.225999999999999,17.5,17.75,16.625,13.5,0.7391304347826086,10.0,99.3818,9.865300000000005,-0.09100000000000819,2.25,1,24,0
14,ALO,,,,,,2024,24,,83.794,83.268,83.196,Aston Martin,Abu Dhabi Grand Prix,,20.0,83.196,0.6009999999999991,10.5,13.5,15.0,11.666666666666666,0.4782608695652174,64.0,90.31833333333331,0.8018333333333203,-0.5330000000000013,-3.0,1,24,0
77,BOT,,,,,,2024,24,,83.481,83.341,83.204,Kick Sauber,Abu Dhabi Grand Prix,,20.0,83.204,0.6089999999999947,12.0,13.75,14.0,13.333333333333334,0.782608695652174,0.0,92.331,2.8145000000000095,-0.6760000000000019,-0.5,1,24,0
43,COL,,,,,,2024,24,,83.912,,,Williams,Abu Dhabi Grand Prix,,20.0,83.912,1.3170000000000073,20.0,15.5,16.625,,0.625,5.0,110.29975,20.78325000000001,0.09100000000000819,-2.25,1,24,0
61,DOO,,,,,,2024,24,,84.105,,,Alpine,Abu Dhabi Grand Prix,,20.0,84.105,1.5100000000000051,,,10.375,,0.0,0.0,90.4556,0.9391000000000105,1.1210000000000093,,1,24,0
10,GAS,,,,,,2024,24,,83.548,83.086,82.984,Alpine,Abu Dhabi Grand Prix,,20.0,82.984,0.3889999999999958,4.0,7.5,10.375,10.666666666666666,0.5652173913043478,34.0,95.0281111111111,5.511611111111108,-1.1210000000000093,,1,24,0
44,HAM,,,,,,2024,24,,83.887,,,Mercedes,Abu Dhabi Grand Prix,,20.0,83.887,1.2920000000000016,11.0,11.5,8.125,9.666666666666666,0.21739130434782608,137.0,89.85800000000002,0.3415000000000248,0.7549999999999955,6.75,1,24,0
27,HUL,,,,,,2024,24,,83.722,83.04,82.886,Haas F1 Team,Abu Dhabi Grand Prix,,20.0,82.886,0.2909999999999968,20.0,14.25,12.0,15.0,0.5652173913043478,20.0,94.936875,5.420375000000007,-0.7460000000000093,2.75,1,24,0
30,LAW,,,,,,2024,24,,83.733,83.472,,RB,Abu Dhabi Grand Prix,,20.0,83.472,0.8769999999999953,11.5,12.0,12.75,,0.4,4.0,97.24271428571429,7.726214285714292,0.05299999999999727,-1.5,1,24,0
16,LEC,,,,,,2024,24,,83.302,83.833,,Ferrari,Abu Dhabi Grand Prix,,20.0,83.302,0.7070000000000078,3.5,2.75,5.0,4.666666666666667,0.17391304347826086,288.0,95.7512,6.234700000000004,0.47800000000000864,-4.5,1,24,0
20,MAG,,,,,,2024,24,,83.632,83.877,,Haas F1 Team,Abu Dhabi Grand Prix,,20.0,83.632,1.0370000000000061,8.0,11.5,12.0,18.5,0.5238095238095238,14.0,93.70255555555556,4.186055555555569,0.7460000000000093,-2.75,1,24,0
4,NOR,,,,,,2024,24,,83.682,83.098,82.595,McLaren,Abu Dhabi Grand Prix,,20.0,82.595,0.0,8.0,5.5,5.75,6.0,0.17391304347826086,277.0,89.62566666666667,0.10916666666668107,-0.20900000000000318,-0.5,1,24,0
11,PER,,,,,,2024,24,,83.559,83.379,83.264,Red Bull Racing,Abu Dhabi Grand Prix,,20.0,83.264,0.6689999999999969,15.5,13.75,8.25,7.333333333333333,0.391304347826087,131.0,94.73211111111112,5.21561111111113,0.3190000000000026,11.0,1,24,0
81,PIA,,,,,,2024,24,,83.64,83.199,82.804,McLaren,Abu Dhabi Grand Prix,,20.0,82.804,0.20900000000000318,5.5,6.0,5.75,6.0,0.13043478260869565,221.0,89.5165,0.0,0.20900000000000318,0.5,1,24,0
63,RUS,,,,,,2024,24,,83.678,83.283,83.132,Mercedes,Abu Dhabi Grand Prix,,20.0,83.132,0.5370000000000061,4.0,4.75,8.125,9.333333333333334,0.21739130434782608,186.0,89.93671428571429,0.42021428571429453,-0.7549999999999955,-6.75,1,24,0
55,SAI,,,,,,2024,24,,83.487,82.985,82.824,Ferrari,Abu Dhabi Grand Prix,,20.0,82.824,0.2289999999999992,13.0,7.25,5.0,8.333333333333334,0.2727272727272727,210.0,95.116,5.599500000000006,-0.47800000000000864,4.5,1,24,0
18,STR,,,,,,2024,24,,83.729,83.784,,Aston Martin,Abu Dhabi Grand Prix,,20.0,83.729,1.1340000000000003,20.0,16.5,15.0,10.333333333333334,0.6956521739130435,17.0,95.01422222222224,5.497722222222251,0.5330000000000013,3.0,1,24,0
22,TSU,,,,,,2024,24,,83.735,83.419,,RB,Abu Dhabi Grand Prix,,20.0,83.419,0.8239999999999981,10.0,13.5,12.75,7.666666666666667,0.7391304347826086,24.0,94.886,5.369500000000002,-0.05299999999999727,1.5,1,24,0
1,VER,,,,,,2024,24,,83.516,82.998,82.945,Red Bull Racing,Abu Dhabi Grand Prix,,20.0,82.945,0.3499999999999943,1.0,2.75,8.25,1.0,0.17391304347826086,353.0,95.34381818181818,5.827318181818185,-0.3190000000000026,-11.0,1,24,0
24,ZHO,,,,,,2024,24,,83.88,,,Kick Sauber,Abu Dhabi Grand Prix,,20.0,83.88,1.2849999999999966,11.5,14.25,14.0,14.5,0.782608695652174,4.0,93.438,3.921500000000009,0.6760000000000019,0.5,1,24,0
